order_id,order_date,order_value,category,payment_method,customer_age_days,past_orders,past_return_rate,address_mismatch,delivery_days,orders_last_24h,discount_pct,returned
R02316,2025-01-01,2634,Electronics,COD,790,10,0.212,0,1,1,20,0
R04627,2025-01-01,1732,Books,Prepaid,122,5,0.253,0,12,1,70,0
R01237,2025-01-01,667,Electronics,Prepaid,323,3,0.119,0,2,1,0,0
R00846,2025-01-01,953,Electronics,Prepaid,874,13,0.23,0,9,3,10,0
R04691,2025-01-01,515,Clothing,COD,620,9,0.339,0,12,1,5,1
R02259,2025-01-01,1018,Electronics,Prepaid,964,7,0.138,0,3,1,70,0
R01913,2025-01-01,1510,Electronics,Prepaid,157,8,0.314,0,8,1,0,1
R02628,2025-01-01,2153,Beauty,Prepaid,641,9,0.248,0,3,3,0,1
R03234,2025-01-01,701,Clothing,COD,494,4,0.194,1,5,2,20,0
R03217,2025-01-01,3310,Electronics,COD,266,4,0.102,1,9,1,10,0
R03191,2025-01-01,2413,Beauty,Prepaid,156,5,0.213,0,5,2,0,0
R01949,2025-01-01,704,Home,Prepaid,671,6,0.658,1,7,1,0,1
R05083,2025-01-01,431,Clothing,COD,533,5,0.158,1,5,2,10,1
R01996,2025-01-01,1052,Clothing,Prepaid,911,5,0.15,1,12,2,30,0
R00901,2025-01-01,2090,Clothing,COD,598,6,0.151,0,4,1,10,0
R02646,2025-01-01,3156,Clothing,COD,547,1,0.237,0,9,2,0,0
R05170,2025-01-01,1142,Electronics,Prepaid,206,9,0.276,0,11,1,20,0
R05462,2025-01-01,695,Home,Prepaid,817,7,0.046,0,8,2,0,0
R02789,2025-01-01,2290,Beauty,Prepaid,190,6,0.486,1,5,1,0,0
R05297,2025-01-01,662,Home,COD,739,8,0.301,0,10,1,0,0
R04598,2025-01-01,189,Home,Prepaid,359,9,0.127,1,8,4,10,0
R02442,2025-01-01,347,Beauty,COD,69,3,0.121,0,3,1,0,0
R00845,2025-01-01,2031,Books,COD,248,6,0.159,0,5,1,20,0
R04111,2025-01-01,413,Books,COD,70,3,0.027,0,11,1,10,0
R01294,2025-01-01,461,Home,COD,991,3,0.61,0,7,1,10,0
R01550,2025-01-01,557,Clothing,Prepaid,270,8,0.411,0,9,1,0,0
R01739,2025-01-01,1460,Clothing,Prepaid,293,3,0.224,0,3,2,0,1
R05760,2025-01-01,1394,Clothing,COD,345,6,0.234,0,1,1,70,1
R00381,2025-01-01,1297,Clothing,Prepaid,532,4,0.372,1,10,4,0,1
R00773,2025-01-01,2080,Home,Prepaid,901,1,0.297,0,12,2,20,0
R01409,2025-01-01,555,Beauty,Prepaid,798,7,0.011,0,1,2,10,0
R01622,2025-01-01,1079,Books,COD,597,6,0.093,1,8,1,0,0
R01488,2025-01-01,877,Clothing,COD,136,4,0.108,0,11,2,10,0
R03674,2025-01-01,5582,Electronics,Prepaid,622,5,0.596,0,5,2,10,0
R01482,2025-01-01,259,Home,COD,620,8,0.529,0,7,2,10,1
R00303,2025-01-02,482,Clothing,COD,500,9,0.365,0,11,2,0,1
R01279,2025-01-02,1334,Clothing,COD,851,3,0.09,0,7,1,5,0
R04131,2025-01-02,389,Electronics,Prepaid,864,4,0.013,0,9,3,20,0
R00465,2025-01-02,3924,Beauty,Prepaid,893,5,0.266,0,1,3,20,0
R04055,2025-01-02,869,Clothing,COD,6,10,0.033,0,6,2,30,0
R01532,2025-01-02,992,Clothing,COD,455,5,0.153,0,3,2,5,0
R03822,2025-01-02,1497,Books,COD,450,3,0.151,0,3,1,0,0
R04885,2025-01-02,1309,Clothing,Prepaid,85,5,0.518,0,5,1,20,0
R03799,2025-01-02,3406,Electronics,Prepaid,301,5,0.034,0,6,1,20,0
R03725,2025-01-02,1331,Electronics,COD,368,9,0.247,0,7,1,30,0
R04768,2025-01-02,1436,Electronics,COD,688,8,0.133,0,11,1,0,0
R01070,2025-01-02,2851,Clothing,COD,823,2,0.108,0,12,1,10,1
R03399,2025-01-02,978,Electronics,COD,840,6,0.102,0,9,1,0,0
R00575,2025-01-02,1067,Clothing,COD,639,8,0.073,0,2,1,0,1
R04361,2025-01-02,2106,Electronics,COD,169,6,0.217,0,5,1,0,0
R01807,2025-01-02,758,Electronics,COD,297,7,0.058,0,12,1,5,0
R04689,2025-01-02,206,Electronics,COD,613,6,0.117,0,10,1,0,0
R01175,2025-01-02,349,Beauty,COD,585,3,0.153,0,5,2,30,0
R01763,2025-01-02,330,Books,COD,175,8,0.226,0,8,1,0,0
R00104,2025-01-02,1520,Beauty,Prepaid,609,9,0.153,0,7,1,50,0
R01190,2025-01-02,1721,Electronics,COD,715,4,0.294,0,3,1,30,0
R04788,2025-01-02,425,Beauty,COD,958,5,0.232,0,3,3,0,0
R00707,2025-01-02,2190,Clothing,Prepaid,71,9,0.045,0,9,1,20,0
R05844,2025-01-02,1061,Home,Prepaid,6,8,0.042,0,1,1,5,1
R02401,2025-01-02,233,Home,Prepaid,250,9,0.394,0,1,1,30,0
R05603,2025-01-02,1855,Clothing,Prepaid,682,10,0.492,0,10,2,10,0
R05719,2025-01-02,1104,Electronics,COD,614,6,0.03,1,1,3,0,0
R02443,2025-01-02,2636,Beauty,COD,688,9,0.244,0,7,2,10,0
R02202,2025-01-02,303,Clothing,COD,330,2,0.134,0,9,2,10,0
R00839,2025-01-03,1164,Beauty,Prepaid,73,5,0.09,0,2,1,5,0
R05078,2025-01-03,532,Clothing,COD,220,5,0.172,0,12,1,0,0
R04393,2025-01-03,2170,Clothing,Prepaid,308,5,0.091,0,11,1,20,0
R04230,2025-01-03,916,Books,Prepaid,681,3,0.186,0,8,6,5,0
R01682,2025-01-03,2942,Clothing,Prepaid,138,9,0.028,0,5,1,0,0
R05880,2025-01-03,461,Electronics,Prepaid,333,5,0.162,1,6,1,70,1
R00801,2025-01-03,2184,Clothing,COD,610,8,0.239,1,6,2,10,0
R05142,2025-01-03,1934,Clothing,COD,897,5,0.077,0,2,3,0,1
R00790,2025-01-03,385,Home,Prepaid,310,6,0.19,0,11,2,10,0
R01121,2025-01-03,1675,Books,COD,704,4,0.43,0,4,1,0,0
R04104,2025-01-03,1054,Clothing,Prepaid,815,8,0.324,1,1,1,0,0
R00410,2025-01-03,1245,Clothing,Prepaid,589,6,0.514,0,10,1,0,1
R00889,2025-01-03,1234,Books,COD,782,2,0.242,0,4,1,10,0
R05916,2025-01-03,552,Clothing,COD,761,5,0.013,0,4,1,10,0
R05438,2025-01-03,1280,Beauty,Prepaid,713,7,0.33,0,7,1,5,0
R03136,2025-01-03,1333,Clothing,Prepaid,667,3,0.248,0,5,2,70,1
R03904,2025-01-03,3230,Clothing,Prepaid,611,4,0.215,0,3,1,20,0
R03103,2025-01-03,1396,Beauty,COD,286,7,0.156,0,1,2,20,0
R04046,2025-01-03,2146,Books,Prepaid,746,10,0.103,0,7,3,5,0
R04931,2025-01-03,314,Clothing,Prepaid,171,5,0.227,0,2,2,5,0
R01038,2025-01-03,1530,Beauty,Prepaid,190,11,0.274,1,6,1,0,0
R05068,2025-01-03,4273,Electronics,Prepaid,932,1,0.006,0,2,1,5,0
R01652,2025-01-04,813,Beauty,COD,337,4,0.24,0,6,2,5,0
R00540,2025-01-04,163,Clothing,COD,656,5,0.385,0,4,2,50,1
R05745,2025-01-04,867,Home,Prepaid,121,8,0.133,1,12,2,20,0
R00478,2025-01-04,1488,Books,Prepaid,255,12,0.121,0,9,1,5,0
R04505,2025-01-04,3380,Electronics,COD,629,6,0.116,0,5,2,30,0
R00415,2025-01-04,1282,Clothing,Prepaid,175,9,0.55,0,5,1,70,1
R01366,2025-01-04,1376,Clothing,COD,453,2,0.187,0,2,1,0,0
R05746,2025-01-04,3109,Electronics,Prepaid,262,13,0.119,0,5,1,5,0
R03505,2025-01-04,1700,Beauty,Prepaid,408,7,0.041,0,10,1,50,0
R00300,2025-01-04,539,Clothing,COD,401,7,0.126,0,2,1,5,0
R05035,2025-01-04,1735,Clothing,Prepaid,821,5,0.225,0,12,2,10,0
R04563,2025-01-04,659,Clothing,Prepaid,55,7,0.158,0,1,1,0,0
R03788,2025-01-04,591,Home,Prepaid,221,8,0.612,0,9,2,30,1
R01167,2025-01-04,2483,Clothing,Prepaid,956,6,0.091,1,9,1,0,0
R01529,2025-01-04,1736,Clothing,COD,28,9,0.388,0,5,1,0,0
R05411,2025-01-04,4617,Home,COD,515,6,0.059,1,7,2,0,0
R01594,2025-01-04,941,Clothing,COD,529,5,0.139,0,11,3,5,0
R02171,2025-01-04,2506,Home,COD,28,7,0.145,0,6,3,5,1
R04062,2025-01-04,1521,Clothing,Prepaid,349,8,0.191,0,2,1,50,1
R05621,2025-01-04,1795,Books,Prepaid,386,5,0.149,0,7,1,10,0
R03898,2025-01-04,3542,Clothing,Prepaid,853,4,0.191,1,3,2,20,0
R02090,2025-01-04,1363,Clothing,Prepaid,211,6,0.111,0,7,1,0,0
R04117,2025-01-04,335,Electronics,Prepaid,58,10,0.256,0,11,2,20,0
R00233,2025-01-04,2129,Electronics,Prepaid,263,6,0.057,0,12,2,10,0
R05897,2025-01-04,524,Clothing,COD,962,11,0.092,0,1,1,0,0
R03858,2025-01-04,667,Clothing,COD,984,6,0.21,0,4,1,70,0
R03804,2025-01-04,1074,Electronics,COD,805,5,0.372,0,12,1,20,0
R04527,2025-01-04,1326,Beauty,Prepaid,63,6,0.131,0,1,1,10,0
R02975,2025-01-04,311,Books,COD,94,5,0.14,0,3,3,0,1
R01624,2025-01-04,579,Beauty,Prepaid,164,5,0.545,0,9,1,50,0
R03442,2025-01-05,758,Books,Prepaid,634,9,0.618,0,10,1,0,0
R00272,2025-01-05,1304,Home,Prepaid,962,6,0.122,0,4,1,5,0
R03486,2025-01-05,1935,Beauty,Prepaid,328,3,0.27,0,7,2,10,0
R05405,2025-01-05,2113,Books,Prepaid,694,2,0.114,0,10,1,30,0
R02410,2025-01-05,1259,Beauty,COD,549,4,0.236,0,1,1,70,1
R01744,2025-01-05,754,Clothing,Prepaid,793,9,0.079,0,3,2,5,1
R01399,2025-01-05,2232,Clothing,Prepaid,757,4,0.089,0,4,1,5,0
R00170,2025-01-05,1274,Home,COD,222,4,0.174,0,2,1,0,0
R05774,2025-01-05,1550,Beauty,COD,503,4,0.369,1,5,1,10,1
R00369,2025-01-05,1604,Clothing,Prepaid,12,3,0.236,1,6,2,20,0
R00429,2025-01-05,883,Books,Prepaid,883,4,0.068,0,3,1,0,0
R04260,2025-01-05,287,Clothing,Prepaid,862,4,0.047,0,10,2,20,0
R03805,2025-01-05,822,Beauty,Prepaid,535,5,0.483,1,10,1,20,0
R04076,2025-01-05,1148,Electronics,Prepaid,698,5,0.156,1,1,1,5,0
R03997,2025-01-05,280,Home,Prepaid,244,12,0.059,0,9,1,0,0
R02329,2025-01-05,355,Electronics,Prepaid,484,3,0.302,0,3,2,50,0
R01783,2025-01-05,568,Books,COD,467,5,0.238,0,4,1,20,0
R04645,2025-01-05,1068,Home,COD,509,8,0.121,0,10,1,5,0
R02469,2025-01-05,523,Electronics,Prepaid,351,13,0.049,0,12,1,30,0
R00454,2025-01-05,625,Clothing,Prepaid,178,14,0.414,1,2,1,10,0
R02636,2025-01-05,475,Home,Prepaid,144,3,0.28,0,11,2,0,0
R04913,2025-01-05,598,Electronics,Prepaid,560,3,0.309,0,4,1,20,0
R02223,2025-01-05,3117,Clothing,COD,818,7,0.151,0,8,1,30,1
R03309,2025-01-05,554,Electronics,Prepaid,793,4,0.547,0,4,1,5,0
R03119,2025-01-05,966,Beauty,COD,507,7,0.085,0,4,2,0,0
R05114,2025-01-05,3296,Home,COD,299,4,0.276,0,9,1,20,1
R00821,2025-01-05,369,Beauty,Prepaid,102,6,0.033,1,1,1,70,0
R03947,2025-01-05,1685,Home,COD,44,7,0.128,0,10,1,30,0
R05162,2025-01-05,1753,Electronics,Prepaid,63,4,0.256,0,12,1,20,0
R05529,2025-01-05,640,Beauty,COD,303,7,0.044,0,7,1,20,0
R01180,2025-01-05,1098,Beauty,Prepaid,32,6,0.123,0,3,1,50,0
R02138,2025-01-05,1455,Clothing,Prepaid,663,2,0.272,0,4,1,50,0
R02261,2025-01-05,2045,Home,Prepaid,654,7,0.556,1,2,1,0,0
R02712,2025-01-05,778,Electronics,COD,87,9,0.217,0,5,2,10,1
R04700,2025-01-05,1205,Home,COD,237,3,0.428,0,5,1,0,0
R05210,2025-01-06,1089,Books,COD,190,7,0.118,0,11,3,0,0
R01536,2025-01-06,1419,Clothing,COD,134,5,0.098,0,5,1,5,0
R03682,2025-01-06,825,Beauty,COD,189,4,0.211,0,11,1,70,1
R05630,2025-01-06,6230,Beauty,Prepaid,495,6,0.134,0,6,1,50,0
R05396,2025-01-06,5101,Electronics,COD,109,7,0.115,0,12,1,70,0
R02951,2025-01-06,2071,Electronics,Prepaid,700,5,0.058,0,7,2,10,0
R04244,2025-01-06,2264,Beauty,COD,444,2,0.219,1,3,2,5,0
R01590,2025-01-06,863,Beauty,Prepaid,531,3,0.295,0,11,1,5,1
R05120,2025-01-06,665,Home,COD,209,4,0.042,0,3,1,10,0
R04036,2025-01-06,5307,Home,Prepaid,300,7,0.129,0,8,2,20,0
R04160,2025-01-06,1607,Clothing,COD,260,6,0.45,0,3,2,0,0
R05429,2025-01-06,2705,Books,COD,585,6,0.215,0,3,2,0,0
R00385,2025-01-06,923,Clothing,Prepaid,281,4,0.227,0,11,1,50,0
R01493,2025-01-06,766,Books,Prepaid,506,4,0.169,0,9,1,70,0
R05500,2025-01-06,2319,Clothing,Prepaid,975,4,0.421,0,10,3,5,0
R00830,2025-01-06,403,Home,Prepaid,823,6,0.195,1,4,1,0,0
R02263,2025-01-06,1038,Clothing,Prepaid,78,3,0.127,0,8,4,0,0
R03537,2025-01-06,389,Clothing,COD,408,3,0.166,0,2,1,0,0
R01300,2025-01-06,4838,Home,Prepaid,834,11,0.046,0,3,2,20,0
R00138,2025-01-06,1334,Clothing,Prepaid,731,4,0.314,0,11,1,0,0
R04642,2025-01-06,636,Books,Prepaid,870,9,0.115,0,4,1,20,0
R02499,2025-01-06,3630,Clothing,Prepaid,596,5,0.165,0,3,1,5,1
R01944,2025-01-06,515,Books,Prepaid,826,6,0.226,0,3,2,5,0
R04535,2025-01-06,150,Clothing,Prepaid,840,10,0.364,0,2,1,5,1
R00787,2025-01-06,597,Books,COD,180,2,0.215,1,3,1,0,0
R03458,2025-01-06,2250,Home,COD,813,6,0.088,0,6,3,20,0
R04531,2025-01-06,150,Clothing,Prepaid,993,5,0.086,0,4,1,5,0
R02559,2025-01-06,1394,Home,Prepaid,823,7,0.039,1,8,2,20,0
R04715,2025-01-06,2205,Clothing,Prepaid,688,6,0.134,1,2,1,10,0
R01869,2025-01-06,4870,Electronics,Prepaid,317,5,0.06,0,11,1,0,0
R02630,2025-01-07,475,Clothing,Prepaid,643,3,0.328,0,4,3,5,0
R05740,2025-01-07,1460,Home,Prepaid,808,3,0.171,0,4,2,0,0
R03320,2025-01-07,1316,Home,Prepaid,931,4,0.077,0,9,2,10,0
R00970,2025-01-07,753,Clothing,Prepaid,131,4,0.329,0,5,1,20,0
R00147,2025-01-07,2384,Home,COD,437,12,0.316,0,7,2,10,0
R00663,2025-01-07,1874,Beauty,COD,432,7,0.275,0,4,1,70,0
R02764,2025-01-07,825,Books,COD,60,6,0.018,0,5,1,5,0
R04003,2025-01-07,717,Home,Prepaid,623,8,0.145,0,6,1,10,0
R01266,2025-01-07,1003,Electronics,COD,437,6,0.05,0,7,2,30,0
R00844,2025-01-07,5251,Home,Prepaid,646,5,0.23,0,8,1,0,0
R02322,2025-01-07,565,Home,COD,967,9,0.391,0,8,1,10,0
R05467,2025-01-07,7273,Electronics,COD,642,7,0.214,0,11,2,20,1
R00328,2025-01-07,341,Beauty,COD,909,10,0.101,0,3,1,50,0
R04552,2025-01-07,5402,Home,Prepaid,675,5,0.32,0,11,2,20,0
R05069,2025-01-07,377,Clothing,Prepaid,559,3,0.372,0,3,2,0,0
R03240,2025-01-07,1442,Home,Prepaid,816,3,0.096,0,10,1,50,0
R03633,2025-01-07,1405,Beauty,Prepaid,454,9,0.449,0,9,1,5,0
R01683,2025-01-07,1350,Beauty,Prepaid,150,7,0.224,0,3,2,70,0
R05503,2025-01-07,590,Clothing,Prepaid,645,11,0.255,0,7,2,0,0
R04945,2025-01-07,2204,Home,COD,39,8,0.323,1,8,2,0,1
R01909,2025-01-07,539,Home,Prepaid,703,9,0.089,0,3,3,70,0
R01446,2025-01-07,2110,Electronics,COD,498,3,0.219,0,9,1,0,0
R02866,2025-01-07,235,Clothing,Prepaid,826,2,0.223,0,12,2,0,0
R03545,2025-01-07,2149,Clothing,COD,888,5,0.05,1,8,2,20,0
R04299,2025-01-07,858,Books,Prepaid,276,6,0.238,0,1,4,5,0
R00117,2025-01-07,400,Clothing,COD,588,10,0.121,0,9,1,10,0
R04969,2025-01-07,1355,Clothing,COD,418,6,0.157,0,5,1,20,0
R05838,2025-01-07,5821,Home,COD,747,10,0.396,0,7,1,0,0
R04275,2025-01-07,1331,Home,Prepaid,283,5,0.159,0,1,2,70,0
R03755,2025-01-07,745,Electronics,Prepaid,794,6,0.432,0,6,2,0,1
R04304,2025-01-07,2108,Electronics,Prepaid,470,5,0.232,0,11,1,0,1
R05002,2025-01-07,2572,Beauty,Prepaid,977,7,0.107,0,5,3,5,0
R03880,2025-01-08,775,Clothing,COD,926,3,0.164,0,12,2,30,0
R02522,2025-01-08,1453,Clothing,COD,696,5,0.088,1,12,1,20,0
R02728,2025-01-08,213,Clothing,Prepaid,429,4,0.011,0,7,1,50,0
R02038,2025-01-08,927,Clothing,Prepaid,308,5,0.294,0,3,1,5,0
R01871,2025-01-08,870,Electronics,Prepaid,276,6,0.351,0,6,1,20,0
R02371,2025-01-08,1474,Clothing,COD,472,3,0.108,1,11,1,0,0
R02772,2025-01-08,952,Beauty,Prepaid,753,11,0.143,1,10,1,20,1
R02203,2025-01-08,2417,Clothing,Prepaid,802,9,0.399,1,12,2,20,0
R02881,2025-01-08,733,Clothing,Prepaid,982,5,0.375,0,9,2,30,0
R02339,2025-01-08,1070,Beauty,Prepaid,804,9,0.075,0,9,1,20,0
R00250,2025-01-08,517,Electronics,Prepaid,949,8,0.023,0,5,1,0,0
R04236,2025-01-08,6037,Beauty,COD,210,3,0.167,1,7,2,30,1
R00817,2025-01-08,2214,Electronics,COD,60,6,0.055,0,6,1,10,0
R04320,2025-01-08,852,Clothing,COD,537,4,0.04,0,6,1,20,0
R01452,2025-01-08,2469,Books,Prepaid,352,2,0.197,0,9,1,5,0
R00902,2025-01-08,599,Beauty,COD,411,10,0.333,0,12,3,20,1
R04751,2025-01-08,7260,Beauty,Prepaid,540,5,0.199,1,10,1,0,0
R05134,2025-01-08,4396,Beauty,Prepaid,932,8,0.264,0,9,1,0,0
R04458,2025-01-08,333,Beauty,Prepaid,538,8,0.3,0,12,1,10,0
R00870,2025-01-08,529,Electronics,Prepaid,811,7,0.061,0,12,2,30,0
R00056,2025-01-08,4562,Electronics,Prepaid,49,5,0.263,0,8,3,30,0
R01099,2025-01-08,945,Home,COD,186,3,0.253,0,5,2,0,0
R04194,2025-01-08,886,Electronics,COD,725,7,0.069,0,6,3,30,0
R01019,2025-01-08,430,Clothing,COD,991,9,0.37,0,8,1,0,0
R00811,2025-01-08,392,Home,COD,241,8,0.312,0,2,1,20,0
R01240,2025-01-08,4449,Home,COD,355,4,0.117,1,5,1,5,1
R04596,2025-01-08,369,Beauty,Prepaid,137,5,0.106,0,2,3,10,0
R05628,2025-01-08,1093,Books,Prepaid,197,7,0.282,0,10,1,10,0
R04092,2025-01-08,2094,Home,Prepaid,290,7,0.081,0,5,1,10,0
R04592,2025-01-08,1153,Books,Prepaid,981,4,0.5,0,2,2,0,0
R00562,2025-01-08,471,Electronics,COD,807,7,0.135,1,12,1,0,0
R04189,2025-01-08,190,Clothing,COD,883,2,0.137,0,11,1,20,0
R04776,2025-01-09,1733,Electronics,COD,882,6,0.115,0,11,1,20,0
R01110,2025-01-09,1693,Electronics,COD,761,6,0.187,0,9,1,50,0
R03363,2025-01-09,3880,Electronics,COD,636,3,0.107,0,6,1,0,0
R01270,2025-01-09,2627,Beauty,COD,445,7,0.138,0,7,1,0,1
R04770,2025-01-09,2340,Home,COD,897,4,0.474,0,3,1,20,0
R01526,2025-01-09,1653,Electronics,COD,18,5,0.147,0,11,3,10,0
R05055,2025-01-09,2337,Books,COD,30,3,0.085,0,5,1,20,0
R02884,2025-01-09,1514,Books,Prepaid,359,4,0.294,0,3,1,10,0
R01806,2025-01-09,593,Home,Prepaid,932,5,0.401,0,11,1,10,0
R05093,2025-01-09,1060,Clothing,Prepaid,843,5,0.218,0,1,2,20,0
R02780,2025-01-09,285,Clothing,Prepaid,693,8,0.035,0,8,3,0,0
R00397,2025-01-09,425,Clothing,Prepaid,687,3,0.35,0,12,2,30,0
R05548,2025-01-09,770,Electronics,COD,110,6,0.141,0,3,3,30,0
R00352,2025-01-09,2530,Clothing,Prepaid,645,4,0.329,0,10,1,10,0
R05622,2025-01-09,1499,Home,Prepaid,568,3,0.049,0,10,1,10,0
R05680,2025-01-09,383,Home,Prepaid,813,3,0.084,0,4,1,0,0
R02412,2025-01-09,756,Beauty,COD,339,8,0.182,0,9,2,5,0
R03013,2025-01-09,754,Clothing,Prepaid,671,5,0.152,0,4,2,5,0
R01286,2025-01-09,985,Clothing,COD,941,7,0.072,0,9,1,5,0
R04894,2025-01-09,2398,Clothing,Prepaid,535,6,0.246,0,10,1,0,0
R00574,2025-01-09,666,Electronics,Prepaid,246,7,0.268,0,12,1,0,0
R04127,2025-01-09,3764,Clothing,Prepaid,117,5,0.342,0,1,1,20,0
R03852,2025-01-09,676,Electronics,Prepaid,354,5,0.197,0,2,2,70,0
R04269,2025-01-09,1003,Books,COD,781,11,0.045,0,3,2,0,0
R01781,2025-01-09,767,Clothing,Prepaid,280,8,0.396,0,4,2,0,0
R01463,2025-01-09,2566,Clothing,COD,949,12,0.196,0,5,2,30,0
R01518,2025-01-09,367,Clothing,Prepaid,460,3,0.341,0,8,1,0,0
R03871,2025-01-09,1236,Home,Prepaid,772,10,0.094,0,12,1,5,0
R04347,2025-01-09,657,Clothing,Prepaid,79,5,0.151,0,6,1,20,0
R04022,2025-01-09,2867,Books,COD,477,6,0.43,0,3,1,50,0
R04329,2025-01-09,1429,Clothing,COD,253,8,0.325,0,9,1,30,0
R04551,2025-01-09,1183,Beauty,COD,938,6,0.566,0,10,1,20,0
R01267,2025-01-10,738,Electronics,Prepaid,558,6,0.066,0,8,1,10,0
R01976,2025-01-10,235,Electronics,COD,194,4,0.138,0,3,1,0,0
R05012,2025-01-10,1312,Home,COD,860,9,0.149,0,11,1,20,0
R02972,2025-01-10,2329,Clothing,COD,291,5,0.165,0,12,3,30,1
R03452,2025-01-10,904,Clothing,Prepaid,904,9,0.095,0,6,1,0,0
R01453,2025-01-10,245,Home,Prepaid,72,5,0.189,1,2,3,50,0
R01983,2025-01-10,3324,Clothing,COD,22,8,0.442,0,8,1,10,0
R00699,2025-01-10,828,Clothing,COD,549,9,0.408,0,3,3,0,0
R01642,2025-01-10,983,Clothing,Prepaid,229,5,0.13,0,8,1,50,0
R05991,2025-01-10,2274,Beauty,Prepaid,688,9,0.141,0,5,1,0,0
R02314,2025-01-10,1594,Home,COD,479,5,0.17,0,3,3,20,0
R00898,2025-01-10,1074,Electronics,Prepaid,345,6,0.106,0,8,1,0,1
R05219,2025-01-10,913,Electronics,Prepaid,998,10,0.358,0,4,1,5,0
R00887,2025-01-10,2469,Books,Prepaid,366,10,0.195,1,7,2,20,0
R00848,2025-01-10,3234,Home,COD,568,2,0.065,0,9,2,10,0
R02278,2025-01-10,322,Home,COD,432,7,0.008,0,2,2,0,0
R03800,2025-01-10,1504,Clothing,Prepaid,197,9,0.574,0,12,1,0,0
R01464,2025-01-10,1278,Books,Prepaid,739,4,0.381,0,4,1,20,0
R02618,2025-01-10,1037,Beauty,COD,859,5,0.087,1,7,2,20,0
R05646,2025-01-10,530,Electronics,Prepaid,236,1,0.384,0,5,3,0,0
R04120,2025-01-10,413,Home,Prepaid,482,7,0.085,0,12,2,20,0
R00546,2025-01-10,180,Electronics,COD,953,10,0.191,1,9,1,10,0
R04986,2025-01-10,1919,Clothing,COD,854,10,0.15,1,9,3,0,0
R04952,2025-01-10,1577,Home,Prepaid,276,8,0.164,0,2,2,0,0
R02505,2025-01-10,2305,Beauty,Prepaid,733,3,0.019,0,7,3,5,0
R03617,2025-01-10,4804,Electronics,Prepaid,728,5,0.374,0,2,2,0,0
R04724,2025-01-10,1117,Electronics,Prepaid,488,9,0.313,0,10,2,5,0
R00584,2025-01-10,906,Home,Prepaid,256,8,0.207,0,1,1,0,0
R01653,2025-01-10,1978,Clothing,Prepaid,372,7,0.347,0,12,1,5,0
R04341,2025-01-10,1236,Electronics,COD,378,5,0.088,0,5,1,20,0
R03464,2025-01-10,3639,Clothing,COD,992,7,0.118,0,4,1,0,0
R03338,2025-01-10,390,Clothing,Prepaid,517,5,0.343,0,8,1,10,0
R03509,2025-01-11,845,Home,Prepaid,525,3,0.117,0,10,1,5,0
R05257,2025-01-11,3303,Beauty,COD,554,2,0.57,1,4,1,0,0
R00858,2025-01-11,1306,Electronics,Prepaid,279,4,0.093,0,9,1,5,0
R04702,2025-01-11,519,Electronics,COD,319,7,0.145,0,10,1,10,0
R05653,2025-01-11,1468,Books,COD,153,6,0.078,0,9,1,10,0
R05385,2025-01-11,752,Clothing,COD,793,5,0.075,0,3,3,0,1
R03357,2025-01-11,1026,Clothing,Prepaid,293,6,0.252,1,1,1,0,0
R01411,2025-01-11,474,Electronics,Prepaid,363,6,0.152,0,8,3,20,1
R04893,2025-01-11,1779,Clothing,Prepaid,922,5,0.175,0,3,1,0,0
R05475,2025-01-11,445,Clothing,COD,626,7,0.061,1,9,1,20,0
R01470,2025-01-11,6665,Clothing,COD,344,3,0.221,0,12,2,0,0
R04518,2025-01-11,1000,Home,COD,364,8,0.11,0,10,1,20,0
R05537,2025-01-11,455,Clothing,COD,672,7,0.302,1,3,2,0,0
R04185,2025-01-11,1509,Clothing,Prepaid,492,4,0.146,0,7,2,0,0
R00542,2025-01-11,2342,Electronics,Prepaid,787,5,0.306,0,5,2,0,0
R01136,2025-01-11,550,Clothing,COD,771,4,0.358,1,4,1,0,0
R05974,2025-01-11,976,Clothing,Prepaid,41,6,0.359,0,11,2,0,0
R01801,2025-01-11,885,Electronics,COD,594,10,0.106,0,9,1,0,0
R04484,2025-01-11,6193,Beauty,COD,423,10,0.05,0,7,1,0,0
R02488,2025-01-11,968,Clothing,Prepaid,275,5,0.133,0,11,1,30,0
R02657,2025-01-11,510,Books,COD,985,5,0.207,0,6,1,5,1
R02460,2025-01-11,2228,Clothing,COD,410,12,0.161,0,11,3,0,0
R01615,2025-01-11,1308,Clothing,Prepaid,180,6,0.364,0,1,1,0,1
R03184,2025-01-11,549,Home,Prepaid,6,5,0.609,0,4,1,0,0
R03919,2025-01-11,1863,Clothing,COD,567,4,0.279,0,3,1,5,0
R05850,2025-01-11,2827,Books,COD,422,4,0.178,1,12,1,0,0
R05816,2025-01-11,1435,Clothing,Prepaid,982,5,0.417,0,1,2,0,0
R03189,2025-01-11,858,Home,COD,950,6,0.488,0,3,1,5,0
R03113,2025-01-11,2837,Clothing,Prepaid,133,8,0.294,0,1,1,10,1
R04873,2025-01-11,1364,Clothing,Prepaid,469,4,0.25,0,2,2,20,0
R04861,2025-01-11,2114,Home,Prepaid,422,5,0.044,0,10,1,0,0
R01351,2025-01-11,4493,Clothing,COD,258,5,0.421,0,6,1,30,1
R02982,2025-01-11,948,Electronics,COD,452,8,0.083,0,3,1,30,0
R02788,2025-01-11,2891,Beauty,COD,253,5,0.069,0,3,3,50,1
R04855,2025-01-11,401,Clothing,COD,782,7,0.182,0,1,1,50,0
R01021,2025-01-11,921,Clothing,COD,33,7,0.597,0,8,1,0,1
R01026,2025-01-11,1364,Books,COD,827,5,0.141,0,4,1,0,0
R04388,2025-01-11,1394,Clothing,Prepaid,705,4,0.389,0,9,2,10,1
R03781,2025-01-11,2007,Electronics,COD,53,3,0.241,0,9,2,10,0
R00150,2025-01-11,3936,Clothing,COD,280,5,0.203,0,3,4,0,0
R01979,2025-01-11,764,Beauty,Prepaid,601,1,0.164,0,7,2,0,0
R05017,2025-01-11,1218,Beauty,COD,380,6,0.251,0,12,1,5,0
R02373,2025-01-12,1673,Clothing,COD,687,8,0.055,0,7,2,5,0
R02331,2025-01-12,355,Beauty,Prepaid,373,5,0.28,0,1,3,0,0
R00619,2025-01-12,2911,Clothing,Prepaid,659,7,0.071,0,1,2,20,0
R02440,2025-01-12,2481,Clothing,Prepaid,421,6,0.451,0,10,2,30,0
R05696,2025-01-12,1312,Electronics,Prepaid,928,6,0.442,0,7,2,5,1
R03533,2025-01-12,848,Home,COD,289,10,0.131,0,10,1,5,0
R02525,2025-01-12,153,Clothing,Prepaid,303,5,0.066,0,4,1,0,0
R03501,2025-01-12,434,Books,Prepaid,438,7,0.289,1,3,1,20,0
R00279,2025-01-12,1377,Clothing,COD,139,5,0.365,0,12,2,0,0
R01889,2025-01-12,3150,Electronics,COD,11,7,0.097,0,6,1,0,0
R04737,2025-01-12,5430,Home,Prepaid,658,7,0.252,0,3,1,0,0
R05606,2025-01-12,2464,Electronics,Prepaid,610,3,0.289,0,6,1,20,0
R02888,2025-01-12,554,Clothing,COD,80,7,0.256,0,7,1,10,0
R01456,2025-01-12,1093,Clothing,Prepaid,194,9,0.28,0,12,1,5,0
R02002,2025-01-12,925,Home,COD,15,5,0.082,0,2,1,0,0
R02129,2025-01-12,1817,Books,COD,705,5,0.115,0,5,2,50,0
R03798,2025-01-12,870,Clothing,COD,906,3,0.075,0,4,1,50,0
R05359,2025-01-12,1832,Beauty,COD,164,7,0.185,0,6,2,10,0
R02711,2025-01-12,929,Beauty,Prepaid,268,7,0.249,0,2,3,0,0
R00036,2025-01-12,1036,Home,COD,147,4,0.167,0,2,2,70,0
R02804,2025-01-12,1133,Home,Prepaid,873,6,0.001,1,1,2,5,1
R00899,2025-01-13,517,Clothing,Prepaid,353,5,0.366,0,3,1,50,1
R00387,2025-01-13,1040,Electronics,Prepaid,968,4,0.29,0,11,1,30,0
R00518,2025-01-13,1345,Clothing,COD,47,9,0.171,0,8,2,0,0
R01035,2025-01-13,3022,Clothing,Prepaid,625,7,0.166,0,3,3,20,0
R02312,2025-01-13,882,Clothing,Prepaid,116,4,0.292,0,12,2,0,0
R01362,2025-01-13,381,Electronics,Prepaid,8,6,0.037,0,5,1,0,0
R01834,2025-01-13,903,Beauty,Prepaid,181,7,0.178,1,12,1,5,1
R02232,2025-01-13,460,Books,Prepaid,759,7,0.576,0,2,1,20,0
R01769,2025-01-13,549,Clothing,Prepaid,734,6,0.034,0,11,1,10,0
R01953,2025-01-13,1072,Clothing,COD,518,9,0.241,0,11,1,0,0
R03411,2025-01-13,565,Clothing,Prepaid,131,5,0.122,0,5,1,0,0
R03277,2025-01-13,4085,Clothing,Prepaid,715,7,0.091,0,1,1,5,0
R02964,2025-01-13,1535,Clothing,COD,437,10,0.22,0,4,1,50,0
R03070,2025-01-13,589,Clothing,Prepaid,423,5,0.366,0,1,2,30,1
R04456,2025-01-13,712,Electronics,Prepaid,537,5,0.14,0,2,2,30,0
R03155,2025-01-13,294,Electronics,Prepaid,927,8,0.128,0,2,1,50,0
R04399,2025-01-13,399,Books,Prepaid,445,9,0.163,0,8,1,10,0
R03816,2025-01-13,554,Clothing,COD,406,7,0.076,0,3,2,5,0
R04394,2025-01-13,1145,Home,COD,723,6,0.083,0,3,2,0,0
R04854,2025-01-13,1560,Electronics,COD,670,4,0.227,0,9,1,30,0
R04291,2025-01-13,1621,Electronics,Prepaid,997,5,0.385,0,12,1,10,0
R00045,2025-01-13,1608,Beauty,COD,220,2,0.305,1,1,1,5,0
R03988,2025-01-13,1710,Clothing,COD,732,6,0.24,0,3,1,10,1
R03532,2025-01-13,3588,Books,Prepaid,136,9,0.149,0,2,2,20,0
R05301,2025-01-13,6953,Home,Prepaid,403,12,0.032,0,9,1,50,0
R03561,2025-01-13,1066,Electronics,COD,403,11,0.037,0,4,1,0,0
R03917,2025-01-13,338,Electronics,Prepaid,568,4,0.145,0,10,1,0,0
R05336,2025-01-13,1548,Home,COD,515,5,0.334,0,5,1,30,0
R04277,2025-01-13,749,Electronics,Prepaid,187,6,0.146,1,11,1,10,0
R04838,2025-01-13,792,Home,COD,18,3,0.298,0,4,2,10,0
R05309,2025-01-13,1353,Electronics,COD,66,6,0.28,0,4,2,0,0
R02705,2025-01-13,1994,Electronics,COD,713,5,0.64,0,12,1,5,1
R05970,2025-01-13,328,Electronics,Prepaid,19,4,0.326,1,3,1,0,0
R04692,2025-01-13,4558,Electronics,Prepaid,156,8,0.17,0,9,1,20,0
R02795,2025-01-13,4359,Beauty,Prepaid,599,7,0.064,0,7,1,20,0
R02591,2025-01-13,2446,Electronics,COD,276,4,0.182,0,8,1,20,0
R04680,2025-01-13,1476,Books,COD,205,7,0.233,0,1,1,20,0
R04644,2025-01-13,150,Home,COD,753,12,0.172,0,4,2,0,0
R04684,2025-01-13,3305,Beauty,Prepaid,579,2,0.242,0,4,4,10,1
R01055,2025-01-14,5397,Beauty,Prepaid,120,0,0.126,0,4,2,0,0
R00659,2025-01-14,861,Beauty,Prepaid,555,5,0.082,0,12,1,5,0
R00069,2025-01-14,1296,Home,Prepaid,228,6,0.086,0,4,1,20,0
R04593,2025-01-14,2663,Beauty,Prepaid,24,5,0.105,0,7,1,10,0
R05530,2025-01-14,392,Clothing,COD,967,7,0.623,0,11,2,10,0
R03932,2025-01-14,1510,Home,Prepaid,697,6,0.055,0,9,3,0,0
R03614,2025-01-14,2516,Clothing,Prepaid,879,9,0.063,0,9,1,20,0
R05423,2025-01-14,470,Home,COD,424,1,0.21,0,1,1,0,0
R04697,2025-01-14,2441,Clothing,COD,201,9,0.046,0,11,2,10,0
R03652,2025-01-14,3202,Books,Prepaid,646,4,0.127,0,8,2,5,0
R03536,2025-01-14,302,Clothing,Prepaid,732,8,0.495,0,9,1,10,0
R04231,2025-01-14,630,Clothing,Prepaid,122,2,0.277,0,6,2,0,0
R05166,2025-01-14,1885,Home,COD,69,8,0.121,0,12,1,50,0
R03335,2025-01-14,1293,Beauty,COD,720,9,0.068,0,10,3,10,0
R01215,2025-01-14,1271,Home,Prepaid,119,9,0.081,1,8,2,70,0
R02025,2025-01-14,4091,Home,COD,36,6,0.436,0,1,2,10,0
R01022,2025-01-14,2257,Clothing,COD,459,6,0.208,0,3,2,20,0
R01911,2025-01-14,1468,Clothing,Prepaid,147,7,0.104,0,1,1,30,0
R05584,2025-01-14,1298,Clothing,Prepaid,746,4,0.265,0,4,1,10,0
R05697,2025-01-14,3235,Clothing,COD,343,6,0.203,0,5,2,5,0
R01253,2025-01-14,815,Clothing,Prepaid,889,11,0.207,0,11,1,20,0
R04780,2025-01-14,5401,Home,Prepaid,24,8,0.049,0,3,1,10,0
R02669,2025-01-14,1582,Home,Prepaid,464,3,0.124,0,6,4,0,0
R04537,2025-01-15,1093,Electronics,Prepaid,160,8,0.687,1,4,1,10,1
R03916,2025-01-15,577,Beauty,Prepaid,149,4,0.57,0,7,1,10,0
R01361,2025-01-15,232,Clothing,Prepaid,203,3,0.333,0,11,3,30,1
R04624,2025-01-15,973,Clothing,Prepaid,163,4,0.153,0,12,2,0,1
R01571,2025-01-15,769,Clothing,Prepaid,928,6,0.175,0,2,1,70,0
R05139,2025-01-15,494,Beauty,COD,406,2,0.098,1,4,1,70,1
R01096,2025-01-15,2212,Clothing,Prepaid,488,10,0.202,1,12,3,0,1
R05262,2025-01-15,496,Clothing,Prepaid,640,7,0.018,1,1,2,10,0
R04648,2025-01-15,1392,Electronics,Prepaid,249,4,0.085,1,11,2,50,0
R00217,2025-01-15,1319,Electronics,Prepaid,157,6,0.264,0,1,2,5,0
R04105,2025-01-15,1711,Clothing,COD,954,5,0.2,0,6,1,30,0
R01027,2025-01-15,2055,Home,Prepaid,414,8,0.157,0,4,2,10,0
R01588,2025-01-15,1156,Books,Prepaid,600,2,0.244,0,10,1,0,0
R03639,2025-01-15,510,Beauty,Prepaid,564,11,0.143,0,7,1,0,0
R00127,2025-01-15,551,Electronics,COD,834,8,0.255,0,8,1,5,0
R02752,2025-01-15,820,Electronics,COD,643,4,0.101,1,7,1,10,0
R03134,2025-01-15,646,Clothing,Prepaid,388,9,0.329,0,1,1,0,0
R02856,2025-01-15,1440,Beauty,COD,778,4,0.464,0,5,1,10,0
R01851,2025-01-15,507,Clothing,Prepaid,800,6,0.164,0,5,1,30,0
R05508,2025-01-15,740,Clothing,COD,64,4,0.082,0,4,2,10,0
R00280,2025-01-15,384,Clothing,Prepaid,732,4,0.189,0,12,1,0,1
R05591,2025-01-15,842,Electronics,Prepaid,777,7,0.304,0,2,1,0,0
R03759,2025-01-15,1933,Electronics,COD,988,8,0.275,0,9,3,0,0
R03580,2025-01-15,925,Books,Prepaid,342,10,0.348,0,5,1,0,0
R02479,2025-01-15,596,Home,Prepaid,421,4,0.214,0,4,1,0,0
R00439,2025-01-15,3718,Clothing,Prepaid,835,3,0.205,0,3,1,5,0
R04432,2025-01-16,1517,Home,COD,785,1,0.176,1,9,1,0,0
R01122,2025-01-16,2972,Beauty,COD,851,9,0.181,0,11,2,30,0
R02865,2025-01-16,1641,Home,COD,192,10,0.107,0,12,1,0,0
R02366,2025-01-16,934,Books,Prepaid,461,9,0.197,0,6,2,5,1
R00007,2025-01-16,1437,Home,COD,629,6,0.127,0,3,1,50,0
R01328,2025-01-16,892,Beauty,COD,796,7,0.016,0,11,4,50,0
R02529,2025-01-16,1760,Books,Prepaid,9,5,0.152,0,11,3,10,0
R00753,2025-01-16,2478,Electronics,COD,811,9,0.118,0,8,3,10,0
R00728,2025-01-16,643,Clothing,COD,961,11,0.597,0,2,1,5,1
R04577,2025-01-16,462,Books,COD,918,4,0.197,0,7,1,5,0
R01256,2025-01-16,511,Clothing,COD,430,11,0.185,0,9,1,30,0
R02635,2025-01-16,594,Clothing,Prepaid,879,4,0.395,0,2,1,0,0
R00678,2025-01-16,1363,Home,Prepaid,630,6,0.461,0,1,1,20,0
R05876,2025-01-16,1841,Clothing,Prepaid,344,7,0.158,0,2,3,10,0
R00246,2025-01-16,253,Electronics,Prepaid,282,4,0.242,0,2,1,5,0
R03281,2025-01-16,661,Beauty,COD,550,6,0.313,0,11,1,20,0
R02317,2025-01-16,537,Clothing,COD,994,3,0.381,1,10,1,70,1
R03887,2025-01-16,7680,Electronics,COD,543,3,0.11,0,10,2,10,0
R03620,2025-01-16,633,Clothing,Prepaid,727,8,0.324,0,3,2,20,0
R03321,2025-01-16,1388,Clothing,Prepaid,269,4,0.206,1,4,1,10,0
R00196,2025-01-16,3912,Electronics,COD,546,4,0.41,0,6,2,0,1
R05179,2025-01-16,150,Electronics,Prepaid,795,7,0.012,0,12,1,0,0
R05367,2025-01-16,2513,Clothing,Prepaid,83,5,0.46,0,4,1,20,0
R03543,2025-01-16,1315,Books,COD,930,5,0.077,0,8,1,30,0
R03535,2025-01-16,637,Electronics,COD,320,2,0.157,0,11,2,5,0
R00431,2025-01-16,4418,Home,Prepaid,353,4,0.234,0,8,1,50,0
R00881,2025-01-16,659,Home,COD,630,7,0.178,0,11,2,0,0
R05229,2025-01-16,270,Books,Prepaid,783,8,0.353,1,2,1,20,1
R00951,2025-01-17,1071,Electronics,COD,33,5,0.044,0,2,1,10,1
R00581,2025-01-17,4544,Beauty,Prepaid,168,4,0.278,0,4,2,50,0
R05903,2025-01-17,854,Beauty,COD,715,3,0.084,0,11,1,5,0
R05479,2025-01-17,2586,Clothing,COD,52,6,0.278,0,12,2,50,1
R00826,2025-01-17,234,Electronics,COD,618,3,0.141,0,10,1,0,0
R04926,2025-01-17,381,Clothing,Prepaid,763,7,0.315,0,7,1,10,0
R05792,2025-01-17,1171,Beauty,Prepaid,684,6,0.164,0,9,1,0,0
R05482,2025-01-17,1312,Clothing,Prepaid,358,4,0.505,0,8,2,10,1
R05764,2025-01-17,599,Home,COD,425,8,0.269,1,7,1,10,1
R05194,2025-01-17,5265,Books,Prepaid,147,8,0.276,0,10,1,0,0
R05535,2025-01-17,8722,Home,Prepaid,439,6,0.263,0,6,3,10,1
R00033,2025-01-17,496,Clothing,COD,686,5,0.076,0,11,1,0,0
R05565,2025-01-17,2206,Electronics,Prepaid,407,4,0.272,0,10,1,10,0
R00910,2025-01-17,301,Beauty,Prepaid,397,5,0.278,0,10,1,50,0
R00695,2025-01-17,361,Beauty,Prepaid,98,11,0.013,1,7,2,5,0
R04300,2025-01-17,1525,Home,Prepaid,391,5,0.364,0,5,1,5,0
R00001,2025-01-17,3438,Beauty,Prepaid,778,4,0.231,0,4,1,20,0
R00133,2025-01-17,722,Clothing,COD,32,4,0.456,0,10,1,10,0
R01531,2025-01-17,1316,Beauty,Prepaid,490,8,0.082,0,8,2,0,0
R03982,2025-01-17,2309,Books,COD,116,8,0.412,0,7,1,10,0
R02082,2025-01-17,1188,Home,Prepaid,453,5,0.297,0,4,1,10,0
R01543,2025-01-17,996,Books,COD,113,7,0.119,0,7,2,5,1
R02854,2025-01-17,453,Clothing,Prepaid,352,5,0.257,0,1,1,5,0
R01633,2025-01-17,1393,Clothing,Prepaid,583,6,0.173,0,3,1,0,0
R01931,2025-01-17,742,Beauty,COD,100,11,0.088,0,4,1,5,0
R02033,2025-01-17,823,Clothing,Prepaid,337,6,0.351,0,8,2,10,0
R01721,2025-01-17,1305,Electronics,COD,944,7,0.373,0,6,1,0,0
R04698,2025-01-17,1327,Beauty,COD,59,8,0.246,0,12,4,0,0
R03528,2025-01-17,439,Clothing,COD,534,8,0.163,0,3,3,5,0
R01809,2025-01-17,1863,Electronics,COD,82,7,0.141,0,4,2,50,0
R03414,2025-01-17,1655,Books,Prepaid,332,1,0.254,0,11,1,50,0
R03248,2025-01-17,2931,Books,Prepaid,293,4,0.254,0,1,1,0,0
R02912,2025-01-17,2176,Clothing,Prepaid,413,6,0.152,0,1,1,10,0
R04128,2025-01-17,998,Electronics,Prepaid,408,3,0.473,0,3,1,0,0
R04101,2025-01-17,1064,Clothing,COD,91,8,0.016,1,6,1,20,0
R04528,2025-01-17,1611,Beauty,COD,846,7,0.359,0,4,2,50,0
R02340,2025-01-17,2832,Clothing,COD,832,10,0.483,0,9,1,10,0
R00172,2025-01-17,1638,Home,Prepaid,326,9,0.107,0,12,1,0,0
R00359,2025-01-17,414,Home,Prepaid,849,6,0.305,0,4,4,10,0
R04611,2025-01-17,1036,Beauty,Prepaid,789,4,0.334,0,12,2,0,0
R04572,2025-01-17,453,Books,COD,920,6,0.108,0,8,1,30,0
R04258,2025-01-17,2872,Books,Prepaid,190,3,0.071,0,1,2,0,0
R02453,2025-01-18,656,Beauty,COD,579,9,0.341,0,3,2,0,0
R02306,2025-01-18,624,Home,Prepaid,337,5,0.278,0,3,1,30,0
R02957,2025-01-18,2440,Electronics,Prepaid,892,9,0.204,1,12,3,30,1
R02816,2025-01-18,625,Beauty,Prepaid,32,7,0.16,0,8,2,0,0
R02472,2025-01-18,988,Clothing,COD,471,12,0.045,0,11,3,0,0
R02266,2025-01-18,360,Clothing,COD,981,4,0.12,0,1,1,10,0
R00674,2025-01-18,618,Electronics,Prepaid,254,2,0.283,0,6,2,20,0
R02594,2025-01-18,217,Clothing,Prepaid,843,4,0.145,0,11,1,5,0
R02742,2025-01-18,368,Home,COD,469,9,0.246,1,12,1,10,0
R00700,2025-01-18,155,Electronics,COD,601,6,0.06,0,2,1,0,0
R00588,2025-01-18,549,Electronics,Prepaid,39,6,0.128,0,2,3,5,0
R00791,2025-01-18,3636,Clothing,COD,684,6,0.121,1,5,1,0,0
R01788,2025-01-18,1193,Beauty,COD,393,11,0.317,1,8,2,5,1
R03343,2025-01-18,325,Beauty,COD,704,5,0.274,0,10,2,0,0
R04727,2025-01-18,587,Clothing,Prepaid,6,11,0.246,0,9,2,0,1
R04671,2025-01-18,1189,Books,Prepaid,475,4,0.283,0,2,1,0,0
R04763,2025-01-18,1260,Clothing,COD,368,5,0.084,0,2,2,5,0
R04553,2025-01-18,1498,Clothing,COD,713,5,0.056,0,3,1,20,0
R04843,2025-01-18,405,Clothing,Prepaid,730,7,0.198,0,2,2,30,0
R04848,2025-01-18,5676,Clothing,COD,985,3,0.036,0,9,3,5,0
R00977,2025-01-18,977,Clothing,Prepaid,182,7,0.17,0,9,1,30,0
R04466,2025-01-18,2322,Clothing,COD,701,4,0.14,0,2,1,0,0
R03284,2025-01-18,2235,Clothing,COD,722,6,0.152,0,3,2,20,0
R04314,2025-01-18,643,Home,Prepaid,105,11,0.268,1,6,3,5,1
R05028,2025-01-18,561,Home,Prepaid,975,7,0.492,1,8,2,20,0
R04071,2025-01-18,676,Home,Prepaid,148,5,0.445,0,3,2,10,0
R03975,2025-01-18,1062,Home,COD,574,7,0.039,1,10,1,5,0
R03959,2025-01-18,663,Electronics,Prepaid,613,7,0.507,0,7,1,0,0
R03672,2025-01-18,1004,Clothing,Prepaid,779,6,0.151,0,5,3,0,0
R01690,2025-01-18,1116,Home,Prepaid,118,3,0.256,0,9,1,10,0
R03419,2025-01-18,2742,Beauty,Prepaid,959,2,0.24,1,2,1,10,0
R01842,2025-01-18,870,Electronics,Prepaid,878,5,0.45,0,7,4,10,0
R04294,2025-01-18,1842,Clothing,COD,345,5,0.396,0,9,1,20,0
R02321,2025-01-18,4830,Clothing,COD,111,3,0.23,0,2,1,0,1
R06000,2025-01-18,301,Home,Prepaid,316,3,0.135,0,7,1,10,0
R00243,2025-01-18,810,Books,COD,308,4,0.184,0,2,2,0,0
R00218,2025-01-18,904,Clothing,Prepaid,119,14,0.211,0,11,1,0,0
R00087,2025-01-18,785,Clothing,COD,515,5,0.045,0,5,1,20,0
R00376,2025-01-18,3835,Electronics,COD,880,7,0.066,0,1,3,10,1
R00010,2025-01-18,2021,Beauty,COD,975,8,0.023,1,10,3,20,0
R02502,2025-01-19,1868,Electronics,Prepaid,808,9,0.019,0,6,3,10,0
R00891,2025-01-19,947,Clothing,Prepaid,944,5,0.506,0,2,1,0,1
R03853,2025-01-19,1228,Home,COD,847,8,0.01,0,6,1,0,0
R02475,2025-01-19,850,Home,COD,531,3,0.271,0,10,1,10,0
R05211,2025-01-19,3339,Electronics,Prepaid,431,7,0.182,0,11,1,0,0
R03497,2025-01-19,653,Electronics,Prepaid,502,9,0.418,0,4,2,5,0
R03783,2025-01-19,674,Home,Prepaid,601,2,0.036,0,4,2,10,0
R01880,2025-01-19,498,Electronics,Prepaid,331,4,0.148,0,12,1,0,0
R05966,2025-01-19,673,Clothing,Prepaid,205,10,0.112,1,12,2,5,0
R04107,2025-01-19,5374,Home,Prepaid,590,5,0.317,0,2,1,70,0
R04916,2025-01-19,1067,Books,Prepaid,596,4,0.345,0,12,1,20,0
R03035,2025-01-19,593,Books,COD,720,7,0.248,0,5,1,5,0
R04917,2025-01-19,1089,Beauty,COD,217,3,0.164,1,4,1,20,1
R04070,2025-01-19,1169,Home,Prepaid,229,8,0.169,0,11,1,30,0
R05926,2025-01-19,1716,Electronics,Prepaid,53,9,0.198,0,11,1,5,0
R03807,2025-01-19,970,Electronics,Prepaid,800,4,0.071,0,11,1,0,0
R04461,2025-01-19,607,Electronics,COD,722,6,0.389,0,9,1,10,0
R01730,2025-01-19,1446,Electronics,Prepaid,477,7,0.275,0,8,1,5,0
R01738,2025-01-19,1970,Clothing,COD,509,10,0.049,0,2,1,0,0
R04420,2025-01-19,762,Clothing,Prepaid,632,2,0.147,0,7,2,20,1
R02423,2025-01-19,4075,Beauty,Prepaid,163,8,0.635,0,4,1,5,0
R05136,2025-01-19,2327,Electronics,Prepaid,282,6,0.301,0,1,1,5,0
R03872,2025-01-19,2267,Home,COD,347,8,0.242,0,10,1,50,0
R02623,2025-01-19,1477,Home,Prepaid,307,1,0.403,0,8,2,10,0
R02682,2025-01-19,973,Electronics,Prepaid,590,3,0.418,0,6,1,50,0
R04635,2025-01-19,2639,Clothing,Prepaid,462,7,0.094,0,3,1,20,1
R05526,2025-01-19,2422,Beauty,Prepaid,871,12,0.008,0,12,1,30,0
R02615,2025-01-19,1819,Home,Prepaid,967,8,0.149,0,7,1,0,0
R00580,2025-01-19,711,Clothing,COD,493,7,0.42,0,12,3,10,0
R00258,2025-01-19,1409,Clothing,Prepaid,842,5,0.102,0,10,2,0,0
R01436,2025-01-19,1378,Home,Prepaid,691,6,0.419,0,7,2,5,0
R01450,2025-01-19,2962,Clothing,COD,934,7,0.162,0,8,2,20,0
R05557,2025-01-19,373,Home,COD,201,3,0.035,0,8,3,20,0
R01289,2025-01-19,1433,Books,Prepaid,446,3,0.341,0,1,2,10,0
R01359,2025-01-19,1940,Electronics,Prepaid,673,6,0.412,0,10,2,0,0
R02556,2025-01-19,1648,Beauty,COD,785,6,0.238,0,9,1,10,0
R02515,2025-01-19,1515,Clothing,COD,134,5,0.136,0,5,2,0,0
R04183,2025-01-19,705,Home,COD,800,5,0.232,0,12,2,10,0
R05728,2025-01-19,2716,Electronics,COD,973,4,0.24,1,6,1,20,0
R05564,2025-01-19,910,Clothing,Prepaid,841,4,0.188,0,10,3,0,1
R03150,2025-01-20,939,Home,Prepaid,709,6,0.07,0,8,2,20,0
R00818,2025-01-20,1541,Clothing,COD,628,6,0.491,0,3,3,10,0
R05639,2025-01-20,679,Electronics,COD,428,7,0.302,1,6,3,70,0
R05318,2025-01-20,936,Beauty,Prepaid,334,5,0.177,1,10,2,5,0
R02265,2025-01-20,936,Electronics,COD,206,6,0.173,0,7,1,20,0
R01166,2025-01-20,481,Clothing,Prepaid,407,8,0.203,0,9,1,0,0
R03077,2025-01-20,2085,Home,COD,553,5,0.152,0,4,2,50,0
R04044,2025-01-20,2135,Clothing,Prepaid,0,4,0.245,0,2,1,0,1
R04966,2025-01-20,806,Beauty,Prepaid,167,11,0.084,0,11,2,20,0
R00480,2025-01-20,1547,Home,Prepaid,808,7,0.12,0,6,2,10,0
R02504,2025-01-20,380,Home,Prepaid,575,5,0.121,0,3,1,0,0
R01272,2025-01-20,3072,Electronics,Prepaid,526,5,0.165,0,8,1,0,0
R00322,2025-01-20,411,Electronics,COD,291,8,0.069,0,7,2,0,1
R03491,2025-01-20,1223,Clothing,COD,378,4,0.268,0,6,1,20,0
R04779,2025-01-20,550,Clothing,COD,92,7,0.112,0,6,1,5,0
R03687,2025-01-20,1874,Books,Prepaid,997,3,0.224,0,3,1,10,0
R00460,2025-01-20,769,Beauty,Prepaid,988,10,0.11,0,9,2,5,0
R04238,2025-01-20,1580,Home,Prepaid,63,6,0.107,0,12,3,5,0
R01227,2025-01-20,4134,Home,Prepaid,171,5,0.088,0,6,2,70,0
R04853,2025-01-20,1049,Home,COD,865,7,0.017,1,8,1,10,0
R05778,2025-01-20,906,Beauty,COD,209,5,0.364,1,11,2,0,1
R02946,2025-01-20,1731,Clothing,Prepaid,600,7,0.067,0,1,2,50,0
R04832,2025-01-20,562,Home,COD,376,6,0.192,0,2,1,20,0
R03727,2025-01-20,4849,Clothing,Prepaid,703,11,0.182,0,1,2,5,1
R00310,2025-01-20,704,Clothing,Prepaid,409,11,0.098,1,2,2,0,0
R03353,2025-01-20,473,Beauty,Prepaid,305,4,0.527,0,10,2,20,0
R05507,2025-01-20,904,Home,Prepaid,615,10,0.307,0,1,1,10,0
R01827,2025-01-20,936,Clothing,Prepaid,646,5,0.123,0,2,2,20,0
R02177,2025-01-20,542,Clothing,COD,827,4,0.212,0,1,1,30,0
R00583,2025-01-20,1462,Electronics,COD,205,5,0.137,0,8,2,10,0
R00516,2025-01-20,561,Beauty,Prepaid,17,7,0.083,0,6,1,5,0
R01855,2025-01-20,301,Clothing,Prepaid,986,9,0.332,0,2,1,70,0
R05105,2025-01-20,884,Home,Prepaid,526,5,0.165,0,7,1,0,0
R00171,2025-01-20,1352,Books,COD,803,5,0.38,1,6,1,20,1
R04769,2025-01-21,3412,Books,COD,275,7,0.202,0,3,1,0,0
R03791,2025-01-21,527,Electronics,Prepaid,711,8,0.646,1,11,1,0,0
R00808,2025-01-21,452,Home,COD,112,5,0.282,0,5,2,10,0
R04010,2025-01-21,183,Electronics,COD,946,5,0.325,0,11,3,0,0
R02853,2025-01-21,478,Clothing,COD,570,5,0.234,0,9,2,0,0
R00365,2025-01-21,1559,Clothing,Prepaid,85,9,0.185,1,9,2,20,0
R01538,2025-01-21,1651,Beauty,Prepaid,51,7,0.15,0,12,4,5,0
R04729,2025-01-21,731,Home,COD,206,5,0.453,0,6,1,5,0
R00120,2025-01-21,2782,Clothing,Prepaid,214,4,0.281,0,11,1,10,0
R01466,2025-01-21,1147,Clothing,Prepaid,724,8,0.032,0,3,2,5,0
R01867,2025-01-21,401,Clothing,COD,35,9,0.071,0,8,1,5,1
R04382,2025-01-21,671,Electronics,Prepaid,57,9,0.112,0,10,1,5,0
R03034,2025-01-21,361,Clothing,COD,434,7,0.036,0,5,2,5,0
R01484,2025-01-21,1587,Clothing,Prepaid,460,7,0.281,0,8,2,10,1
R01216,2025-01-21,2051,Clothing,Prepaid,657,2,0.184,0,3,1,5,0
R01489,2025-01-21,2969,Clothing,Prepaid,813,6,0.106,1,8,1,5,0
R05929,2025-01-21,356,Electronics,Prepaid,887,8,0.295,0,5,1,10,0
R01321,2025-01-21,787,Beauty,Prepaid,348,4,0.147,0,10,2,50,1
R00538,2025-01-21,689,Home,COD,581,9,0.442,1,4,2,70,0
R04434,2025-01-21,574,Clothing,Prepaid,922,6,0.205,0,2,3,20,0
R00873,2025-01-21,1651,Clothing,Prepaid,386,2,0.586,0,11,2,0,0
R03591,2025-01-21,1461,Clothing,Prepaid,693,5,0.094,0,5,2,5,0
R02214,2025-01-21,1874,Books,COD,811,9,0.254,0,1,1,5,0
R02723,2025-01-21,2040,Clothing,Prepaid,873,5,0.537,0,9,1,70,1
R02215,2025-01-21,1032,Electronics,COD,758,4,0.302,1,4,3,50,0
R02911,2025-01-21,1188,Books,Prepaid,784,4,0.068,0,2,2,5,0
R00501,2025-01-21,499,Electronics,Prepaid,985,2,0.062,0,8,3,5,0
R01579,2025-01-21,3151,Electronics,COD,575,4,0.091,0,7,1,30,0
R01816,2025-01-21,812,Clothing,COD,923,4,0.332,1,2,1,30,1
R03027,2025-01-21,1841,Clothing,Prepaid,675,7,0.443,0,4,1,50,1
R05125,2025-01-21,508,Books,Prepaid,807,9,0.249,0,4,2,0,0
R04978,2025-01-21,487,Books,Prepaid,768,4,0.066,0,6,3,30,0
R04221,2025-01-21,3055,Clothing,Prepaid,343,4,0.118,0,3,3,5,0
R02506,2025-01-21,780,Electronics,COD,271,10,0.266,0,3,1,0,0
R01020,2025-01-21,1396,Home,Prepaid,124,10,0.205,0,4,1,10,0
R02244,2025-01-21,752,Clothing,Prepaid,499,3,0.162,0,6,1,5,0
R01619,2025-01-22,906,Electronics,Prepaid,155,6,0.27,0,9,2,0,0
R03305,2025-01-22,1796,Home,Prepaid,680,9,0.307,0,4,1,5,0
R05750,2025-01-22,1729,Electronics,Prepaid,245,2,0.246,0,1,1,0,0
R01876,2025-01-22,1114,Electronics,Prepaid,418,3,0.048,0,6,2,50,0
R05610,2025-01-22,1244,Clothing,Prepaid,115,8,0.173,0,5,3,50,1
R03651,2025-01-22,830,Home,COD,836,9,0.232,1,3,1,5,0
R03530,2025-01-22,394,Clothing,COD,358,4,0.351,0,8,1,5,0
R00726,2025-01-22,589,Beauty,Prepaid,879,6,0.161,0,10,2,70,0
R05753,2025-01-22,1979,Beauty,COD,517,7,0.142,0,2,1,0,0
R00778,2025-01-22,3534,Clothing,Prepaid,338,5,0.246,0,3,3,0,0
R00724,2025-01-22,985,Electronics,COD,759,3,0.092,0,12,1,0,0
R01343,2025-01-22,1315,Home,COD,592,7,0.359,0,1,1,50,0
R00313,2025-01-22,497,Electronics,COD,619,5,0.183,0,2,1,10,0
R05562,2025-01-22,3001,Clothing,Prepaid,902,7,0.14,0,11,1,10,0
R05847,2025-01-22,4304,Beauty,COD,623,5,0.417,0,7,1,20,0
R00863,2025-01-22,2434,Home,COD,425,12,0.037,0,4,2,30,0
R01050,2025-01-22,194,Home,Prepaid,438,3,0.184,0,12,3,10,0
R01157,2025-01-22,2505,Books,Prepaid,190,5,0.359,0,10,2,0,0
R00946,2025-01-22,804,Beauty,COD,338,11,0.161,0,2,1,5,0
R03370,2025-01-22,446,Home,COD,734,6,0.098,0,3,2,0,0
R02700,2025-01-22,1200,Clothing,Prepaid,430,3,0.069,0,12,2,0,0
R05829,2025-01-22,1536,Clothing,COD,99,1,0.142,1,12,1,0,1
R02269,2025-01-22,788,Books,COD,838,4,0.027,0,12,1,20,0
R03161,2025-01-22,1727,Home,COD,415,6,0.227,0,11,2,5,0
R04459,2025-01-22,212,Clothing,Prepaid,60,8,0.154,0,8,1,0,0
R04402,2025-01-22,9430,Clothing,Prepaid,960,10,0.043,0,9,3,10,0
R04411,2025-01-22,1220,Beauty,Prepaid,53,8,0.141,0,3,2,50,1
R02681,2025-01-22,3072,Beauty,COD,793,3,0.335,0,12,1,70,1
R05026,2025-01-22,4562,Electronics,COD,585,4,0.165,0,11,1,5,0
R02364,2025-01-22,1198,Books,COD,680,8,0.127,0,11,1,70,0
R02786,2025-01-22,4684,Home,COD,982,7,0.242,0,11,1,20,0
R00497,2025-01-22,3543,Home,COD,518,10,0.323,0,8,2,10,0
R01946,2025-01-22,633,Beauty,Prepaid,557,15,0.255,1,11,3,0,1
R00198,2025-01-22,789,Clothing,COD,759,2,0.229,0,8,2,20,1
R02510,2025-01-23,951,Home,COD,528,6,0.545,1,6,1,0,0
R03973,2025-01-23,305,Clothing,Prepaid,406,11,0.303,0,10,1,50,0
R04198,2025-01-23,1488,Beauty,Prepaid,920,5,0.079,0,2,2,70,1
R01928,2025-01-23,1180,Electronics,Prepaid,482,3,0.098,0,5,1,0,0
R00436,2025-01-23,3658,Home,Prepaid,640,4,0.192,0,1,2,5,0
R04655,2025-01-23,2398,Clothing,COD,171,3,0.11,1,6,1,30,1
R02923,2025-01-23,1929,Beauty,Prepaid,726,9,0.043,0,9,1,0,0
R00418,2025-01-23,2496,Beauty,Prepaid,27,10,0.134,0,12,1,20,0
R05761,2025-01-23,1012,Home,COD,460,7,0.09,0,3,1,10,0
R05732,2025-01-23,460,Electronics,COD,970,6,0.246,0,1,1,0,0
R05780,2025-01-23,842,Clothing,COD,30,8,0.253,0,4,1,30,1
R03349,2025-01-23,634,Electronics,Prepaid,188,7,0.152,0,8,2,10,0
R04842,2025-01-23,551,Clothing,Prepaid,474,2,0.15,0,2,2,30,0
R04798,2025-01-23,150,Beauty,COD,692,6,0.305,0,2,1,10,0
R00874,2025-01-23,626,Clothing,COD,466,7,0.428,0,6,2,70,1
R05158,2025-01-23,618,Clothing,Prepaid,201,5,0.124,0,12,2,10,0
R04285,2025-01-23,1822,Books,Prepaid,584,4,0.151,0,7,1,20,0
R02080,2025-01-23,3530,Home,Prepaid,282,7,0.437,0,1,4,5,0
R05188,2025-01-23,920,Electronics,COD,857,8,0.213,0,3,4,10,0
R05801,2025-01-23,3271,Clothing,COD,193,4,0.311,1,1,2,20,0
R02830,2025-01-23,4427,Beauty,COD,484,3,0.219,0,2,1,5,0
R00784,2025-01-23,607,Clothing,COD,56,4,0.137,0,1,1,20,0
R00783,2025-01-23,495,Books,Prepaid,289,11,0.005,0,10,1,20,0
R05353,2025-01-23,1054,Beauty,Prepaid,98,8,0.124,0,5,1,30,0
R01630,2025-01-23,281,Clothing,Prepaid,948,5,0.105,0,1,1,30,0
R03499,2025-01-23,860,Electronics,COD,271,2,0.046,1,12,2,10,0
R02823,2025-01-23,1369,Home,Prepaid,842,6,0.168,1,9,1,20,0
R00386,2025-01-23,1856,Home,Prepaid,283,9,0.356,0,6,1,20,0
R04532,2025-01-23,553,Clothing,COD,716,6,0.191,0,10,2,10,0
R04513,2025-01-23,1225,Clothing,Prepaid,682,7,0.281,0,6,2,0,1
R00157,2025-01-23,664,Clothing,Prepaid,542,4,0.152,1,12,2,20,0
R01238,2025-01-23,663,Beauty,COD,404,9,0.374,0,3,1,10,0
R01610,2025-01-23,426,Books,Prepaid,320,4,0.317,0,1,1,0,0
R05893,2025-01-23,2453,Beauty,COD,601,4,0.134,0,7,2,20,0
R03821,2025-01-23,1250,Home,COD,310,9,0.44,0,7,1,10,0
R01605,2025-01-23,451,Home,COD,159,3,0.136,0,11,1,0,0
R00074,2025-01-24,1099,Home,Prepaid,101,5,0.068,0,12,1,30,0
R02819,2025-01-24,831,Electronics,COD,472,7,0.198,0,12,2,20,0
R02697,2025-01-24,807,Clothing,Prepaid,966,6,0.247,0,8,2,0,0
R03348,2025-01-24,343,Home,COD,313,4,0.557,1,8,2,10,1
R00414,2025-01-24,1372,Clothing,Prepaid,620,7,0.371,0,12,2,0,0
R04145,2025-01-24,235,Beauty,COD,666,6,0.251,0,2,3,5,0
R02699,2025-01-24,1879,Beauty,Prepaid,15,4,0.307,0,6,2,30,0
R01005,2025-01-24,2208,Electronics,COD,486,5,0.634,0,6,2,10,1
R03538,2025-01-24,1876,Home,Prepaid,66,5,0.123,0,12,1,30,0
R04204,2025-01-24,2133,Books,COD,362,7,0.02,0,2,4,5,1
R01805,2025-01-24,621,Beauty,Prepaid,175,7,0.225,0,5,2,5,0
R03022,2025-01-24,2715,Beauty,COD,338,5,0.073,0,3,1,5,0
R00670,2025-01-24,1011,Home,Prepaid,777,6,0.291,0,1,2,0,0
R02104,2025-01-24,3544,Home,Prepaid,92,6,0.281,0,8,1,0,0
R00759,2025-01-24,924,Books,COD,891,6,0.103,0,9,1,70,0
R03064,2025-01-24,492,Electronics,Prepaid,576,5,0.129,0,4,2,10,0
R00443,2025-01-24,189,Clothing,Prepaid,281,4,0.614,1,4,3,0,0
R00945,2025-01-24,624,Clothing,COD,715,4,0.06,0,1,1,70,0
R00221,2025-01-24,966,Clothing,Prepaid,417,4,0.183,0,4,2,5,0
R00018,2025-01-24,4796,Clothing,COD,171,11,0.106,0,11,2,0,0
R01645,2025-01-24,484,Clothing,Prepaid,545,7,0.123,0,1,2,5,0
R02431,2025-01-24,2326,Electronics,COD,277,2,0.063,0,2,1,50,0
R00705,2025-01-24,1119,Clothing,COD,700,1,0.348,0,5,1,5,0
R05661,2025-01-24,4358,Clothing,Prepaid,964,10,0.424,0,2,3,50,0
R02085,2025-01-24,804,Books,COD,981,5,0.23,0,9,2,10,0
R03774,2025-01-24,1587,Books,COD,162,1,0.148,0,12,2,30,0
R01776,2025-01-24,1095,Clothing,COD,417,6,0.132,0,5,1,0,0
R03102,2025-01-24,1932,Clothing,COD,50,5,0.298,1,3,2,30,1
R01926,2025-01-24,914,Electronics,COD,788,2,0.266,1,3,3,70,1
R03945,2025-01-24,550,Electronics,Prepaid,940,4,0.187,0,8,1,30,1
R00434,2025-01-24,2455,Clothing,Prepaid,638,8,0.495,0,7,1,10,1
R05885,2025-01-24,1406,Electronics,Prepaid,596,8,0.146,1,2,1,70,0
R02550,2025-01-24,2230,Electronics,Prepaid,421,4,0.039,0,6,1,5,0
R02909,2025-01-24,690,Clothing,COD,249,5,0.333,0,5,2,10,0
R03287,2025-01-24,547,Electronics,Prepaid,741,4,0.111,1,6,1,0,1
R05946,2025-01-24,981,Home,COD,821,10,0.204,0,2,2,70,1
R03513,2025-01-24,1315,Clothing,COD,481,5,0.21,0,3,1,30,0
R04118,2025-01-24,1803,Home,Prepaid,584,6,0.075,0,8,1,10,0
R03165,2025-01-24,649,Beauty,COD,87,4,0.369,0,6,1,0,1
R02006,2025-01-24,1892,Electronics,COD,725,4,0.38,0,11,3,20,0
R00948,2025-01-25,514,Clothing,COD,776,4,0.18,0,4,2,0,0
R04474,2025-01-25,779,Electronics,COD,6,5,0.402,0,12,3,70,0
R02207,2025-01-25,3905,Clothing,Prepaid,472,5,0.25,0,4,2,0,0
R04657,2025-01-25,1239,Beauty,Prepaid,834,9,0.236,0,10,1,20,0
R00823,2025-01-25,3447,Electronics,Prepaid,960,6,0.131,1,11,1,10,0
R02727,2025-01-25,1701,Home,Prepaid,835,11,0.06,0,5,1,0,0
R03606,2025-01-25,760,Clothing,Prepaid,844,9,0.065,0,10,2,20,0
R01358,2025-01-25,3509,Clothing,Prepaid,193,4,0.086,0,4,1,30,0
R02234,2025-01-25,225,Electronics,Prepaid,775,8,0.184,0,1,1,5,1
R05159,2025-01-25,490,Clothing,Prepaid,21,7,0.046,0,8,1,10,0
R01836,2025-01-25,2202,Beauty,COD,746,9,0.107,0,4,2,30,0
R01819,2025-01-25,1222,Electronics,COD,275,5,0.039,0,3,1,30,0
R05560,2025-01-25,2425,Beauty,COD,779,7,0.13,0,8,2,0,0
R04758,2025-01-25,901,Clothing,COD,444,6,0.048,1,7,1,0,0
R03527,2025-01-25,2072,Clothing,Prepaid,60,7,0.046,0,6,1,30,0
R04303,2025-01-25,303,Beauty,Prepaid,68,6,0.197,0,2,2,5,0
R04837,2025-01-25,2174,Clothing,Prepaid,386,7,0.31,0,2,3,5,0
R02480,2025-01-25,695,Books,Prepaid,531,8,0.53,0,10,1,5,0
R03308,2025-01-25,968,Beauty,Prepaid,226,5,0.164,0,4,1,10,0
R05995,2025-01-25,664,Electronics,Prepaid,573,8,0.273,1,12,1,0,0
R01895,2025-01-25,1763,Home,Prepaid,995,6,0.339,0,9,1,5,0
R01342,2025-01-25,1464,Clothing,Prepaid,800,7,0.19,0,7,1,5,0
R00604,2025-01-25,900,Clothing,COD,781,7,0.114,0,9,2,0,0
R05456,2025-01-25,1687,Clothing,COD,428,7,0.488,0,11,1,5,1
R02761,2025-01-25,497,Clothing,COD,767,6,0.358,1,9,3,50,1
R02378,2025-01-25,150,Home,COD,411,2,0.29,0,3,2,30,1
R05089,2025-01-25,2208,Electronics,Prepaid,445,6,0.137,1,5,1,5,0
R05231,2025-01-25,874,Clothing,Prepaid,816,9,0.115,0,3,1,0,0
R04021,2025-01-25,2116,Books,Prepaid,564,4,0.124,0,2,1,5,0
R00682,2025-01-25,813,Clothing,COD,580,7,0.121,0,7,1,10,0
R03269,2025-01-25,181,Clothing,COD,858,4,0.156,0,4,2,10,0
R03204,2025-01-26,274,Clothing,Prepaid,372,7,0.103,1,11,2,10,0
R03249,2025-01-26,2896,Home,Prepaid,867,8,0.082,0,1,2,5,0
R00306,2025-01-26,462,Clothing,Prepaid,304,7,0.07,0,9,1,30,0
R03514,2025-01-26,2049,Beauty,Prepaid,802,8,0.101,0,1,1,5,0
R00329,2025-01-26,584,Electronics,COD,4,19,0.184,0,11,1,5,0
R04368,2025-01-26,2443,Beauty,COD,130,10,0.148,1,1,1,50,0
R00834,2025-01-26,1306,Electronics,Prepaid,332,8,0.05,0,11,1,20,0
R01187,2025-01-26,1264,Clothing,Prepaid,111,4,0.206,0,6,4,5,1
R01090,2025-01-26,888,Clothing,Prepaid,496,5,0.124,0,12,1,0,0
R01963,2025-01-26,443,Electronics,Prepaid,463,7,0.093,0,12,3,20,0
R00769,2025-01-26,1281,Home,Prepaid,842,7,0.19,1,2,3,0,0
R02108,2025-01-26,1153,Clothing,Prepaid,811,2,0.205,0,8,2,0,0
R04026,2025-01-26,1161,Electronics,COD,274,8,0.247,0,9,2,0,0
R05075,2025-01-26,868,Books,Prepaid,428,6,0.029,0,5,1,50,0
R03889,2025-01-26,488,Home,Prepaid,588,6,0.031,0,3,1,50,0
R02210,2025-01-26,291,Clothing,COD,840,10,0.157,0,5,1,0,0
R04668,2025-01-26,2227,Electronics,Prepaid,95,7,0.075,1,1,2,50,0
R00620,2025-01-26,599,Books,Prepaid,723,4,0.179,1,3,1,0,1
R01528,2025-01-26,420,Home,Prepaid,642,5,0.105,0,3,2,5,0
R05428,2025-01-26,1547,Clothing,COD,27,1,0.432,0,9,1,30,1
R03835,2025-01-26,513,Electronics,COD,210,4,0.012,0,1,2,0,0
R02519,2025-01-26,2590,Clothing,COD,997,8,0.149,0,3,2,0,0
R04954,2025-01-26,205,Clothing,Prepaid,511,6,0.422,1,1,1,0,0
R00721,2025-01-26,431,Home,Prepaid,718,3,0.272,0,6,1,30,0
R00241,2025-01-26,520,Beauty,COD,689,7,0.325,0,11,4,30,0
R00462,2025-01-26,1709,Beauty,COD,154,8,0.269,0,1,1,30,0
R00118,2025-01-26,770,Home,Prepaid,537,2,0.008,0,10,1,0,0
R00100,2025-01-26,914,Clothing,Prepaid,245,3,0.281,0,9,2,10,0
R03993,2025-01-26,481,Books,COD,766,1,0.203,0,1,3,0,0
R04016,2025-01-26,649,Books,COD,777,3,0.387,0,10,1,0,1
R05985,2025-01-26,2023,Home,Prepaid,977,2,0.026,0,12,1,0,0
R02736,2025-01-26,2038,Books,Prepaid,489,3,0.369,1,10,2,0,1
R01445,2025-01-26,633,Clothing,Prepaid,331,6,0.029,0,9,1,70,0
R00975,2025-01-27,5950,Clothing,Prepaid,259,5,0.032,0,11,1,20,0
R00408,2025-01-27,696,Clothing,COD,90,5,0.085,0,1,1,50,0
R00457,2025-01-27,704,Books,COD,479,7,0.125,0,7,2,10,0
R00752,2025-01-27,2449,Electronics,Prepaid,457,8,0.372,0,9,1,30,0
R02302,2025-01-27,1141,Home,Prepaid,875,7,0.376,0,9,2,20,1
R00924,2025-01-27,974,Books,COD,470,4,0.315,0,5,3,0,1
R05212,2025-01-27,1122,Books,Prepaid,914,5,0.281,1,8,2,30,0
R04061,2025-01-27,1922,Clothing,COD,376,3,0.109,0,6,2,10,0
R02330,2025-01-27,1705,Electronics,Prepaid,933,8,0.104,0,8,1,0,0
R03069,2025-01-27,5437,Clothing,COD,851,4,0.197,1,3,1,10,1
R01607,2025-01-27,728,Beauty,COD,782,7,0.063,0,6,1,10,0
R05921,2025-01-27,404,Electronics,Prepaid,251,6,0.086,0,2,3,70,0
R01612,2025-01-27,6742,Clothing,COD,939,5,0.09,0,6,2,30,0
R03058,2025-01-27,2538,Home,Prepaid,301,8,0.217,0,12,2,10,0
R04098,2025-01-27,6133,Clothing,COD,73,5,0.313,1,12,1,10,1
R00522,2025-01-27,2606,Beauty,Prepaid,968,7,0.281,0,3,3,10,0
R05906,2025-01-27,1188,Clothing,Prepaid,913,12,0.285,0,5,2,0,0
R05782,2025-01-27,1047,Clothing,Prepaid,809,8,0.142,0,9,1,30,0
R01575,2025-01-27,723,Beauty,Prepaid,108,6,0.015,0,5,1,20,0
R03671,2025-01-27,1960,Electronics,COD,314,3,0.526,0,3,1,20,0
R02891,2025-01-27,1080,Books,Prepaid,141,5,0.24,0,4,1,10,0
R02889,2025-01-27,528,Beauty,Prepaid,171,11,0.131,1,1,1,5,0
R00528,2025-01-27,492,Clothing,COD,982,8,0.461,1,5,3,10,0
R01935,2025-01-27,642,Home,COD,34,4,0.188,0,6,1,20,0
R00938,2025-01-27,299,Home,COD,283,6,0.054,0,1,1,30,0
R00256,2025-01-27,339,Beauty,COD,395,6,0.264,0,3,2,50,1
R05034,2025-01-27,5568,Clothing,Prepaid,431,5,0.125,0,9,1,20,0
R04631,2025-01-27,387,Electronics,COD,903,6,0.295,0,7,2,0,0
R01063,2025-01-27,364,Clothing,Prepaid,554,6,0.381,1,2,2,30,0
R05755,2025-01-27,4138,Clothing,Prepaid,138,4,0.292,0,5,2,10,0
R04348,2025-01-28,532,Electronics,Prepaid,504,7,0.217,0,8,1,20,0
R01970,2025-01-28,2301,Home,COD,422,3,0.458,0,1,2,50,0
R00961,2025-01-28,838,Clothing,Prepaid,961,8,0.48,0,6,2,50,0
R03038,2025-01-28,6708,Clothing,Prepaid,870,3,0.309,0,11,1,20,0
R01677,2025-01-28,1525,Clothing,Prepaid,255,8,0.02,0,10,1,5,0
R00182,2025-01-28,333,Clothing,COD,498,7,0.051,0,5,2,0,0
R04018,2025-01-28,645,Clothing,COD,861,2,0.071,0,3,3,0,1
R03928,2025-01-28,1938,Books,COD,333,8,0.132,0,3,1,20,0
R01698,2025-01-28,876,Electronics,Prepaid,380,9,0.073,0,12,1,0,0
R02063,2025-01-28,2724,Clothing,COD,956,5,0.049,0,8,1,5,0
R02013,2025-01-28,2577,Clothing,Prepaid,316,5,0.528,0,2,1,0,0
R02008,2025-01-28,311,Home,Prepaid,838,3,0.222,1,4,1,0,0
R05052,2025-01-28,751,Beauty,Prepaid,702,7,0.129,0,10,1,0,0
R02308,2025-01-28,888,Clothing,Prepaid,836,7,0.394,0,6,1,10,1
R01104,2025-01-28,1853,Clothing,Prepaid,586,9,0.156,0,11,2,20,0
R03980,2025-01-28,598,Home,Prepaid,720,7,0.407,0,8,2,5,1
R05251,2025-01-28,628,Electronics,Prepaid,910,4,0.222,0,1,2,0,0
R03830,2025-01-28,273,Beauty,COD,581,8,0.256,0,5,1,50,1
R00390,2025-01-28,802,Clothing,COD,200,5,0.078,0,6,1,20,0
R01046,2025-01-28,582,Clothing,Prepaid,484,10,0.048,1,5,1,0,0
R02222,2025-01-28,679,Home,Prepaid,264,6,0.453,0,12,1,10,0
R00273,2025-01-28,582,Home,Prepaid,792,10,0.098,1,6,1,0,0
R04766,2025-01-28,560,Clothing,Prepaid,481,7,0.129,0,3,2,30,0
R03686,2025-01-28,503,Electronics,Prepaid,341,6,0.258,0,10,2,10,0
R05547,2025-01-28,303,Beauty,Prepaid,885,8,0.114,1,2,2,20,0
R02886,2025-01-28,1448,Clothing,COD,470,6,0.108,0,1,1,0,0
R01524,2025-01-28,1048,Beauty,Prepaid,642,10,0.038,0,7,1,5,0
R04752,2025-01-28,195,Clothing,Prepaid,226,3,0.187,0,2,3,0,0
R02639,2025-01-28,960,Clothing,Prepaid,47,5,0.045,0,3,1,5,0
R03701,2025-01-28,1564,Clothing,Prepaid,710,4,0.244,0,1,1,5,0
R01537,2025-01-28,1456,Home,Prepaid,696,9,0.17,0,3,1,5,0
R01481,2025-01-28,316,Electronics,Prepaid,915,3,0.175,0,8,1,50,0
R02663,2025-01-28,2713,Electronics,COD,500,9,0.435,0,11,1,20,0
R05806,2025-01-28,1789,Electronics,Prepaid,250,10,0.305,0,7,1,0,0
R03568,2025-01-28,5455,Electronics,COD,51,7,0.293,1,12,1,0,0
R04720,2025-01-28,492,Electronics,COD,740,9,0.62,0,1,1,0,0
R04113,2025-01-28,1363,Home,COD,590,8,0.14,1,9,1,0,1
R00058,2025-01-28,3041,Clothing,Prepaid,923,5,0.216,0,8,3,0,1
R04211,2025-01-28,1735,Electronics,Prepaid,524,4,0.336,0,8,1,0,0
R05827,2025-01-28,420,Home,Prepaid,305,7,0.371,0,6,1,0,1
R00536,2025-01-28,2138,Beauty,COD,897,5,0.087,0,4,1,50,1
R05824,2025-01-28,422,Home,Prepaid,463,6,0.481,0,4,1,0,0
R04849,2025-01-28,3221,Clothing,Prepaid,741,5,0.398,0,3,3,70,1
R05366,2025-01-28,897,Books,Prepaid,46,8,0.429,0,7,1,0,0
R00357,2025-01-28,1534,Home,Prepaid,815,10,0.202,0,12,2,70,0
R01229,2025-01-28,2960,Electronics,COD,120,5,0.192,1,6,1,20,1
R05902,2025-01-28,1183,Books,COD,399,4,0.32,0,5,1,10,0
R01406,2025-01-29,1085,Home,COD,271,5,0.121,0,5,2,20,0
R05151,2025-01-29,1116,Electronics,COD,163,10,0.065,0,11,1,5,0
R01947,2025-01-29,507,Home,Prepaid,132,6,0.266,0,8,1,0,0
R03253,2025-01-29,3290,Electronics,Prepaid,481,4,0.148,0,11,1,5,0
R00533,2025-01-29,513,Electronics,Prepaid,167,3,0.183,0,9,4,30,0
R05457,2025-01-29,454,Books,COD,376,7,0.393,0,6,1,50,1
R03603,2025-01-29,1237,Clothing,Prepaid,764,7,0.235,0,6,1,0,0
R00847,2025-01-29,1979,Home,Prepaid,845,2,0.207,0,4,2,0,0
R03351,2025-01-29,2318,Beauty,Prepaid,132,9,0.215,0,12,1,50,0
R05832,2025-01-29,823,Electronics,Prepaid,260,4,0.22,1,8,1,5,0
R02792,2025-01-29,864,Home,Prepaid,604,3,0.101,1,9,3,10,0
R03403,2025-01-29,3990,Clothing,Prepaid,446,7,0.264,0,9,1,10,0
R02427,2025-01-29,1507,Books,Prepaid,739,1,0.482,0,6,1,0,0
R04663,2025-01-29,1572,Home,Prepaid,520,5,0.282,0,11,1,0,0
R00884,2025-01-29,668,Electronics,COD,864,4,0.223,0,5,2,0,0
R02868,2025-01-29,727,Home,Prepaid,59,7,0.295,0,6,2,10,0
R05937,2025-01-29,1062,Clothing,Prepaid,843,10,0.154,0,7,1,5,0
R05881,2025-01-29,673,Home,COD,42,6,0.146,0,11,1,30,0
R01695,2025-01-29,14189,Electronics,Prepaid,681,7,0.498,1,9,2,0,0
R03707,2025-01-29,1432,Clothing,COD,943,9,0.096,0,3,2,20,1
R02249,2025-01-29,1182,Clothing,COD,441,5,0.338,0,5,2,0,0
R04557,2025-01-29,798,Clothing,Prepaid,4,3,0.371,0,11,3,30,0
R00750,2025-01-29,1104,Clothing,COD,948,4,0.428,0,7,1,10,1
R03808,2025-01-29,412,Books,Prepaid,379,10,0.08,1,12,1,5,1
R05914,2025-01-29,5451,Electronics,COD,408,4,0.207,0,4,2,20,0
R01655,2025-01-29,749,Electronics,COD,807,10,0.068,1,12,3,10,0
R04418,2025-01-29,1773,Beauty,COD,37,6,0.289,0,6,1,5,0
R00937,2025-01-29,4908,Electronics,COD,42,4,0.109,1,11,1,5,1
R01941,2025-01-30,4226,Beauty,Prepaid,611,6,0.086,0,12,2,0,0
R03322,2025-01-30,1097,Electronics,COD,884,4,0.087,0,8,1,0,0
R01936,2025-01-30,2313,Clothing,COD,673,4,0.043,0,1,2,20,0
R03327,2025-01-30,1467,Beauty,Prepaid,243,8,0.168,0,8,1,5,0
R02369,2025-01-30,1380,Beauty,Prepaid,622,10,0.17,0,4,1,5,0
R00287,2025-01-30,3811,Home,Prepaid,468,6,0.11,0,12,1,20,0
R01596,2025-01-30,879,Books,Prepaid,193,5,0.045,0,8,1,5,0
R01637,2025-01-30,150,Electronics,Prepaid,56,2,0.066,0,5,2,0,0
R02433,2025-01-30,1403,Home,Prepaid,814,2,0.31,0,1,1,0,0
R02720,2025-01-30,867,Clothing,Prepaid,488,5,0.114,0,11,2,10,0
R00350,2025-01-30,630,Electronics,COD,428,2,0.38,0,9,2,20,1
R01908,2025-01-30,4918,Clothing,COD,839,4,0.497,0,1,4,5,1
R04884,2025-01-30,869,Home,COD,239,7,0.325,0,4,1,30,1
R01850,2025-01-30,2667,Beauty,Prepaid,118,15,0.176,0,5,1,0,0
R01854,2025-01-30,1329,Clothing,Prepaid,737,3,0.079,0,5,2,5,0
R05042,2025-01-30,1739,Electronics,Prepaid,704,8,0.242,0,6,1,10,0
R05542,2025-01-30,1039,Clothing,Prepaid,438,8,0.172,0,10,1,20,0
R00041,2025-01-30,485,Electronics,COD,163,4,0.119,0,5,2,10,0
R01076,2025-01-30,1142,Electronics,Prepaid,108,4,0.348,0,9,2,10,0
R00083,2025-01-30,2188,Home,COD,102,8,0.292,0,4,3,0,0
R01778,2025-01-30,732,Clothing,Prepaid,489,4,0.333,0,11,2,0,0
R03163,2025-01-30,1286,Electronics,COD,616,4,0.502,0,8,2,10,0
R02095,2025-01-30,1505,Books,COD,198,10,0.005,0,3,2,0,0
R01487,2025-01-30,2218,Beauty,COD,239,3,0.411,0,5,2,20,0
R02660,2025-01-30,1773,Beauty,Prepaid,639,7,0.03,0,4,2,70,0
R04957,2025-01-30,235,Electronics,COD,452,4,0.056,0,8,1,10,1
R03271,2025-01-30,4432,Electronics,Prepaid,230,7,0.391,1,2,2,10,0
R04583,2025-01-30,1080,Clothing,Prepaid,878,6,0.181,1,7,2,30,0
R01556,2025-01-30,720,Beauty,Prepaid,536,8,0.294,0,10,1,30,0
R02933,2025-01-30,582,Clothing,COD,853,7,0.062,0,4,2,0,0
R00623,2025-01-30,697,Electronics,Prepaid,184,6,0.124,0,6,3,10,0
R00532,2025-01-30,301,Clothing,Prepaid,770,9,0.324,1,9,1,10,1
R05762,2025-01-30,1064,Clothing,Prepaid,599,5,0.261,0,11,3,10,0
R03885,2025-01-30,1097,Books,Prepaid,133,4,0.357,0,10,2,5,0
R03365,2025-01-30,709,Beauty,Prepaid,829,7,0.169,0,9,1,5,0
R05846,2025-01-30,1505,Home,COD,737,4,0.471,0,4,2,0,1
R04220,2025-01-30,2975,Clothing,Prepaid,363,6,0.144,0,6,1,5,0
R04143,2025-01-30,1176,Beauty,COD,294,5,0.224,0,8,1,0,1
R00178,2025-01-30,1521,Electronics,Prepaid,520,5,0.021,1,3,1,10,0
R05978,2025-01-30,694,Books,Prepaid,425,7,0.296,0,10,3,10,0
R03180,2025-01-31,641,Electronics,COD,263,11,0.137,0,7,3,0,0
R00703,2025-01-31,809,Home,Prepaid,753,3,0.24,0,11,1,20,0
R04367,2025-01-31,617,Clothing,COD,559,9,0.206,0,1,1,50,1
R03559,2025-01-31,591,Beauty,Prepaid,500,3,0.276,1,12,1,10,0
R02596,2025-01-31,3209,Home,COD,444,3,0.392,0,4,2,30,0
R04283,2025-01-31,921,Clothing,Prepaid,634,3,0.372,0,4,2,70,0
R05377,2025-01-31,1986,Home,COD,45,7,0.129,1,10,1,5,0
R00262,2025-01-31,2311,Home,COD,294,4,0.774,0,6,3,0,0
R05418,2025-01-31,3150,Beauty,Prepaid,401,8,0.145,0,2,1,5,0
R02940,2025-01-31,794,Beauty,Prepaid,470,4,0.193,0,2,3,10,0
R04372,2025-01-31,1089,Beauty,Prepaid,671,5,0.019,0,5,1,10,0
R02534,2025-01-31,260,Electronics,Prepaid,866,3,0.291,1,8,1,30,0
R03524,2025-01-31,327,Clothing,COD,298,10,0.355,0,11,1,10,0
R05381,2025-01-31,875,Electronics,Prepaid,284,6,0.318,0,2,1,5,0
R03517,2025-01-31,678,Home,Prepaid,471,7,0.185,1,3,3,10,0
R05392,2025-01-31,3560,Electronics,COD,516,4,0.17,0,10,3,20,0
R05888,2025-01-31,499,Home,Prepaid,231,3,0.094,0,3,3,10,0
R04379,2025-01-31,520,Electronics,Prepaid,759,4,0.111,0,1,1,5,0
R03690,2025-01-31,1716,Electronics,Prepaid,266,9,0.091,0,12,2,5,0
R00168,2025-01-31,423,Clothing,COD,127,9,0.182,1,9,1,20,1
R01078,2025-01-31,2109,Home,COD,970,5,0.621,0,1,1,20,1
R03562,2025-01-31,319,Electronics,COD,710,2,0.153,0,11,2,0,0
R02328,2025-01-31,1422,Books,COD,681,5,0.47,0,10,2,0,0
R05620,2025-01-31,2432,Home,COD,411,9,0.176,1,7,2,20,0
R00685,2025-01-31,2949,Clothing,COD,451,10,0.119,0,8,1,10,0
R05176,2025-01-31,2280,Beauty,Prepaid,405,9,0.451,1,8,1,10,1
R05450,2025-01-31,967,Beauty,Prepaid,762,9,0.058,0,6,2,0,0
R02297,2025-01-31,1513,Books,Prepaid,61,15,0.085,0,3,1,0,0
R02200,2025-01-31,5021,Electronics,COD,95,9,0.192,0,2,2,0,1
R01193,2025-01-31,1305,Electronics,COD,545,8,0.26,0,4,1,0,0
R05299,2025-01-31,615,Clothing,COD,814,4,0.309,0,7,3,10,0
R00467,2025-01-31,305,Home,COD,990,7,0.201,0,3,1,20,0
R03049,2025-01-31,3099,Clothing,Prepaid,502,7,0.377,0,1,2,30,0
R04682,2025-01-31,309,Home,COD,731,5,0.082,1,2,1,0,0
R05851,2025-01-31,3707,Electronics,Prepaid,966,10,0.244,0,1,2,0,0
R00187,2025-01-31,681,Home,Prepaid,80,3,0.105,0,9,1,30,0
R01433,2025-01-31,2735,Beauty,COD,879,3,0.149,0,1,2,30,0
R05073,2025-02-01,1857,Clothing,Prepaid,777,6,0.481,0,11,1,5,0
R03196,2025-02-01,1129,Electronics,COD,924,11,0.232,0,7,1,5,0
R02478,2025-02-01,1412,Electronics,Prepaid,42,10,0.1,0,11,1,5,1
R02931,2025-02-01,705,Books,Prepaid,774,9,0.322,0,9,1,20,0
R03097,2025-02-01,1032,Clothing,COD,560,5,0.094,0,4,1,0,0
R00661,2025-02-01,2801,Clothing,COD,835,13,0.198,0,6,2,50,0
R01616,2025-02-01,2441,Clothing,COD,112,1,0.048,0,9,3,0,0
R03257,2025-02-01,739,Home,Prepaid,970,6,0.239,0,5,1,30,0
R02368,2025-02-01,1480,Beauty,Prepaid,677,9,0.111,0,12,1,30,0
R02147,2025-02-01,542,Beauty,COD,606,9,0.128,0,3,1,70,0
R02370,2025-02-01,3986,Clothing,Prepaid,321,3,0.08,0,9,1,5,0
R02450,2025-02-01,637,Electronics,Prepaid,131,4,0.043,1,9,1,10,0
R03761,2025-02-01,506,Clothing,Prepaid,921,12,0.275,0,10,2,30,0
R00704,2025-02-01,350,Home,COD,730,9,0.114,0,3,5,5,0
R03052,2025-02-01,1998,Electronics,COD,147,3,0.242,0,11,2,30,0
R03888,2025-02-01,1924,Clothing,COD,734,3,0.307,0,5,2,0,0
R00908,2025-02-01,1001,Beauty,Prepaid,363,11,0.35,0,7,1,10,0
R00230,2025-02-01,677,Electronics,COD,374,8,0.221,0,8,2,20,0
R03088,2025-02-01,1586,Clothing,COD,707,5,0.335,0,10,1,10,0
R02103,2025-02-01,3305,Clothing,Prepaid,299,8,0.054,1,5,1,20,0
R02248,2025-02-01,2668,Clothing,Prepaid,165,8,0.417,0,2,3,0,1
R00259,2025-02-01,474,Home,COD,479,6,0.445,0,11,1,0,0
R02051,2025-02-01,1305,Clothing,COD,47,6,0.309,0,6,1,20,0
R03950,2025-02-01,2246,Beauty,Prepaid,355,12,0.358,0,11,2,20,0
R00544,2025-02-01,3378,Clothing,Prepaid,406,10,0.397,0,7,1,5,0
R02805,2025-02-01,1011,Electronics,Prepaid,679,8,0.532,0,9,1,10,0
R05486,2025-02-01,5138,Beauty,Prepaid,153,5,0.224,0,10,1,20,0
R01032,2025-02-01,1065,Electronics,Prepaid,595,5,0.412,0,3,1,30,0
R00411,2025-02-01,987,Home,COD,932,6,0.224,0,5,1,0,0
R04634,2025-02-01,892,Home,COD,725,2,0.096,0,5,4,0,0
R00761,2025-02-01,223,Books,Prepaid,500,6,0.526,0,8,1,0,0
R05096,2025-02-01,419,Beauty,COD,704,4,0.197,0,6,1,0,0
R05961,2025-02-01,2556,Clothing,COD,78,10,0.461,0,9,1,0,1
R03289,2025-02-01,527,Clothing,Prepaid,928,5,0.189,1,4,2,50,0
R01702,2025-02-02,2658,Electronics,COD,474,3,0.145,0,6,1,10,0
R02032,2025-02-02,428,Beauty,COD,126,7,0.142,1,4,2,70,1
R03668,2025-02-02,1852,Electronics,Prepaid,915,2,0.116,0,5,2,5,0
R03087,2025-02-02,2361,Electronics,Prepaid,10,4,0.259,0,8,3,30,0
R05303,2025-02-02,1662,Clothing,Prepaid,384,4,0.281,0,1,1,5,0
R05474,2025-02-02,4532,Clothing,COD,435,3,0.072,0,2,1,70,0
R03792,2025-02-02,1418,Clothing,COD,247,7,0.314,0,8,2,30,0
R03824,2025-02-02,388,Clothing,Prepaid,127,8,0.125,0,4,1,10,0
R01174,2025-02-02,4813,Clothing,COD,102,8,0.033,0,4,1,70,0
R00469,2025-02-02,2179,Clothing,Prepaid,683,6,0.09,0,6,1,5,0
R00564,2025-02-02,295,Clothing,Prepaid,959,6,0.205,0,7,1,5,0
R04929,2025-02-02,3737,Clothing,Prepaid,920,6,0.163,0,7,1,0,0
R02381,2025-02-02,1078,Clothing,Prepaid,236,7,0.293,0,12,1,5,0
R03879,2025-02-02,938,Home,Prepaid,2,10,0.369,0,6,1,10,0
R02275,2025-02-02,1109,Electronics,COD,786,4,0.166,0,4,1,0,0
R01405,2025-02-02,1967,Electronics,COD,358,5,0.119,0,5,1,0,0
R02483,2025-02-02,561,Electronics,COD,939,3,0.237,0,1,1,5,0
R05391,2025-02-02,922,Home,Prepaid,680,5,0.071,0,8,1,20,0
R04226,2025-02-02,6467,Clothing,COD,368,8,0.109,0,9,2,10,0
R05493,2025-02-02,414,Electronics,Prepaid,818,4,0.33,0,3,1,30,0
R01883,2025-02-02,5188,Home,Prepaid,685,5,0.122,0,8,1,0,0
R01886,2025-02-02,1037,Beauty,COD,803,7,0.501,0,2,2,0,0
R00392,2025-02-02,229,Home,Prepaid,879,12,0.189,0,10,2,10,0
R04168,2025-02-02,366,Clothing,COD,173,6,0.128,0,2,2,5,0
R00349,2025-02-02,4782,Beauty,Prepaid,469,5,0.227,0,9,2,0,1
R04628,2025-02-02,1078,Books,COD,321,4,0.122,0,4,1,70,0
R04773,2025-02-02,1604,Clothing,Prepaid,233,11,0.162,0,9,1,30,0
R04391,2025-02-02,866,Clothing,Prepaid,179,7,0.441,0,1,2,5,0
R02613,2025-02-02,877,Clothing,COD,153,1,0.035,0,11,3,0,1
R00251,2025-02-02,1476,Books,COD,887,8,0.28,0,12,2,10,0
R03787,2025-02-02,2081,Electronics,Prepaid,693,4,0.128,0,10,1,20,0
R01106,2025-02-02,3780,Clothing,COD,421,7,0.297,0,2,4,0,1
R03099,2025-02-03,1228,Home,Prepaid,776,7,0.089,0,12,1,0,0
R05940,2025-02-03,643,Books,COD,89,8,0.104,0,7,2,5,0
R05496,2025-02-03,2980,Electronics,Prepaid,604,7,0.14,1,8,1,0,0
R04983,2025-02-03,2272,Books,Prepaid,946,6,0.143,0,11,1,0,0
R02926,2025-02-03,3122,Clothing,COD,233,4,0.087,0,8,1,5,0
R02674,2025-02-03,1384,Electronics,Prepaid,833,8,0.055,0,12,2,0,0
R05329,2025-02-03,1272,Beauty,Prepaid,214,7,0.097,1,7,2,0,1
R04156,2025-02-03,2505,Beauty,Prepaid,39,5,0.361,0,6,1,30,0
R02929,2025-02-03,2320,Beauty,Prepaid,181,11,0.398,0,12,1,30,0
R02741,2025-02-03,1604,Home,Prepaid,320,3,0.193,0,3,1,20,1
R05618,2025-02-03,948,Home,Prepaid,312,5,0.065,0,2,1,0,0
R01663,2025-02-03,2421,Electronics,Prepaid,874,4,0.079,0,4,1,0,0
R00912,2025-02-03,664,Electronics,Prepaid,865,6,0.272,0,9,2,10,1
R01345,2025-02-03,1413,Home,COD,23,5,0.287,0,9,1,30,0
R01639,2025-02-03,814,Clothing,Prepaid,988,9,0.277,0,9,3,5,0
R01326,2025-02-03,455,Electronics,COD,339,7,0.149,0,11,3,0,0
R03529,2025-02-03,941,Electronics,Prepaid,251,6,0.271,0,10,1,5,0
R01432,2025-02-03,1186,Books,Prepaid,357,6,0.091,1,8,1,0,0
R04331,2025-02-03,840,Clothing,COD,108,2,0.277,0,11,1,20,1
R02385,2025-02-03,2368,Clothing,COD,758,11,0.162,0,4,1,5,0
R04408,2025-02-03,369,Home,Prepaid,690,4,0.175,0,2,2,50,0
R01929,2025-02-03,896,Home,Prepaid,382,8,0.263,0,12,4,5,0
R00023,2025-02-03,988,Electronics,Prepaid,462,2,0.014,1,1,1,0,1
R05271,2025-02-03,2583,Electronics,Prepaid,347,6,0.56,0,2,1,0,0
R04019,2025-02-03,571,Clothing,COD,838,4,0.339,0,1,1,5,0
R01891,2025-02-03,866,Clothing,COD,713,7,0.487,0,4,2,10,1
R01798,2025-02-03,992,Electronics,COD,79,5,0.021,0,5,1,5,0
R03290,2025-02-03,1471,Beauty,COD,886,6,0.091,1,11,2,30,0
R01960,2025-02-03,967,Home,Prepaid,83,5,0.056,1,6,1,0,0
R03935,2025-02-03,2132,Home,Prepaid,439,5,0.139,0,7,2,0,0
R03359,2025-02-03,1250,Electronics,Prepaid,631,6,0.016,0,1,2,30,0
R00635,2025-02-03,433,Home,Prepaid,381,6,0.415,0,9,2,0,0
R04009,2025-02-04,1610,Clothing,Prepaid,731,9,0.072,0,4,1,0,0
R04905,2025-02-04,1032,Books,COD,268,3,0.069,0,5,2,30,1
R03045,2025-02-04,558,Electronics,COD,809,6,0.167,0,4,2,10,0
R02071,2025-02-04,1954,Clothing,Prepaid,920,6,0.309,1,9,2,10,1
R00072,2025-02-04,1241,Books,COD,774,10,0.071,0,2,1,10,0
R04248,2025-02-04,1498,Clothing,COD,13,7,0.644,1,6,3,0,1
R04956,2025-02-04,1466,Home,Prepaid,416,4,0.635,0,3,1,5,1
R04875,2025-02-04,1496,Electronics,Prepaid,133,8,0.048,0,10,3,10,1
R01523,2025-02-04,1318,Beauty,COD,226,10,0.072,0,4,2,5,0
R04491,2025-02-04,1668,Books,COD,752,9,0.137,0,8,1,0,0
R03913,2025-02-04,1659,Home,COD,344,5,0.058,0,5,1,10,0
R01178,2025-02-04,398,Books,Prepaid,617,4,0.106,0,6,2,50,0
R02993,2025-02-04,2110,Books,Prepaid,770,5,0.28,0,3,2,0,0
R01534,2025-02-04,1308,Electronics,Prepaid,895,7,0.58,0,6,1,5,0
R03394,2025-02-04,461,Clothing,COD,686,3,0.083,0,2,1,30,0
R05681,2025-02-04,625,Clothing,Prepaid,219,6,0.132,0,5,1,30,0
R04796,2025-02-04,828,Home,Prepaid,857,6,0.113,0,10,1,10,0
R02554,2025-02-04,739,Clothing,COD,528,12,0.284,1,9,1,20,0
R03295,2025-02-04,459,Clothing,Prepaid,692,6,0.162,0,12,1,10,0
R05969,2025-02-04,2208,Books,Prepaid,804,7,0.201,0,6,4,10,0
R02392,2025-02-04,1882,Electronics,Prepaid,69,4,0.625,0,10,1,5,1
R00253,2025-02-04,1214,Clothing,Prepaid,348,4,0.562,0,12,2,5,1
R03194,2025-02-04,573,Electronics,COD,764,8,0.215,0,6,2,0,0
R03256,2025-02-04,1496,Books,Prepaid,509,6,0.451,0,3,2,30,0
R01651,2025-02-04,477,Beauty,Prepaid,861,10,0.084,0,4,2,0,0
R04103,2025-02-04,673,Home,COD,665,3,0.006,0,10,1,10,0
R04448,2025-02-04,2550,Electronics,COD,107,5,0.147,0,8,1,5,0
R03776,2025-02-04,1053,Electronics,COD,544,6,0.159,1,2,1,50,0
R04564,2025-02-04,326,Electronics,COD,444,2,0.146,0,9,1,0,0
R04871,2025-02-04,1717,Clothing,COD,378,7,0.203,1,6,1,5,0
R00523,2025-02-04,475,Clothing,COD,832,10,0.441,0,8,1,0,1
R02220,2025-02-04,3338,Clothing,Prepaid,624,11,0.26,0,4,1,30,0
R02810,2025-02-04,1118,Beauty,Prepaid,603,8,0.076,0,11,1,5,0
R00888,2025-02-04,3557,Beauty,Prepaid,416,3,0.011,0,2,1,50,0
R01113,2025-02-04,649,Beauty,COD,444,4,0.044,0,2,3,30,1
R02738,2025-02-04,2162,Home,Prepaid,235,5,0.213,0,2,1,30,0
R05905,2025-02-04,1336,Books,COD,138,7,0.146,1,8,2,10,0
R04985,2025-02-04,2146,Beauty,Prepaid,21,5,0.021,0,12,1,0,0
R02944,2025-02-04,1817,Beauty,COD,11,3,0.028,0,1,3,70,0
R02466,2025-02-05,3545,Beauty,Prepaid,615,4,0.205,0,5,1,0,0
R04827,2025-02-05,562,Beauty,COD,960,5,0.319,0,10,1,0,0
R04492,2025-02-05,150,Books,Prepaid,754,11,0.185,0,1,1,5,0
R03024,2025-02-05,3278,Beauty,COD,520,4,0.552,0,4,3,10,0
R05234,2025-02-05,490,Home,COD,268,7,0.178,0,3,1,10,0
R03258,2025-02-05,1294,Clothing,COD,373,10,0.26,1,12,2,10,0
R05781,2025-02-05,424,Home,Prepaid,52,3,0.213,0,1,1,0,0
R05168,2025-02-05,1983,Books,Prepaid,330,3,0.2,0,6,1,0,0
R03909,2025-02-05,423,Books,COD,283,7,0.2,0,4,1,50,0
R04844,2025-02-05,1829,Home,Prepaid,69,6,0.288,1,6,4,5,0
R03182,2025-02-05,772,Electronics,Prepaid,0,10,0.289,0,9,1,20,0
R04581,2025-02-05,714,Clothing,COD,267,5,0.237,1,8,1,0,0
R03040,2025-02-05,1189,Electronics,Prepaid,526,3,0.019,1,12,1,0,0
R05911,2025-02-05,613,Electronics,COD,332,10,0.095,0,10,1,10,0
R02890,2025-02-05,1060,Clothing,COD,496,4,0.073,0,2,1,30,0
R02745,2025-02-05,944,Home,COD,998,7,0.051,0,6,1,50,1
R02094,2025-02-05,150,Electronics,COD,74,5,0.205,0,8,1,10,0
R00993,2025-02-05,423,Clothing,COD,872,5,0.081,0,7,4,0,0
R01770,2025-02-05,527,Home,Prepaid,360,8,0.527,0,9,1,20,0
R03837,2025-02-05,1338,Clothing,Prepaid,485,5,0.421,0,12,1,5,0
R05465,2025-02-05,602,Home,Prepaid,190,4,0.372,0,9,3,0,1
R00052,2025-02-05,413,Clothing,Prepaid,165,8,0.226,0,10,2,5,0
R05001,2025-02-05,3081,Electronics,Prepaid,603,6,0.014,0,5,1,10,0
R01115,2025-02-05,3718,Beauty,COD,845,7,0.037,1,1,2,5,0
R05280,2025-02-05,494,Clothing,COD,516,5,0.02,0,4,2,30,0
R04656,2025-02-05,1656,Beauty,COD,138,8,0.144,1,8,1,30,1
R00838,2025-02-05,286,Clothing,Prepaid,613,10,0.141,0,6,1,30,0
R03153,2025-02-05,2217,Electronics,Prepaid,91,5,0.258,1,2,3,0,0
R00543,2025-02-05,2846,Beauty,COD,99,10,0.088,0,1,1,30,0
R02813,2025-02-05,734,Home,Prepaid,693,6,0.03,0,6,1,20,0
R05763,2025-02-05,3842,Clothing,Prepaid,641,8,0.265,0,8,2,10,0
R04791,2025-02-05,306,Home,COD,697,5,0.301,1,6,3,20,1
R05953,2025-02-05,375,Clothing,Prepaid,966,4,0.367,0,8,2,0,0
R01787,2025-02-05,566,Clothing,Prepaid,871,6,0.101,0,6,1,30,0
R02851,2025-02-05,3368,Books,COD,662,5,0.052,0,8,1,0,0
R02861,2025-02-05,7559,Home,Prepaid,462,5,0.103,0,1,1,0,0
R03693,2025-02-05,490,Beauty,Prepaid,674,1,0.197,0,12,2,0,0
R00398,2025-02-05,1925,Clothing,Prepaid,493,10,0.078,0,9,3,20,0
R03504,2025-02-06,464,Beauty,Prepaid,115,3,0.375,1,9,2,5,0
R03288,2025-02-06,575,Books,Prepaid,518,6,0.119,0,1,1,10,0
R00339,2025-02-06,587,Clothing,Prepaid,245,9,0.225,0,7,1,0,0
R02773,2025-02-06,3509,Clothing,COD,766,3,0.382,0,6,1,0,0
R00872,2025-02-06,841,Clothing,Prepaid,996,3,0.079,0,6,1,0,0
R05177,2025-02-06,665,Home,Prepaid,827,6,0.191,0,6,2,30,0
R05717,2025-02-06,1150,Clothing,Prepaid,915,2,0.104,0,4,1,0,0
R03894,2025-02-06,178,Clothing,COD,394,10,0.473,0,6,2,10,1
R05796,2025-02-06,845,Home,Prepaid,978,8,0.245,0,3,1,0,0
R04164,2025-02-06,2008,Beauty,COD,919,4,0.067,0,4,1,0,0
R02815,2025-02-06,316,Electronics,Prepaid,145,6,0.184,0,12,2,10,0
R00224,2025-02-06,1124,Home,Prepaid,178,7,0.217,0,8,1,50,0
R04570,2025-02-06,1766,Books,Prepaid,71,4,0.08,0,11,1,20,0
R04578,2025-02-06,1144,Clothing,Prepaid,130,3,0.115,0,10,2,0,0
R02900,2025-02-06,1169,Clothing,Prepaid,17,2,0.166,0,4,1,10,0
R02511,2025-02-06,6357,Clothing,COD,604,8,0.236,1,3,1,50,1
R00009,2025-02-06,777,Clothing,Prepaid,43,5,0.205,0,8,1,5,0
R03965,2025-02-06,1963,Clothing,Prepaid,833,9,0.143,0,4,1,0,0
R04811,2025-02-06,4297,Clothing,COD,635,8,0.262,0,1,2,30,0
R03736,2025-02-06,663,Books,Prepaid,160,5,0.283,0,3,1,30,0
R01364,2025-02-06,830,Books,Prepaid,719,7,0.144,0,7,2,70,0
R02643,2025-02-06,516,Beauty,COD,798,12,0.102,0,4,2,10,1
R04159,2025-02-06,1434,Clothing,Prepaid,754,3,0.179,1,4,1,10,0
R02116,2025-02-06,2585,Books,Prepaid,121,7,0.021,0,12,2,10,0
R00653,2025-02-06,804,Clothing,COD,576,8,0.161,0,8,2,0,0
R01085,2025-02-06,843,Electronics,Prepaid,486,8,0.185,0,8,1,0,0
R01704,2025-02-06,1004,Electronics,Prepaid,517,9,0.214,0,10,1,5,0
R02349,2025-02-06,4804,Home,COD,750,4,0.035,0,4,2,10,0
R03832,2025-02-06,510,Home,Prepaid,857,6,0.381,1,10,1,5,1
R00664,2025-02-06,1606,Home,Prepaid,999,2,0.669,0,9,2,10,0
R01740,2025-02-06,569,Home,COD,68,5,0.43,1,9,1,20,0
R05623,2025-02-06,819,Clothing,Prepaid,578,7,0.344,0,6,1,0,1
R00102,2025-02-06,1424,Clothing,Prepaid,807,8,0.088,0,8,2,20,0
R04262,2025-02-06,11410,Beauty,COD,744,4,0.159,1,12,1,10,1
R04886,2025-02-06,255,Electronics,Prepaid,402,6,0.055,0,2,1,0,0
R05943,2025-02-06,3413,Clothing,Prepaid,827,6,0.034,0,10,1,20,0
R00426,2025-02-06,2052,Electronics,Prepaid,74,4,0.404,0,1,1,0,0
R01796,2025-02-06,601,Clothing,Prepaid,849,10,0.091,0,7,1,5,0
R05667,2025-02-06,257,Electronics,COD,706,11,0.212,0,8,1,30,0
R01872,2025-02-07,1049,Clothing,COD,832,9,0.13,1,10,1,0,1
R02870,2025-02-07,469,Clothing,COD,870,8,0.034,0,4,3,10,0
R01940,2025-02-07,601,Clothing,Prepaid,450,8,0.202,1,11,2,0,0
R04654,2025-02-07,172,Clothing,COD,925,7,0.033,0,8,3,50,0
R00735,2025-02-07,752,Clothing,COD,607,3,0.355,0,7,2,0,1
R02360,2025-02-07,900,Beauty,COD,866,6,0.547,0,1,3,0,0
R05690,2025-02-07,699,Beauty,Prepaid,656,7,0.416,0,7,1,10,0
R05625,2025-02-07,1581,Electronics,Prepaid,832,3,0.247,0,11,1,10,0
R05864,2025-02-07,669,Home,COD,483,5,0.284,0,11,1,0,0
R05175,2025-02-07,3497,Clothing,COD,948,2,0.272,0,7,1,10,0
R03242,2025-02-07,3623,Clothing,COD,978,8,0.212,0,8,1,0,0
R05276,2025-02-07,947,Electronics,Prepaid,596,4,0.021,0,9,2,30,0
R01474,2025-02-07,1967,Clothing,Prepaid,826,8,0.023,0,2,4,0,0
R01072,2025-02-07,639,Home,Prepaid,486,4,0.232,1,9,3,0,0
R05313,2025-02-07,822,Clothing,Prepaid,839,7,0.117,0,6,2,20,0
R04059,2025-02-07,411,Home,COD,188,4,0.12,0,8,2,0,0
R03433,2025-02-07,1233,Clothing,COD,296,4,0.207,1,1,2,10,1
R03583,2025-02-07,1104,Beauty,Prepaid,900,3,0.197,0,5,1,5,0
R05494,2025-02-07,1797,Beauty,Prepaid,430,5,0.33,0,6,2,5,1
R05979,2025-02-07,3152,Home,Prepaid,151,8,0.242,0,8,1,5,0
R02496,2025-02-07,739,Clothing,COD,739,6,0.254,0,6,3,0,1
R03079,2025-02-07,687,Clothing,COD,464,7,0.002,0,12,3,70,0
R03241,2025-02-07,1433,Home,Prepaid,231,10,0.124,0,3,3,20,0
R02765,2025-02-07,870,Electronics,Prepaid,617,7,0.182,0,6,2,10,0
R02474,2025-02-07,729,Clothing,COD,720,4,0.386,0,9,1,30,1
R04119,2025-02-07,2826,Clothing,Prepaid,406,5,0.056,1,9,1,0,1
R04755,2025-02-08,3619,Electronics,COD,586,2,0.151,0,7,2,20,0
R02523,2025-02-08,2865,Electronics,Prepaid,21,6,0.207,0,12,1,5,0
R03179,2025-02-08,1121,Electronics,COD,75,4,0.094,0,7,2,5,0
R02602,2025-02-08,1306,Clothing,COD,854,3,0.109,0,9,2,5,0
R03526,2025-02-08,1318,Books,COD,382,5,0.386,0,7,2,0,0
R03297,2025-02-08,590,Beauty,Prepaid,115,5,0.462,1,1,1,5,0
R04605,2025-02-08,1481,Beauty,COD,955,3,0.344,1,3,3,0,0
R00142,2025-02-08,293,Clothing,Prepaid,792,8,0.305,0,11,2,0,0
R01710,2025-02-08,1349,Electronics,Prepaid,339,7,0.292,0,12,2,20,0
R02444,2025-02-08,2262,Home,COD,597,6,0.275,0,8,2,50,0
R05725,2025-02-08,1672,Electronics,COD,971,5,0.29,1,3,1,10,1
R05040,2025-02-08,4586,Beauty,COD,660,11,0.104,0,8,1,20,0
R03960,2025-02-08,498,Books,Prepaid,321,3,0.419,0,11,1,0,0
R02462,2025-02-08,1271,Clothing,COD,844,3,0.155,0,4,2,0,1
R02734,2025-02-08,1111,Beauty,COD,793,5,0.047,0,1,3,5,0
R04673,2025-02-08,3267,Books,COD,807,10,0.275,0,2,2,5,0
R02470,2025-02-08,3762,Clothing,Prepaid,256,9,0.328,0,10,2,30,0
R05996,2025-02-08,765,Books,Prepaid,409,3,0.133,0,12,1,0,0
R03328,2025-02-08,630,Home,COD,883,5,0.217,0,6,2,50,1
R03232,2025-02-08,1185,Electronics,Prepaid,817,10,0.219,0,2,2,10,0
R02665,2025-02-08,617,Clothing,Prepaid,639,4,0.075,0,1,1,5,0
R04996,2025-02-08,2263,Clothing,COD,499,10,0.288,0,6,1,0,0
R01988,2025-02-08,345,Clothing,Prepaid,537,13,0.035,0,4,2,5,0
R04188,2025-02-08,6456,Clothing,COD,941,3,0.568,1,5,2,20,0
R01745,2025-02-08,1467,Clothing,Prepaid,428,5,0.231,0,5,2,5,0
R01989,2025-02-08,1060,Books,COD,873,4,0.052,0,8,2,0,0
R05487,2025-02-08,1588,Books,COD,3,5,0.02,0,6,1,10,0
R02277,2025-02-08,3422,Home,COD,933,5,0.486,0,2,1,10,0
R04587,2025-02-08,1196,Clothing,Prepaid,952,8,0.162,0,2,2,5,0
R04027,2025-02-08,1318,Home,COD,525,6,0.136,0,10,1,30,0
R02839,2025-02-09,4097,Electronics,Prepaid,225,3,0.302,1,7,1,30,0
R01355,2025-02-09,2833,Beauty,Prepaid,951,7,0.213,1,10,1,50,0
R03683,2025-02-09,936,Home,COD,727,6,0.195,0,10,3,50,0
R03670,2025-02-09,718,Beauty,Prepaid,675,4,0.41,0,10,1,0,0
R05752,2025-02-09,5248,Electronics,COD,509,7,0.178,1,2,1,20,0
R03444,2025-02-09,1596,Beauty,COD,678,7,0.06,0,5,1,50,0
R03952,2025-02-09,2355,Books,COD,98,6,0.23,0,9,3,30,1
R01395,2025-02-09,5523,Electronics,Prepaid,782,9,0.337,0,11,1,70,1
R03586,2025-02-09,1326,Clothing,COD,44,3,0.23,0,1,2,5,0
R05656,2025-02-09,602,Clothing,COD,853,6,0.019,0,8,2,5,0
R05545,2025-02-09,1246,Electronics,COD,518,8,0.122,0,11,1,50,0
R05957,2025-02-09,724,Home,COD,39,3,0.164,0,12,1,0,0
R03476,2025-02-09,559,Clothing,Prepaid,77,6,0.174,0,1,2,70,0
R04556,2025-02-09,2030,Books,COD,952,6,0.503,0,6,1,50,0
R02553,2025-02-09,210,Electronics,Prepaid,55,7,0.029,0,4,1,10,0
R03018,2025-02-09,1157,Beauty,Prepaid,750,7,0.107,1,8,1,20,0
R02874,2025-02-09,808,Clothing,COD,819,3,0.019,0,8,3,50,0
R02358,2025-02-09,1538,Electronics,Prepaid,998,5,0.064,0,10,4,5,0
R00964,2025-02-09,2138,Clothing,Prepaid,530,4,0.2,1,12,2,5,0
R05567,2025-02-09,721,Beauty,Prepaid,334,1,0.322,0,9,2,30,1
R02194,2025-02-09,2305,Home,Prepaid,222,8,0.133,0,11,2,20,0
R01582,2025-02-09,393,Beauty,COD,150,2,0.091,0,8,1,20,0
R02394,2025-02-09,698,Electronics,COD,837,9,0.101,0,3,2,5,0
R05549,2025-02-09,409,Beauty,COD,617,9,0.057,0,8,1,20,0
R05570,2025-02-09,220,Beauty,Prepaid,528,5,0.196,0,4,1,0,0
R00903,2025-02-09,269,Home,Prepaid,517,7,0.175,0,10,1,10,0
R03622,2025-02-10,1294,Clothing,Prepaid,199,3,0.192,0,7,1,20,0
R05662,2025-02-10,393,Clothing,Prepaid,137,4,0.065,0,8,2,30,0
R02703,2025-02-10,203,Clothing,COD,904,4,0.294,0,1,1,5,0
R03029,2025-02-10,3358,Books,COD,413,2,0.555,0,6,1,0,1
R03413,2025-02-10,1068,Electronics,Prepaid,949,2,0.317,0,8,1,20,0
R04967,2025-02-10,1931,Electronics,COD,164,10,0.246,1,3,2,30,1
R03869,2025-02-10,1053,Home,COD,505,8,0.179,0,12,2,0,0
R03882,2025-02-10,1345,Home,Prepaid,723,6,0.191,0,6,2,10,0
R04930,2025-02-10,1766,Home,Prepaid,222,2,0.172,0,7,2,10,0
R02914,2025-02-10,3794,Clothing,COD,627,8,0.184,0,12,2,20,1
R04261,2025-02-10,420,Beauty,COD,125,11,0.338,0,9,2,5,0
R03152,2025-02-10,1455,Home,Prepaid,171,11,0.178,1,7,2,20,0
R05739,2025-02-10,1554,Beauty,COD,941,9,0.25,0,3,1,10,0
R05884,2025-02-10,1451,Clothing,COD,189,5,0.08,0,8,2,0,0
R03314,2025-02-10,5361,Clothing,Prepaid,919,6,0.008,0,2,1,0,0
R05502,2025-02-10,1661,Beauty,Prepaid,900,3,0.147,1,11,2,20,0
R01839,2025-02-10,2247,Clothing,COD,454,11,0.067,0,12,1,0,0
R00976,2025-02-10,636,Clothing,COD,299,6,0.16,0,10,1,20,0
R02747,2025-02-10,560,Clothing,COD,670,4,0.144,0,1,1,30,0
R05320,2025-02-10,225,Electronics,Prepaid,798,2,0.118,0,9,1,50,0
R02241,2025-02-10,1717,Clothing,Prepaid,174,6,0.139,0,12,4,0,0
R05432,2025-02-10,1585,Clothing,Prepaid,856,8,0.061,0,11,3,10,0
R00363,2025-02-10,2366,Home,Prepaid,806,3,0.153,0,10,1,5,0
R04209,2025-02-10,695,Clothing,Prepaid,979,8,0.019,0,12,1,30,0
R03181,2025-02-10,1705,Clothing,COD,180,5,0.023,0,12,2,0,0
R01257,2025-02-10,444,Clothing,Prepaid,948,7,0.055,0,2,1,30,0
R03714,2025-02-10,556,Home,Prepaid,118,6,0.211,0,6,3,10,0
R04803,2025-02-10,704,Electronics,COD,293,3,0.505,0,9,1,0,0
R03850,2025-02-10,2281,Books,Prepaid,941,6,0.051,0,8,1,50,0
R05772,2025-02-10,566,Books,Prepaid,754,4,0.245,0,5,2,0,0
R03197,2025-02-10,730,Beauty,COD,640,6,0.133,1,1,3,0,1
R03471,2025-02-10,2799,Electronics,Prepaid,963,10,0.223,0,6,1,10,0
R03741,2025-02-10,447,Home,Prepaid,672,6,0.307,1,6,1,0,0
R05587,2025-02-10,1273,Clothing,Prepaid,272,3,0.271,0,7,1,5,0
R02299,2025-02-10,3847,Clothing,Prepaid,753,5,0.416,0,11,2,20,0
R00412,2025-02-11,1035,Clothing,COD,611,14,0.215,0,9,3,0,0
R02968,2025-02-11,810,Clothing,COD,523,5,0.021,0,7,1,10,0
R03782,2025-02-11,440,Electronics,Prepaid,638,5,0.556,0,3,1,10,0
R01656,2025-02-11,150,Beauty,COD,816,3,0.29,0,10,2,70,1
R05246,2025-02-11,1517,Clothing,Prepaid,920,5,0.257,0,12,1,5,0
R00567,2025-02-11,687,Beauty,COD,403,6,0.251,0,9,4,0,1
R03336,2025-02-11,1022,Electronics,Prepaid,920,7,0.262,0,8,2,5,0
R05351,2025-02-11,2072,Books,COD,635,6,0.009,0,12,2,20,0
R02936,2025-02-11,1458,Electronics,Prepaid,767,3,0.158,0,9,3,0,0
R03702,2025-02-11,501,Home,Prepaid,847,6,0.037,0,1,1,0,0
R04155,2025-02-11,1913,Beauty,Prepaid,626,8,0.354,0,5,1,10,1
R01512,2025-02-11,472,Electronics,Prepaid,754,7,0.107,0,7,1,30,0
R01479,2025-02-11,735,Beauty,COD,587,9,0.2,0,6,4,0,0
R03811,2025-02-11,959,Clothing,Prepaid,469,9,0.116,0,4,3,0,0
R00032,2025-02-11,533,Clothing,Prepaid,445,4,0.133,1,5,2,10,0
R02315,2025-02-11,391,Electronics,COD,619,5,0.17,0,3,3,50,1
R03484,2025-02-11,4456,Home,Prepaid,813,7,0.263,0,4,1,20,0
R01545,2025-02-11,3492,Electronics,COD,5,6,0.273,1,1,4,20,1
R00326,2025-02-11,990,Beauty,Prepaid,325,2,0.017,1,10,2,20,1
R01503,2025-02-11,1776,Home,COD,885,3,0.051,0,10,1,0,0
R03089,2025-02-11,1151,Electronics,COD,884,5,0.256,0,12,2,0,0
R05036,2025-02-11,3144,Beauty,Prepaid,34,5,0.286,0,8,1,5,0
R05416,2025-02-11,769,Beauty,Prepaid,11,7,0.062,0,7,2,5,0
R00078,2025-02-11,455,Home,Prepaid,332,5,0.269,0,5,1,30,0
R04373,2025-02-11,13183,Electronics,COD,608,7,0.28,0,7,2,0,0
R00626,2025-02-12,1609,Home,Prepaid,92,10,0.1,0,11,2,50,0
R02209,2025-02-12,525,Clothing,Prepaid,249,7,0.248,1,11,2,0,0
R05030,2025-02-12,2587,Home,Prepaid,748,6,0.126,0,5,1,0,0
R00637,2025-02-12,2769,Beauty,Prepaid,131,6,0.103,0,11,1,30,0
R00719,2025-02-12,705,Books,Prepaid,507,7,0.216,0,7,1,0,0
R04764,2025-02-12,1018,Clothing,COD,623,7,0.173,0,4,2,5,0
R01609,2025-02-12,416,Clothing,Prepaid,802,7,0.329,1,8,2,20,0
R05305,2025-02-12,830,Beauty,Prepaid,575,8,0.543,0,2,1,30,0
R04706,2025-02-12,1427,Electronics,Prepaid,685,9,0.243,0,2,2,0,0
R02293,2025-02-12,1232,Beauty,COD,672,4,0.178,0,4,1,0,0
R01817,2025-02-12,478,Clothing,Prepaid,440,3,0.485,1,9,2,5,1
R03628,2025-02-12,1574,Home,COD,522,6,0.312,0,4,2,5,0
R04834,2025-02-12,2522,Home,Prepaid,98,5,0.055,0,5,1,10,0
R04964,2025-02-12,814,Home,Prepaid,325,10,0.189,0,6,1,0,0
R01877,2025-02-12,434,Clothing,COD,331,6,0.322,1,4,1,70,1
R03911,2025-02-12,680,Beauty,Prepaid,492,5,0.316,1,1,3,20,0
R05387,2025-02-12,581,Books,Prepaid,904,3,0.137,0,1,2,0,0
R02175,2025-02-12,1598,Clothing,Prepaid,282,6,0.12,0,4,1,0,0
R05216,2025-02-12,655,Clothing,COD,663,6,0.238,0,1,1,0,0
R00566,2025-02-12,238,Beauty,Prepaid,94,8,0.165,0,2,1,0,0
R02882,2025-02-12,1857,Clothing,Prepaid,545,10,0.304,1,11,1,50,1
R00486,2025-02-12,406,Beauty,COD,171,7,0.45,0,5,1,30,0
R00148,2025-02-12,6435,Home,Prepaid,68,5,0.224,0,12,2,70,0
R03435,2025-02-12,1058,Home,Prepaid,655,4,0.177,0,12,1,0,0
R03255,2025-02-12,440,Books,COD,898,6,0.119,0,4,2,30,0
R01386,2025-02-12,605,Books,COD,978,4,0.223,0,6,1,30,0
R01291,2025-02-12,348,Clothing,COD,770,5,0.099,0,6,1,0,0
R05694,2025-02-12,2187,Clothing,COD,556,9,0.491,0,7,1,0,0
R00327,2025-02-12,384,Electronics,Prepaid,815,1,0.141,0,9,1,0,0
R01112,2025-02-12,2123,Beauty,COD,532,7,0.355,1,1,1,5,0
R03210,2025-02-12,561,Beauty,COD,680,12,0.245,0,3,1,0,0
R01288,2025-02-12,532,Clothing,Prepaid,542,5,0.161,0,7,1,30,0
R03110,2025-02-12,846,Home,COD,393,9,0.266,0,2,1,10,0
R00510,2025-02-12,1976,Clothing,COD,563,4,0.032,0,5,2,10,0
R03293,2025-02-13,1620,Books,COD,101,6,0.075,0,11,1,0,0
R02641,2025-02-13,506,Electronics,Prepaid,981,8,0.083,0,4,3,5,0
R01047,2025-02-13,495,Clothing,Prepaid,151,6,0.102,1,9,2,0,0
R02667,2025-02-13,1630,Clothing,Prepaid,970,12,0.231,1,6,1,0,0
R00384,2025-02-13,1657,Electronics,Prepaid,820,4,0.082,1,6,1,0,0
R01251,2025-02-13,317,Electronics,Prepaid,596,5,0.282,1,7,1,50,0
R04240,2025-02-13,314,Beauty,COD,517,12,0.075,1,8,1,10,0
R02967,2025-02-13,294,Beauty,Prepaid,788,10,0.492,0,2,2,20,0
R03745,2025-02-13,1773,Clothing,Prepaid,141,9,0.232,0,11,2,5,0
R05374,2025-02-13,998,Electronics,COD,44,7,0.16,0,9,1,10,0
R00832,2025-02-13,4509,Home,COD,105,7,0.034,1,4,2,0,0
R01542,2025-02-13,276,Clothing,Prepaid,533,10,0.114,0,9,1,30,0
R04200,2025-02-13,711,Home,COD,779,7,0.118,0,2,1,30,0
R03073,2025-02-13,2325,Clothing,COD,578,5,0.545,1,4,2,5,1
R01308,2025-02-13,151,Electronics,COD,553,6,0.461,1,2,2,0,1
R04607,2025-02-13,1605,Beauty,COD,985,6,0.056,1,10,1,10,0
R01402,2025-02-13,293,Beauty,COD,127,7,0.128,0,9,1,10,0
R03372,2025-02-13,606,Clothing,COD,50,6,0.33,0,10,1,0,1
R03094,2025-02-13,566,Home,COD,22,5,0.034,0,10,1,5,0
R03968,2025-02-13,1279,Clothing,COD,801,3,0.233,0,1,1,70,0
R05260,2025-02-13,774,Home,Prepaid,146,8,0.141,0,4,1,0,0
R01506,2025-02-13,5002,Electronics,Prepaid,800,8,0.455,0,3,1,10,0
R00189,2025-02-13,717,Clothing,Prepaid,273,3,0.075,0,9,2,20,0
R05972,2025-02-13,622,Electronics,Prepaid,880,4,0.291,1,10,2,20,0
R02182,2025-02-13,2952,Electronics,COD,139,3,0.433,0,8,2,0,0
R00854,2025-02-13,1417,Electronics,COD,259,3,0.18,0,1,1,20,0
R05573,2025-02-13,1426,Beauty,COD,963,4,0.027,0,5,1,30,0
R01265,2025-02-13,1835,Home,COD,175,3,0.039,0,7,1,5,0
R05273,2025-02-13,1738,Books,Prepaid,407,5,0.289,0,11,1,30,0
R05115,2025-02-13,3091,Clothing,COD,114,3,0.172,0,5,1,10,0
R00097,2025-02-13,579,Clothing,Prepaid,835,3,0.178,0,3,1,10,0
R05103,2025-02-13,1024,Beauty,Prepaid,252,7,0.582,1,11,3,10,1
R00593,2025-02-13,557,Beauty,Prepaid,34,6,0.113,0,2,3,0,0
R03084,2025-02-13,664,Clothing,Prepaid,155,4,0.237,0,2,1,10,0
R01563,2025-02-14,2906,Clothing,Prepaid,968,8,0.108,0,12,1,30,0
R04499,2025-02-14,3624,Home,COD,611,1,0.456,0,2,1,10,1
R05328,2025-02-14,1437,Home,COD,130,6,0.33,0,9,2,0,0
R03482,2025-02-14,962,Electronics,Prepaid,64,5,0.282,0,11,2,0,0
R00119,2025-02-14,1203,Clothing,Prepaid,84,7,0.193,0,3,2,0,0
R03061,2025-02-14,663,Home,COD,673,6,0.254,0,4,1,0,0
R05918,2025-02-14,804,Clothing,COD,536,9,0.205,0,4,1,30,0
R01124,2025-02-14,6551,Electronics,COD,177,6,0.14,0,9,1,5,0
R02253,2025-02-14,689,Clothing,COD,299,8,0.477,0,6,2,30,1
R04048,2025-02-14,2440,Clothing,Prepaid,338,7,0.319,0,8,1,10,0
R01786,2025-02-14,950,Beauty,Prepaid,930,6,0.05,0,8,2,5,0
R05655,2025-02-14,958,Electronics,COD,33,5,0.226,1,8,2,5,0
R00857,2025-02-14,1669,Beauty,Prepaid,936,5,0.112,0,5,1,70,0
R01515,2025-02-14,2893,Clothing,Prepaid,303,5,0.05,0,4,2,10,0
R00925,2025-02-14,1321,Clothing,COD,913,5,0.337,0,7,2,5,0
R01709,2025-02-14,1747,Clothing,Prepaid,60,7,0.188,0,5,2,20,0
R03570,2025-02-14,747,Beauty,Prepaid,775,9,0.209,0,4,3,0,0
R01107,2025-02-14,2891,Home,COD,409,2,0.139,0,8,3,5,0
R03863,2025-02-14,1761,Clothing,COD,415,6,0.316,1,5,3,5,1
R03278,2025-02-14,1750,Home,Prepaid,637,4,0.354,0,11,1,5,0
R04812,2025-02-14,368,Home,Prepaid,141,9,0.092,0,8,2,5,0
R03333,2025-02-14,960,Electronics,Prepaid,643,6,0.037,1,7,2,0,0
R05878,2025-02-14,150,Home,Prepaid,628,8,0.045,0,9,2,10,0
R01013,2025-02-14,367,Books,COD,871,7,0.116,0,11,1,5,0
R02751,2025-02-14,1091,Clothing,Prepaid,69,2,0.115,0,12,1,0,0
R03386,2025-02-14,150,Beauty,COD,530,7,0.45,0,4,2,30,0
R02487,2025-02-14,7209,Beauty,Prepaid,502,8,0.052,0,7,2,10,0
R05127,2025-02-14,1947,Electronics,COD,331,6,0.549,0,12,2,50,1
R01906,2025-02-14,511,Home,COD,112,4,0.332,1,11,3,0,1
R01904,2025-02-14,854,Beauty,Prepaid,928,4,0.11,0,9,3,5,0
R01892,2025-02-14,2082,Clothing,COD,821,9,0.616,0,2,1,5,1
R05834,2025-02-14,1104,Home,COD,219,3,0.097,0,8,4,10,0
R02687,2025-02-14,1711,Clothing,COD,25,5,0.19,0,10,1,0,0
R00831,2025-02-14,900,Electronics,Prepaid,528,4,0.314,0,8,2,20,0
R00315,2025-02-14,709,Clothing,COD,601,3,0.246,0,1,1,5,0
R03878,2025-02-14,465,Clothing,COD,378,6,0.166,0,4,1,20,1
R02100,2025-02-14,4428,Beauty,COD,621,2,0.12,0,4,1,5,0
R00508,2025-02-14,1009,Beauty,COD,566,9,0.187,0,4,1,5,0
R01454,2025-02-14,3093,Home,COD,789,7,0.187,0,1,2,5,0
R05612,2025-02-14,341,Home,COD,390,5,0.201,0,8,3,20,0
R02162,2025-02-14,2230,Books,Prepaid,716,3,0.366,0,10,2,5,0
R05688,2025-02-14,2695,Clothing,Prepaid,703,6,0.25,0,11,2,50,0
R03275,2025-02-14,905,Clothing,Prepaid,892,9,0.132,0,2,1,20,0
R05424,2025-02-14,1310,Books,Prepaid,716,4,0.416,0,10,1,30,0
R01811,2025-02-14,1095,Electronics,COD,377,6,0.099,0,9,2,10,0
R04079,2025-02-14,2513,Clothing,Prepaid,296,4,0.27,1,8,2,30,0
R00989,2025-02-14,1144,Books,COD,7,6,0.177,0,6,1,0,0
R03718,2025-02-15,2647,Beauty,Prepaid,945,7,0.12,0,3,1,50,0
R01660,2025-02-15,788,Clothing,Prepaid,166,8,0.362,0,11,1,10,0
R03703,2025-02-15,397,Books,Prepaid,526,7,0.154,1,2,1,0,0
R00696,2025-02-15,5090,Electronics,COD,167,4,0.3,0,6,2,50,1
R02399,2025-02-15,387,Home,COD,853,6,0.085,0,5,1,5,0
R05426,2025-02-15,747,Electronics,COD,991,8,0.214,0,10,1,0,0
R01413,2025-02-15,1445,Beauty,COD,568,3,0.226,0,2,3,10,0
R05945,2025-02-15,1082,Beauty,Prepaid,197,4,0.534,0,8,1,20,0
R05088,2025-02-15,922,Clothing,COD,414,6,0.325,0,2,2,0,1
R03222,2025-02-15,255,Clothing,Prepaid,875,4,0.291,1,11,2,20,0
R01818,2025-02-15,697,Electronics,Prepaid,118,5,0.111,0,11,1,0,0
R04007,2025-02-15,1575,Beauty,Prepaid,510,7,0.268,0,5,2,30,0
R03391,2025-02-15,813,Clothing,COD,232,2,0.219,0,7,1,50,1
R05027,2025-02-15,987,Electronics,Prepaid,377,2,0.252,0,1,2,20,0
R03431,2025-02-15,1882,Electronics,COD,648,5,0.109,0,10,1,0,0
R04748,2025-02-15,1093,Home,COD,595,10,0.015,0,2,1,50,0
R00617,2025-02-15,1299,Electronics,COD,616,10,0.346,0,2,1,0,0
R02237,2025-02-15,712,Clothing,COD,8,1,0.172,1,12,1,0,0
R01852,2025-02-15,5772,Home,COD,689,8,0.619,0,10,2,5,0
R05445,2025-02-15,1762,Beauty,Prepaid,890,6,0.39,0,1,1,20,0
R00483,2025-02-15,301,Beauty,Prepaid,878,6,0.05,0,11,2,10,0
R01942,2025-02-15,595,Clothing,Prepaid,931,5,0.071,0,1,2,10,0
R03595,2025-02-15,1126,Books,Prepaid,370,7,0.1,0,2,3,20,0
R04452,2025-02-15,1046,Clothing,Prepaid,453,11,0.188,0,11,2,0,0
R05748,2025-02-15,422,Beauty,Prepaid,942,8,0.142,0,1,2,10,0
R05277,2025-02-15,238,Electronics,Prepaid,482,5,0.045,0,8,1,0,0
R00568,2025-02-15,2386,Electronics,Prepaid,731,7,0.196,0,10,2,10,0
R04358,2025-02-16,2446,Clothing,COD,390,7,0.116,0,10,1,0,0
R02079,2025-02-16,1885,Electronics,COD,382,4,0.143,0,9,2,0,0
R05378,2025-02-16,469,Beauty,Prepaid,464,4,0.072,0,9,2,30,0
R05117,2025-02-16,2463,Home,Prepaid,491,3,0.147,0,12,1,20,0
R03319,2025-02-16,1422,Electronics,Prepaid,496,2,0.429,0,9,1,20,0
R03974,2025-02-16,1229,Books,Prepaid,686,9,0.366,0,1,2,0,0
R03306,2025-02-16,4144,Clothing,COD,402,7,0.306,0,6,1,20,0
R04344,2025-02-16,375,Clothing,COD,126,4,0.125,0,2,1,0,0
R03468,2025-02-16,3306,Home,COD,460,6,0.035,0,4,2,10,0
R04235,2025-02-16,343,Home,Prepaid,847,7,0.176,0,9,2,20,0
R05059,2025-02-16,564,Home,COD,632,5,0.173,0,12,1,0,0
R01179,2025-02-16,1184,Home,COD,786,5,0.331,0,4,1,0,1
R00933,2025-02-16,959,Electronics,Prepaid,524,5,0.24,0,7,1,10,0
R05930,2025-02-16,289,Electronics,COD,16,3,0.31,0,8,1,30,0
R05941,2025-02-16,2968,Clothing,Prepaid,950,4,0.156,0,12,1,50,0
R00919,2025-02-16,1363,Home,COD,356,3,0.044,0,1,2,5,0
R04488,2025-02-16,263,Clothing,COD,419,7,0.436,1,6,1,0,0
R02126,2025-02-16,1078,Clothing,COD,777,5,0.215,0,5,1,10,0
R03793,2025-02-16,572,Home,Prepaid,689,11,0.044,0,10,1,0,0
R02421,2025-02-16,7366,Electronics,Prepaid,943,3,0.667,0,10,1,10,0
R02188,2025-02-16,1023,Electronics,Prepaid,445,6,0.131,0,5,2,0,0
R01804,2025-02-16,1062,Electronics,COD,744,3,0.011,0,8,3,20,0
R04407,2025-02-16,1992,Books,COD,37,4,0.173,0,4,3,30,0
R05637,2025-02-16,1126,Clothing,Prepaid,747,6,0.234,0,11,3,10,0
R04398,2025-02-16,6235,Clothing,COD,892,5,0.306,0,11,1,0,0
R04427,2025-02-16,546,Books,Prepaid,441,4,0.251,0,5,2,10,0
R01562,2025-02-16,1756,Clothing,Prepaid,223,7,0.154,0,1,2,10,0
R02346,2025-02-16,586,Clothing,Prepaid,623,8,0.422,0,6,1,10,0
R00346,2025-02-16,843,Home,Prepaid,943,9,0.061,0,1,2,50,0
R04138,2025-02-16,477,Clothing,COD,829,6,0.098,0,6,1,20,0
R04794,2025-02-16,4729,Electronics,Prepaid,801,9,0.137,1,1,2,0,0
R02608,2025-02-16,967,Home,COD,225,5,0.447,0,12,1,5,1
R05835,2025-02-16,7604,Electronics,Prepaid,421,7,0.102,0,3,1,0,0
R05853,2025-02-16,924,Clothing,Prepaid,810,8,0.22,0,1,1,20,0
R01425,2025-02-16,1227,Home,Prepaid,81,9,0.402,1,11,1,5,0
R01307,2025-02-16,1092,Electronics,Prepaid,10,6,0.057,1,10,1,0,1
R05477,2025-02-16,1035,Beauty,Prepaid,961,10,0.241,0,9,1,30,0
R05451,2025-02-16,652,Books,Prepaid,201,8,0.402,0,10,1,0,0
R03720,2025-02-17,573,Electronics,COD,805,8,0.025,0,6,2,0,0
R05558,2025-02-17,975,Home,Prepaid,579,7,0.006,0,4,3,10,0
R04378,2025-02-17,345,Books,Prepaid,359,11,0.493,0,12,2,0,0
R04234,2025-02-17,835,Electronics,Prepaid,343,2,0.372,0,8,2,5,0
R03216,2025-02-17,1104,Clothing,COD,225,7,0.238,1,11,1,30,1
R04172,2025-02-17,1005,Electronics,COD,952,0,0.125,1,4,1,5,0
R00380,2025-02-17,3471,Books,COD,511,7,0.243,0,11,1,0,0
R01502,2025-02-17,886,Electronics,COD,923,4,0.106,0,1,2,10,0
R04859,2025-02-17,1172,Beauty,Prepaid,230,8,0.571,0,6,1,5,1
R02895,2025-02-17,2836,Clothing,COD,630,4,0.096,1,4,2,20,0
R01297,2025-02-17,953,Electronics,Prepaid,598,7,0.254,0,11,3,5,0
R00209,2025-02-17,886,Clothing,COD,753,4,0.307,0,10,3,0,0
R02418,2025-02-17,565,Books,Prepaid,314,6,0.257,0,6,1,20,1
R01621,2025-02-17,1812,Clothing,Prepaid,529,2,0.294,0,7,1,0,0
R04650,2025-02-17,2651,Home,Prepaid,259,9,0.017,0,7,3,0,0
R00211,2025-02-17,1094,Electronics,Prepaid,558,4,0.183,0,10,1,0,0
R04949,2025-02-17,3315,Clothing,Prepaid,78,9,0.015,1,12,1,10,0
R05289,2025-02-17,1728,Electronics,COD,154,5,0.154,0,12,2,5,0
R01459,2025-02-17,3243,Clothing,COD,688,6,0.195,1,1,1,20,1
R03566,2025-02-17,835,Home,COD,534,9,0.114,0,3,2,5,0
R05947,2025-02-17,1319,Clothing,COD,51,6,0.303,0,10,1,10,0
R05116,2025-02-17,6562,Books,COD,120,4,0.342,0,11,3,0,0
R04405,2025-02-17,411,Electronics,COD,767,10,0.378,0,6,2,10,1
R02492,2025-02-17,1365,Home,COD,552,4,0.09,0,1,2,10,0
R04387,2025-02-17,1451,Electronics,COD,713,6,0.497,0,10,2,0,0
R03515,2025-02-17,508,Clothing,Prepaid,103,3,0.209,0,1,1,0,0
R04734,2025-02-17,4349,Clothing,Prepaid,73,2,0.064,1,3,1,30,0
R01882,2025-02-17,6222,Home,Prepaid,108,16,0.426,0,6,1,0,0
R04409,2025-02-17,378,Home,COD,338,5,0.176,0,12,2,50,0
R05153,2025-02-17,780,Home,Prepaid,221,6,0.716,0,4,3,0,0
R04494,2025-02-17,396,Clothing,COD,20,9,0.088,0,12,2,0,0
R03200,2025-02-17,433,Books,Prepaid,446,4,0.478,0,1,1,0,0
R04741,2025-02-17,3117,Electronics,Prepaid,481,4,0.23,0,1,2,10,1
R04332,2025-02-18,150,Beauty,Prepaid,207,3,0.022,0,5,2,5,0
R03754,2025-02-18,4374,Books,COD,639,7,0.111,0,3,1,10,0
R04087,2025-02-18,1800,Beauty,COD,887,7,0.192,0,2,2,50,0
R00292,2025-02-18,4565,Home,Prepaid,6,7,0.159,1,3,1,0,0
R01429,2025-02-18,887,Clothing,COD,292,4,0.195,0,5,1,0,0
R02333,2025-02-18,1654,Clothing,COD,659,6,0.242,0,7,1,10,0
R04509,2025-02-18,1056,Home,COD,773,9,0.356,1,5,1,30,0
R01701,2025-02-18,601,Books,Prepaid,613,3,0.272,1,11,3,10,0
R00509,2025-02-18,660,Home,Prepaid,932,7,0.176,0,5,2,0,0
R04775,2025-02-18,1269,Home,Prepaid,609,4,0.361,1,11,2,0,0
R02658,2025-02-18,1370,Beauty,Prepaid,495,5,0.105,1,2,1,20,0
R02430,2025-02-18,718,Home,Prepaid,878,4,0.166,0,2,1,5,0
R00744,2025-02-18,1437,Electronics,Prepaid,285,5,0.224,0,7,2,10,0
R04033,2025-02-18,929,Clothing,COD,144,5,0.364,0,9,1,0,1
R05676,2025-02-18,707,Home,COD,782,8,0.12,0,10,2,5,0
R04187,2025-02-18,1256,Clothing,COD,195,5,0.118,1,12,1,20,0
R02238,2025-02-18,1498,Clothing,Prepaid,903,3,0.159,0,1,2,0,0
R03302,2025-02-18,1382,Electronics,Prepaid,734,8,0.203,0,8,4,0,0
R01123,2025-02-18,1103,Beauty,COD,21,3,0.111,1,5,1,0,0
R02301,2025-02-18,8820,Electronics,Prepaid,724,6,0.322,1,11,2,20,0
R03168,2025-02-18,683,Electronics,Prepaid,109,4,0.19,0,11,1,20,0
R01673,2025-02-18,485,Clothing,COD,497,14,0.108,0,9,1,30,0
R01011,2025-02-18,458,Clothing,Prepaid,982,7,0.095,0,5,1,20,0
R00618,2025-02-18,1983,Clothing,COD,833,5,0.04,0,6,3,0,0
R04124,2025-02-18,225,Beauty,Prepaid,947,4,0.564,1,10,1,5,0
R00206,2025-02-18,891,Electronics,Prepaid,791,2,0.41,0,3,2,5,0
R04324,2025-02-18,3119,Books,Prepaid,967,7,0.103,0,11,2,50,0
R01261,2025-02-18,1242,Books,Prepaid,557,3,0.252,0,12,1,0,0
R01322,2025-02-19,1047,Electronics,Prepaid,498,9,0.274,0,8,3,0,0
R05470,2025-02-19,932,Electronics,Prepaid,116,12,0.007,0,3,3,20,0
R03060,2025-02-19,1553,Beauty,Prepaid,354,4,0.112,0,1,2,10,0
R03796,2025-02-19,150,Electronics,Prepaid,721,11,0.173,0,8,3,0,0
R05230,2025-02-19,3546,Home,COD,329,3,0.218,0,9,3,20,0
R02577,2025-02-19,612,Books,COD,304,8,0.14,0,5,2,70,0
R04017,2025-02-19,819,Electronics,Prepaid,301,3,0.287,0,1,4,20,0
R04247,2025-02-19,4642,Beauty,Prepaid,923,6,0.25,0,1,1,0,0
R05711,2025-02-19,3491,Home,COD,908,1,0.104,1,7,1,0,0
R03100,2025-02-19,870,Clothing,Prepaid,524,7,0.197,0,9,1,20,1
R04633,2025-02-19,1027,Beauty,Prepaid,896,5,0.116,0,1,1,5,0
R02106,2025-02-19,391,Electronics,COD,817,7,0.077,0,11,3,30,0
R05754,2025-02-19,3350,Beauty,Prepaid,349,2,0.25,0,4,2,0,0
R00779,2025-02-19,465,Beauty,Prepaid,270,6,0.602,1,11,1,0,0
R00281,2025-02-19,3172,Home,Prepaid,524,7,0.113,1,6,2,0,0
R01491,2025-02-19,370,Electronics,COD,99,10,0.056,0,2,1,30,0
R00505,2025-02-19,3119,Home,Prepaid,654,7,0.356,0,10,1,30,0
R04918,2025-02-19,1149,Clothing,Prepaid,131,6,0.27,0,4,1,30,0
R03032,2025-02-19,1165,Electronics,Prepaid,808,4,0.068,1,2,1,20,0
R03212,2025-02-19,3725,Beauty,COD,325,4,0.408,0,9,3,30,1
R01640,2025-02-19,295,Clothing,COD,628,11,0.231,0,5,1,10,0
R03304,2025-02-19,2197,Clothing,COD,216,7,0.104,0,3,2,10,1
R03307,2025-02-19,461,Home,COD,26,7,0.386,0,9,1,10,0
R04579,2025-02-19,795,Clothing,Prepaid,62,8,0.377,0,5,3,10,1
R05365,2025-02-19,679,Electronics,COD,934,6,0.337,0,5,1,70,1
R00216,2025-02-19,1088,Beauty,Prepaid,556,7,0.449,0,4,1,10,0
R04242,2025-02-19,847,Clothing,COD,540,6,0.153,0,7,2,30,0
R00890,2025-02-19,1313,Clothing,Prepaid,397,7,0.068,0,9,1,0,0
R04316,2025-02-19,2127,Clothing,COD,157,8,0.26,0,3,1,20,0
R02045,2025-02-20,1577,Clothing,Prepaid,729,5,0.212,0,6,1,0,0
R02955,2025-02-20,195,Electronics,Prepaid,928,5,0.193,1,7,2,20,0
R04246,2025-02-20,2418,Books,Prepaid,950,12,0.148,0,2,1,0,0
R00399,2025-02-20,10711,Home,Prepaid,967,6,0.27,0,7,1,0,0
R00413,2025-02-20,553,Electronics,COD,80,9,0.14,0,12,2,0,0
R01794,2025-02-20,1035,Books,Prepaid,21,9,0.109,0,2,1,10,0
R04034,2025-02-20,4190,Clothing,COD,634,2,0.015,0,7,2,5,1
R00111,2025-02-20,259,Clothing,Prepaid,325,4,0.148,0,3,2,10,0
R04301,2025-02-20,667,Electronics,Prepaid,69,4,0.21,0,6,2,5,0
R02311,2025-02-20,583,Electronics,COD,514,3,0.028,1,12,1,5,0
R00039,2025-02-20,1228,Clothing,COD,651,14,0.123,0,12,2,30,0
R05010,2025-02-20,318,Home,Prepaid,580,4,0.116,0,8,1,10,0
R03083,2025-02-20,578,Home,COD,253,6,0.165,0,2,2,0,0
R00314,2025-02-20,824,Home,Prepaid,965,6,0.2,0,3,2,0,0
R05964,2025-02-20,2343,Electronics,Prepaid,221,8,0.243,0,1,2,30,0
R05839,2025-02-20,2641,Clothing,Prepaid,41,4,0.065,0,5,2,10,0
R02849,2025-02-20,636,Clothing,COD,924,4,0.277,0,6,1,5,0
R02111,2025-02-20,2371,Clothing,COD,108,7,0.147,1,8,2,5,0
R01028,2025-02-20,1733,Home,COD,461,5,0.291,0,11,1,0,1
R00950,2025-02-20,591,Clothing,Prepaid,146,7,0.156,0,4,1,70,0
R01999,2025-02-20,623,Electronics,Prepaid,208,12,0.145,0,9,2,20,1
R02000,2025-02-20,344,Home,Prepaid,804,6,0.042,0,7,1,0,0
R02109,2025-02-20,2931,Electronics,COD,696,3,0.074,0,7,1,5,0
R04146,2025-02-20,376,Home,COD,306,7,0.401,0,5,2,5,0
R01551,2025-02-20,7946,Clothing,Prepaid,956,8,0.143,0,8,1,5,0
R00152,2025-02-20,911,Home,COD,165,5,0.146,0,6,1,30,0
R05703,2025-02-20,398,Clothing,Prepaid,504,5,0.115,0,5,1,10,0
R01192,2025-02-20,1013,Home,COD,1,4,0.024,0,4,3,0,0
R05611,2025-02-20,750,Clothing,COD,485,11,0.297,1,12,2,10,1
R00143,2025-02-20,522,Books,COD,502,6,0.117,0,1,4,0,0
R03599,2025-02-21,794,Clothing,Prepaid,322,5,0.019,0,12,2,0,0
R02110,2025-02-21,706,Beauty,COD,927,10,0.142,0,7,1,10,0
R05634,2025-02-21,5101,Home,Prepaid,816,4,0.279,0,1,1,5,0
R05936,2025-02-21,955,Books,COD,77,10,0.395,0,11,3,30,0
R05287,2025-02-21,1384,Electronics,Prepaid,353,10,0.201,0,2,1,0,0
R01382,2025-02-21,1385,Clothing,Prepaid,857,4,0.148,0,12,2,30,0
R05890,2025-02-21,602,Clothing,Prepaid,876,10,0.302,0,5,1,0,0
R05370,2025-02-21,441,Clothing,Prepaid,425,8,0.238,1,8,1,5,0
R04024,2025-02-21,1081,Electronics,COD,259,11,0.588,0,2,1,10,1
R00299,2025-02-21,2353,Electronics,Prepaid,294,6,0.451,0,3,5,30,1
R02871,2025-02-21,2008,Home,COD,873,7,0.24,1,1,2,10,0
R03994,2025-02-21,1681,Electronics,COD,476,7,0.103,0,11,3,0,0
R01993,2025-02-21,224,Home,Prepaid,36,8,0.321,0,6,1,30,0
R00573,2025-02-21,923,Clothing,COD,543,7,0.269,0,4,2,0,1
R03420,2025-02-21,293,Home,COD,111,4,0.059,0,5,2,20,0
R01410,2025-02-21,2144,Clothing,COD,722,7,0.244,0,11,2,10,0
R02193,2025-02-21,2789,Clothing,Prepaid,673,12,0.184,0,10,1,0,0
R02787,2025-02-21,1759,Beauty,Prepaid,522,1,0.405,0,6,1,10,0
R05345,2025-02-21,839,Beauty,COD,796,3,0.215,0,11,2,10,1
R00814,2025-02-21,999,Clothing,COD,130,14,0.028,0,9,2,0,0
R03039,2025-02-21,1058,Clothing,Prepaid,686,6,0.179,0,4,1,5,0
R01209,2025-02-21,150,Electronics,COD,951,0,0.475,0,3,1,0,0
R05163,2025-02-21,1288,Clothing,Prepaid,996,8,0.065,0,3,3,10,0
R05110,2025-02-21,1938,Home,Prepaid,250,4,0.195,0,12,1,5,0
R02706,2025-02-21,1169,Electronics,COD,337,4,0.277,1,8,2,10,0
R03716,2025-02-21,991,Beauty,COD,98,2,0.148,0,4,2,0,0
R04907,2025-02-21,2451,Home,COD,68,6,0.025,1,3,1,0,0
R04082,2025-02-21,1133,Beauty,COD,780,8,0.099,0,7,1,10,0
R00450,2025-02-21,595,Beauty,COD,546,4,0.378,0,2,1,50,0
R04711,2025-02-21,2317,Electronics,COD,24,9,0.321,0,2,3,50,1
R01917,2025-02-21,1691,Beauty,COD,44,10,0.442,0,5,2,70,0
R02979,2025-02-21,3996,Clothing,COD,637,5,0.079,0,3,1,5,0
R04015,2025-02-21,544,Clothing,COD,574,6,0.322,0,3,1,10,1
R05541,2025-02-21,3658,Clothing,Prepaid,669,6,0.221,0,9,2,0,0
R00534,2025-02-21,2001,Clothing,Prepaid,504,6,0.229,0,8,1,30,0
R02219,2025-02-21,3431,Clothing,Prepaid,274,4,0.11,0,10,1,0,0
R02812,2025-02-21,822,Clothing,Prepaid,516,6,0.212,0,4,1,10,1
R02807,2025-02-22,781,Home,Prepaid,209,9,0.211,0,2,3,0,1
R01114,2025-02-22,338,Electronics,Prepaid,520,8,0.412,0,8,1,10,0
R05049,2025-02-22,1606,Electronics,COD,758,16,0.007,1,1,2,10,0
R02186,2025-02-22,995,Beauty,COD,116,5,0.178,0,9,2,10,0
R04580,2025-02-22,969,Electronics,COD,89,2,0.228,0,2,2,20,0
R05258,2025-02-22,2424,Clothing,Prepaid,10,8,0.138,0,7,1,30,0
R00481,2025-02-22,338,Electronics,Prepaid,486,2,0.365,1,3,2,50,0
R03368,2025-02-22,1185,Clothing,COD,789,4,0.111,0,2,1,50,0
R01483,2025-02-22,2973,Beauty,Prepaid,546,5,0.405,0,6,3,30,0
R02229,2025-02-22,1074,Clothing,Prepaid,942,5,0.668,0,8,2,70,1
R00841,2025-02-22,507,Home,Prepaid,918,2,0.117,1,2,1,30,0
R02541,2025-02-22,736,Books,Prepaid,953,7,0.015,0,12,1,5,0
R04263,2025-02-22,2459,Electronics,COD,179,3,0.313,0,6,2,0,0
R04688,2025-02-22,856,Home,COD,895,4,0.015,0,7,3,0,0
R00342,2025-02-22,2232,Beauty,COD,490,11,0.221,0,4,3,0,1
R01561,2025-02-22,2482,Books,COD,176,9,0.464,0,8,3,5,0
R03596,2025-02-22,533,Electronics,Prepaid,681,8,0.116,1,2,2,0,1
R02197,2025-02-22,1623,Electronics,COD,937,6,0.121,0,6,2,30,0
R04115,2025-02-22,345,Beauty,COD,885,2,0.119,0,7,1,30,0
R03525,2025-02-22,1417,Electronics,Prepaid,684,4,0.162,0,2,3,0,0
R02419,2025-02-22,150,Clothing,Prepaid,735,5,0.243,0,11,2,0,0
R02583,2025-02-22,2983,Clothing,COD,215,8,0.096,0,10,2,10,0
R04507,2025-02-22,3478,Books,COD,660,9,0.127,0,6,3,10,1
R02398,2025-02-22,4468,Clothing,Prepaid,853,4,0.209,0,6,1,20,0
R03042,2025-02-22,999,Clothing,Prepaid,808,4,0.116,1,4,2,0,0
R03294,2025-02-22,470,Books,Prepaid,469,10,0.369,0,10,2,50,0
R02041,2025-02-22,1399,Clothing,Prepaid,67,7,0.565,1,2,1,0,0
R01230,2025-02-22,749,Clothing,COD,937,5,0.073,0,6,2,0,0
R03389,2025-02-22,565,Books,Prepaid,676,4,0.06,0,1,2,10,0
R00495,2025-02-22,448,Clothing,COD,352,7,0.089,0,10,2,10,0
R00660,2025-02-22,186,Clothing,COD,747,2,0.548,1,5,4,5,1
R04617,2025-02-22,319,Clothing,COD,197,6,0.339,0,2,1,30,1
R04632,2025-02-22,319,Home,Prepaid,285,5,0.26,0,8,1,10,0
R00096,2025-02-22,4200,Clothing,Prepaid,229,4,0.352,0,12,1,5,0
R00855,2025-02-22,451,Home,COD,856,2,0.032,0,2,2,10,1
R03699,2025-02-22,1203,Home,Prepaid,644,1,0.059,0,6,3,50,0
R05290,2025-02-22,1780,Clothing,COD,4,7,0.015,0,3,1,5,0
R05642,2025-02-22,455,Books,Prepaid,566,6,0.442,1,6,1,20,0
R04725,2025-02-22,2894,Beauty,Prepaid,30,4,0.13,0,8,1,0,0
R03475,2025-02-23,1972,Clothing,Prepaid,211,5,0.085,0,12,2,5,0
R04397,2025-02-23,2101,Electronics,COD,676,5,0.452,1,1,3,5,0
R01581,2025-02-23,1042,Home,Prepaid,926,7,0.178,0,5,1,20,0
R01451,2025-02-23,739,Beauty,Prepaid,778,5,0.375,0,12,2,30,0
R00638,2025-02-23,165,Clothing,Prepaid,198,7,0.102,0,4,2,0,0
R00796,2025-02-23,864,Home,Prepaid,195,5,0.125,0,1,1,5,0
R01862,2025-02-23,1015,Beauty,Prepaid,605,13,0.502,1,1,1,10,0
R00419,2025-02-23,1885,Clothing,Prepaid,409,3,0.175,0,12,2,20,0
R00271,2025-02-23,2350,Books,COD,272,4,0.205,0,7,1,10,0
R01646,2025-02-23,342,Books,COD,179,2,0.349,1,1,2,30,0
R05100,2025-02-23,933,Books,Prepaid,565,8,0.122,0,2,2,30,0
R03592,2025-02-23,280,Home,Prepaid,203,7,0.166,0,8,1,0,0
R03178,2025-02-23,2696,Electronics,Prepaid,579,7,0.182,0,5,1,5,0
R04771,2025-02-23,414,Clothing,Prepaid,624,6,0.187,0,1,1,5,0
R01239,2025-02-23,1833,Electronics,COD,636,6,0.05,1,10,1,10,0
R05190,2025-02-23,1137,Beauty,Prepaid,845,3,0.022,1,3,1,5,0
R04816,2025-02-23,162,Clothing,Prepaid,622,6,0.014,0,6,1,10,0
R00154,2025-02-23,2959,Clothing,Prepaid,958,2,0.245,1,1,2,10,0
R02273,2025-02-23,2153,Beauty,Prepaid,742,8,0.143,0,9,1,10,0
R03437,2025-02-23,2366,Electronics,COD,550,7,0.072,0,7,2,0,0
R01820,2025-02-23,443,Electronics,COD,951,6,0.271,0,12,3,10,0
R02255,2025-02-23,4093,Beauty,Prepaid,863,4,0.162,1,1,2,10,0
R01338,2025-02-23,739,Clothing,Prepaid,872,3,0.24,1,6,1,0,0
R04482,2025-02-23,610,Books,COD,321,4,0.241,0,11,3,0,1
R04205,2025-02-23,1123,Home,COD,717,11,0.047,0,8,1,10,0
R04649,2025-02-23,1843,Clothing,COD,652,4,0.151,0,7,1,20,0
R04939,2025-02-23,3271,Clothing,Prepaid,602,4,0.268,0,10,2,20,0
R01907,2025-02-23,1820,Beauty,Prepaid,305,8,0.128,1,10,2,5,0
R02708,2025-02-24,557,Beauty,COD,533,2,0.221,0,1,2,20,0
R02052,2025-02-24,354,Electronics,COD,906,2,0.556,0,3,1,0,0
R02776,2025-02-24,1308,Clothing,COD,805,11,0.328,0,2,1,10,0
R00971,2025-02-24,3106,Books,Prepaid,475,7,0.234,0,3,1,0,0
R05221,2025-02-24,2525,Clothing,COD,374,4,0.245,0,3,1,10,0
R04177,2025-02-24,693,Clothing,Prepaid,313,4,0.391,0,3,3,0,0
R05233,2025-02-24,1669,Books,Prepaid,567,5,0.275,0,5,1,70,0
R01823,2025-02-24,304,Home,COD,862,2,0.244,0,6,2,10,0
R01400,2025-02-24,700,Beauty,Prepaid,24,8,0.347,0,10,1,20,1
R02021,2025-02-24,3980,Books,COD,966,8,0.059,0,11,1,0,1
R04375,2025-02-24,1690,Electronics,Prepaid,353,2,0.25,0,12,1,0,0
R05737,2025-02-24,330,Electronics,Prepaid,55,7,0.108,0,10,1,70,0
R05464,2025-02-24,1624,Beauty,COD,620,9,0.088,0,3,1,30,0
R04699,2025-02-24,11063,Clothing,COD,401,4,0.237,1,12,2,10,1
R05483,2025-02-24,982,Beauty,Prepaid,102,5,0.246,0,5,1,5,0
R00802,2025-02-24,359,Clothing,Prepaid,568,6,0.079,0,11,1,10,0
R01403,2025-02-24,1701,Clothing,Prepaid,562,6,0.074,0,10,2,50,0
R03899,2025-02-24,400,Home,Prepaid,942,10,0.035,0,11,3,5,0
R00353,2025-02-24,1030,Clothing,COD,310,7,0.194,0,1,1,20,0
R01476,2025-02-24,191,Home,COD,347,5,0.197,0,6,2,30,0
R00928,2025-02-24,544,Beauty,COD,42,5,0.106,1,1,2,20,0
R02467,2025-02-24,2445,Beauty,COD,599,5,0.149,0,4,2,10,0
R00307,2025-02-24,416,Clothing,Prepaid,697,8,0.03,1,3,2,20,0
R04511,2025-02-24,3477,Home,COD,484,4,0.132,0,11,1,10,0
R03742,2025-02-24,909,Electronics,COD,602,5,0.101,0,10,2,0,0
R03106,2025-02-24,6247,Books,Prepaid,911,5,0.47,0,9,1,20,0
R01316,2025-02-24,754,Home,Prepaid,216,6,0.289,0,2,1,0,0
R03844,2025-02-24,1761,Clothing,COD,40,5,0.112,1,11,2,0,0
R05425,2025-02-24,1357,Electronics,COD,675,8,0.451,0,1,2,0,0
R01601,2025-02-24,2528,Home,Prepaid,434,4,0.309,1,9,1,70,1
R00263,2025-02-24,437,Clothing,Prepaid,308,6,0.18,0,4,1,20,1
R00190,2025-02-24,1087,Clothing,Prepaid,585,7,0.133,0,2,2,0,0
R02833,2025-02-24,1827,Clothing,Prepaid,542,4,0.521,0,2,1,0,0
R05341,2025-02-24,1471,Clothing,Prepaid,659,6,0.538,1,9,1,50,1
R02997,2025-02-24,1823,Home,COD,512,7,0.286,0,12,1,0,0
R05813,2025-02-24,251,Home,Prepaid,613,4,0.288,0,11,1,10,0
R04158,2025-02-24,521,Books,COD,235,4,0.308,0,6,2,5,0
R00442,2025-02-24,539,Clothing,Prepaid,322,5,0.148,0,10,2,10,1
R05543,2025-02-24,1433,Clothing,Prepaid,921,3,0.154,0,6,1,5,0
R01367,2025-02-24,387,Electronics,Prepaid,293,9,0.122,1,6,3,70,0
R04590,2025-02-24,438,Electronics,Prepaid,272,8,0.167,0,4,2,0,0
R03430,2025-02-24,1045,Clothing,COD,949,5,0.082,0,8,2,10,1
R03205,2025-02-24,888,Clothing,Prepaid,914,9,0.191,0,7,2,20,0
R02595,2025-02-25,2214,Home,COD,715,4,0.118,0,10,2,5,1
R04447,2025-02-25,652,Home,Prepaid,30,2,0.31,0,11,1,0,0
R04789,2025-02-25,457,Electronics,COD,35,3,0.103,0,8,4,5,0
R01186,2025-02-25,1588,Beauty,COD,948,6,0.556,1,12,2,5,0
R01391,2025-02-25,713,Clothing,Prepaid,32,4,0.088,1,7,1,20,0
R01155,2025-02-25,1572,Home,COD,375,3,0.377,1,6,1,0,0
R00239,2025-02-25,744,Electronics,Prepaid,884,5,0.06,0,4,2,10,0
R05349,2025-02-25,1744,Clothing,Prepaid,593,7,0.136,0,12,1,0,0
R05767,2025-02-25,552,Beauty,COD,3,7,0.185,0,1,1,20,0
R03697,2025-02-25,1132,Electronics,Prepaid,135,8,0.103,0,12,1,0,0
R00226,2025-02-25,701,Beauty,Prepaid,335,11,0.271,0,2,1,50,0
R04667,2025-02-25,634,Beauty,Prepaid,174,10,0.235,1,7,1,5,1
R03549,2025-02-25,1904,Home,COD,240,4,0.212,0,6,2,0,0
R04495,2025-02-25,2695,Beauty,Prepaid,455,7,0.251,0,1,1,5,0
R02089,2025-02-25,527,Books,Prepaid,348,5,0.145,0,9,1,5,0
R02309,2025-02-25,1574,Clothing,COD,889,6,0.106,0,1,2,5,0
R03584,2025-02-25,760,Clothing,Prepaid,686,4,0.263,0,12,2,0,0
R04039,2025-02-25,615,Beauty,COD,61,7,0.339,0,9,2,20,0
R02187,2025-02-25,1649,Clothing,Prepaid,599,0,0.346,0,3,1,10,0
R03342,2025-02-25,372,Books,Prepaid,472,5,0.02,0,5,1,10,0
R05455,2025-02-25,893,Clothing,Prepaid,605,3,0.502,1,6,1,10,1
R01105,2025-02-25,1519,Books,Prepaid,863,3,0.232,0,3,1,20,0
R04746,2025-02-25,498,Home,Prepaid,597,7,0.208,0,4,1,10,0
R01779,2025-02-25,869,Clothing,Prepaid,745,4,0.521,0,6,2,0,1
R04588,2025-02-25,2565,Books,Prepaid,329,6,0.329,0,11,2,20,0
R00952,2025-02-25,345,Books,Prepaid,91,8,0.219,0,11,1,5,0
R03373,2025-02-25,978,Books,COD,878,5,0.149,0,4,1,5,0
R01838,2025-02-25,2579,Clothing,Prepaid,475,3,0.168,0,3,2,5,1
R00136,2025-02-25,799,Beauty,Prepaid,627,5,0.187,0,1,3,30,0
R03062,2025-02-25,486,Electronics,Prepaid,432,6,0.412,0,8,1,10,0
R05805,2025-02-25,1082,Beauty,Prepaid,934,6,0.158,0,4,2,10,0
R02355,2025-02-25,1209,Books,Prepaid,358,3,0.056,0,7,1,10,0
R02127,2025-02-25,300,Electronics,COD,883,3,0.518,0,11,1,20,0
R04290,2025-02-25,2043,Clothing,Prepaid,675,6,0.258,0,12,1,0,0
R04569,2025-02-26,1360,Books,COD,662,9,0.175,0,3,3,0,0
R05415,2025-02-26,3560,Clothing,COD,311,5,0.035,0,9,2,5,0
R02434,2025-02-26,1282,Electronics,Prepaid,797,5,0.312,0,8,2,30,0
R00749,2025-02-26,3294,Clothing,Prepaid,832,9,0.132,0,11,1,5,0
R00748,2025-02-26,1678,Beauty,Prepaid,891,8,0.279,0,4,1,50,1
R03942,2025-02-26,406,Electronics,COD,124,5,0.09,0,4,3,70,0
R05986,2025-02-26,600,Beauty,Prepaid,878,2,0.333,0,4,2,0,0
R04603,2025-02-26,1227,Electronics,COD,787,5,0.081,0,2,3,5,0
R01014,2025-02-26,2272,Clothing,COD,848,10,0.071,0,1,1,30,0
R00526,2025-02-26,731,Electronics,Prepaid,472,6,0.012,0,3,1,30,0
R00447,2025-02-26,1497,Home,Prepaid,62,5,0.166,1,10,1,0,0
R03503,2025-02-26,1448,Home,COD,218,5,0.252,0,11,1,50,1
R05569,2025-02-26,867,Home,COD,71,7,0.196,0,6,1,0,0
R03987,2025-02-26,1469,Home,Prepaid,456,9,0.305,0,6,2,50,0
R00333,2025-02-26,293,Clothing,COD,86,8,0.456,0,10,1,5,0
R02808,2025-02-26,1786,Beauty,Prepaid,758,3,0.21,0,10,1,5,0
R01034,2025-02-26,417,Electronics,COD,604,9,0.11,1,8,2,0,0
R04425,2025-02-26,1006,Beauty,Prepaid,6,7,0.274,0,4,1,70,0
R00400,2025-02-26,3508,Home,Prepaid,608,4,0.081,0,7,2,20,0
R01462,2025-02-26,1127,Electronics,Prepaid,152,6,0.128,0,4,2,30,0
R05705,2025-02-26,854,Electronics,COD,564,6,0.136,0,9,3,0,0
R01060,2025-02-26,1264,Beauty,Prepaid,805,4,0.162,0,6,2,0,0
R05765,2025-02-26,2078,Electronics,COD,143,7,0.269,0,7,2,0,0
R03164,2025-02-26,2107,Home,Prepaid,244,6,0.292,0,7,1,20,0
R04440,2025-02-26,1091,Books,COD,964,3,0.336,1,5,2,20,1
R05227,2025-02-26,5448,Home,COD,424,8,0.098,0,5,1,10,0
R04665,2025-02-26,1720,Clothing,Prepaid,223,6,0.27,0,11,1,20,0
R01821,2025-02-26,621,Home,Prepaid,918,4,0.005,0,11,2,10,0
R03098,2025-02-26,1619,Electronics,COD,499,8,0.526,0,2,1,50,0
R04274,2025-02-26,1370,Clothing,COD,752,6,0.077,0,4,2,30,0
R00088,2025-02-26,1536,Electronics,Prepaid,916,4,0.491,0,11,2,5,1
R02781,2025-02-26,1186,Books,COD,93,7,0.247,0,11,1,10,0
R01439,2025-02-27,258,Clothing,Prepaid,287,8,0.381,1,9,1,10,0
R01527,2025-02-27,945,Home,Prepaid,36,13,0.383,0,4,1,0,0
R05528,2025-02-27,1875,Home,Prepaid,988,7,0.27,0,9,1,0,0
R00338,2025-02-27,1386,Beauty,Prepaid,721,6,0.447,0,6,2,20,0
R02167,2025-02-27,2764,Electronics,COD,809,4,0.209,0,4,3,0,0
R00968,2025-02-27,709,Clothing,Prepaid,114,8,0.056,1,8,1,0,0
R00403,2025-02-27,367,Electronics,Prepaid,449,8,0.222,0,11,1,5,0
R00799,2025-02-27,1664,Electronics,COD,98,4,0.25,0,9,2,10,0
R01604,2025-02-27,2662,Home,Prepaid,374,8,0.102,0,6,1,10,0
R01756,2025-02-27,477,Electronics,Prepaid,641,3,0.477,0,12,1,5,0
R00554,2025-02-27,1110,Electronics,COD,774,5,0.323,1,11,1,0,0
R05098,2025-02-27,609,Electronics,COD,579,3,0.01,1,7,1,0,0
R00525,2025-02-27,1117,Electronics,COD,934,4,0.156,0,1,2,5,0
R01586,2025-02-27,712,Beauty,Prepaid,555,7,0.627,0,7,2,0,0
R01177,2025-02-27,536,Home,COD,840,3,0.057,0,11,1,20,0
R05081,2025-02-27,793,Clothing,Prepaid,64,7,0.038,1,9,1,0,0
R02867,2025-02-27,1124,Beauty,COD,296,8,0.157,0,2,1,20,0
R00988,2025-02-27,1317,Electronics,Prepaid,772,5,0.472,1,5,2,30,1
R01435,2025-02-27,3172,Home,COD,567,3,0.098,0,9,2,10,0
R05031,2025-02-27,226,Home,COD,687,6,0.124,1,8,2,0,0
R00368,2025-02-27,1519,Home,Prepaid,742,11,0.24,0,8,2,30,0
R03790,2025-02-27,1662,Beauty,COD,490,6,0.329,1,8,2,30,1
R04001,2025-02-27,523,Beauty,COD,149,7,0.316,0,1,2,20,1
R04476,2025-02-27,826,Electronics,Prepaid,944,5,0.118,0,9,3,5,0
R05321,2025-02-27,5901,Clothing,Prepaid,708,5,0.454,0,2,1,50,0
R00309,2025-02-27,449,Home,COD,265,4,0.13,0,10,2,20,0
R04377,2025-02-27,322,Clothing,COD,275,4,0.189,1,2,1,50,1
R05726,2025-02-27,4038,Books,Prepaid,802,7,0.209,0,12,1,10,1
R02484,2025-02-27,1336,Electronics,Prepaid,85,5,0.081,1,5,2,30,1
R03447,2025-02-27,285,Home,Prepaid,219,7,0.265,0,8,1,0,0
R02272,2025-02-27,1072,Beauty,COD,525,2,0.541,1,10,2,0,1
R01576,2025-02-27,3866,Clothing,Prepaid,195,5,0.211,0,3,1,0,0
R02016,2025-02-27,2560,Clothing,Prepaid,323,6,0.143,0,10,2,5,0
R04681,2025-02-28,834,Books,COD,59,9,0.143,0,10,2,10,0
R03735,2025-02-28,1086,Clothing,Prepaid,883,7,0.049,1,2,1,50,0
R03859,2025-02-28,518,Clothing,Prepaid,243,5,0.17,0,10,2,70,0
R04410,2025-02-28,1104,Clothing,COD,137,6,0.267,0,1,1,0,0
R02152,2025-02-28,331,Clothing,COD,44,6,0.061,0,12,2,0,0
R02526,2025-02-28,1793,Books,Prepaid,469,5,0.136,0,9,1,30,0
R04110,2025-02-28,4087,Clothing,COD,672,2,0.663,0,8,1,5,0
R02083,2025-02-28,1547,Electronics,COD,900,7,0.094,1,2,1,20,0
R00321,2025-02-28,692,Clothing,Prepaid,175,12,0.195,0,3,1,20,1
R04075,2025-02-28,1275,Beauty,COD,756,6,0.354,1,12,2,0,1
R02588,2025-02-28,1277,Clothing,COD,42,8,0.169,0,9,2,5,1
R05109,2025-02-28,4149,Home,COD,659,8,0.217,0,7,1,0,0
R02307,2025-02-28,1579,Books,COD,684,5,0.167,0,3,5,10,0
R02292,2025-02-28,685,Electronics,COD,199,3,0.267,0,2,2,10,0
R04051,2025-02-28,2397,Books,COD,339,5,0.073,1,8,2,0,0
R02921,2025-02-28,209,Electronics,Prepaid,675,11,0.161,0,6,2,0,0
R02283,2025-02-28,1104,Books,Prepaid,166,8,0.108,0,7,1,0,0
R03756,2025-02-28,3602,Clothing,Prepaid,450,7,0.248,0,6,2,20,0
R04612,2025-02-28,235,Beauty,Prepaid,45,7,0.16,0,7,1,5,0
R02552,2025-02-28,2078,Clothing,Prepaid,195,5,0.137,0,1,1,20,0
R02130,2025-02-28,1455,Books,Prepaid,842,6,0.557,0,1,1,0,0
R02928,2025-02-28,6780,Beauty,Prepaid,639,7,0.069,0,11,1,20,0
R00167,2025-02-28,1042,Clothing,Prepaid,381,12,0.248,0,12,1,10,0
R05131,2025-02-28,2865,Home,Prepaid,532,4,0.049,0,12,1,10,0
R04868,2025-02-28,588,Clothing,Prepaid,13,2,0.351,1,6,2,30,1
R02271,2025-02-28,1893,Books,COD,528,8,0.226,0,11,1,20,0
R05894,2025-02-28,336,Clothing,Prepaid,520,6,0.163,0,10,1,50,0
R00607,2025-02-28,212,Clothing,Prepaid,695,5,0.171,1,7,1,30,0
R00595,2025-02-28,827,Clothing,Prepaid,724,4,0.191,1,4,3,20,0
R05874,2025-02-28,1168,Beauty,Prepaid,67,8,0.265,0,7,3,20,0
R01249,2025-02-28,576,Clothing,COD,462,3,0.002,1,3,2,5,0
R01404,2025-02-28,655,Clothing,Prepaid,227,7,0.289,0,8,1,0,0
R01388,2025-02-28,7202,Clothing,Prepaid,726,5,0.336,0,7,1,10,0
R01950,2025-02-28,1516,Home,COD,887,7,0.195,0,4,2,0,1
R05934,2025-02-28,260,Books,COD,117,6,0.126,0,3,1,10,0
R05917,2025-02-28,445,Electronics,Prepaid,294,9,0.134,0,9,1,5,0
R00066,2025-02-28,900,Electronics,Prepaid,815,3,0.194,0,9,1,0,0
R01504,2025-02-28,974,Electronics,Prepaid,935,5,0.023,0,3,2,30,0
R05708,2025-02-28,832,Clothing,COD,772,4,0.136,0,6,3,30,0
R01095,2025-03-01,527,Clothing,Prepaid,272,5,0.126,0,2,2,50,1
R04151,2025-03-01,2340,Electronics,Prepaid,293,7,0.027,0,10,1,0,0
R04441,2025-03-01,490,Beauty,Prepaid,662,5,0.029,0,2,1,10,0
R05768,2025-03-01,463,Books,Prepaid,505,9,0.336,0,5,2,10,0
R01915,2025-03-01,4845,Clothing,Prepaid,995,2,0.426,0,11,1,10,0
R03694,2025-03-01,2208,Beauty,COD,7,7,0.041,0,11,2,10,1
R04497,2025-03-01,1496,Clothing,COD,915,13,0.281,0,3,1,20,0
R03043,2025-03-01,1470,Beauty,Prepaid,970,4,0.318,0,3,3,0,0
R05614,2025-03-01,1200,Clothing,COD,964,7,0.129,0,12,1,30,0
R01145,2025-03-01,2663,Electronics,Prepaid,432,5,0.109,0,7,2,70,1
R02069,2025-03-01,1630,Clothing,COD,163,6,0.132,0,10,2,0,0
R02650,2025-03-01,1223,Clothing,Prepaid,282,5,0.266,0,2,2,20,0
R02347,2025-03-01,1293,Home,Prepaid,18,9,0.166,0,9,1,0,0
R02151,2025-03-01,1004,Home,COD,194,7,0.204,0,1,1,10,0
R04256,2025-03-01,1780,Clothing,COD,524,9,0.212,0,11,1,0,0
R04257,2025-03-01,2404,Electronics,Prepaid,20,3,0.338,0,7,1,0,0
R05757,2025-03-01,2219,Clothing,COD,890,5,0.016,0,9,1,20,1
R05077,2025-03-01,718,Clothing,COD,707,6,0.071,0,11,1,10,0
R03574,2025-03-01,540,Home,COD,529,14,0.088,1,3,1,5,0
R00646,2025-03-01,741,Beauty,Prepaid,99,4,0.385,0,9,3,30,0
R04338,2025-03-01,1329,Electronics,Prepaid,477,2,0.178,1,9,2,5,0
R00632,2025-03-01,430,Books,Prepaid,360,6,0.288,0,7,2,5,0
R03607,2025-03-01,596,Beauty,Prepaid,786,14,0.551,0,7,1,20,0
R02092,2025-03-01,2427,Beauty,COD,8,7,0.184,0,12,3,5,0
R04951,2025-03-01,565,Home,Prepaid,490,7,0.163,0,3,1,0,0
R03623,2025-03-01,1118,Clothing,Prepaid,634,8,0.064,0,1,1,70,0
R05831,2025-03-01,1695,Clothing,COD,533,3,0.306,0,1,1,0,0
R04818,2025-03-01,1977,Home,Prepaid,971,4,0.307,0,4,2,50,0
R04925,2025-03-01,1033,Beauty,Prepaid,943,7,0.179,0,11,2,0,0
R00254,2025-03-01,759,Electronics,Prepaid,316,10,0.269,0,8,1,5,0
R05771,2025-03-01,1043,Clothing,COD,661,8,0.501,1,10,1,30,0
R02537,2025-03-01,347,Clothing,Prepaid,752,11,0.281,0,3,1,0,0
R04653,2025-03-01,852,Electronics,COD,82,5,0.254,0,6,2,0,1
R03772,2025-03-01,1686,Home,COD,126,9,0.196,0,6,2,30,1
R00077,2025-03-01,1111,Clothing,Prepaid,320,5,0.024,1,7,1,20,0
R04744,2025-03-01,742,Books,Prepaid,435,5,0.069,0,6,1,10,0
R02576,2025-03-01,1226,Clothing,COD,431,12,0.231,0,4,1,20,0
R04041,2025-03-01,1680,Home,Prepaid,387,5,0.101,0,2,2,0,0
R01514,2025-03-01,2239,Clothing,COD,913,2,0.22,0,12,1,30,0
R04389,2025-03-02,556,Clothing,Prepaid,538,2,0.029,1,6,1,5,0
R01069,2025-03-02,921,Books,COD,256,2,0.138,0,7,1,10,0
R04100,2025-03-02,2134,Clothing,COD,312,7,0.389,0,7,2,10,0
R00169,2025-03-02,1999,Clothing,COD,880,7,0.216,1,3,1,30,1
R03659,2025-03-02,301,Beauty,Prepaid,517,4,0.098,0,8,2,5,0
R05912,2025-03-02,595,Electronics,COD,545,9,0.11,0,12,3,5,0
R04413,2025-03-02,772,Clothing,Prepaid,149,3,0.254,0,6,1,50,0
R00371,2025-03-02,583,Beauty,Prepaid,658,8,0.417,1,8,4,5,0
R03996,2025-03-02,3569,Beauty,COD,827,5,0.026,0,11,1,10,0
R04777,2025-03-02,1139,Clothing,COD,706,7,0.288,0,10,1,20,1
R05468,2025-03-02,1627,Electronics,COD,357,7,0.034,0,1,4,30,0
R00294,2025-03-02,571,Electronics,COD,56,2,0.486,0,4,1,70,1
R01030,2025-03-02,1476,Books,Prepaid,970,5,0.194,0,10,1,30,0
R01777,2025-03-02,1919,Electronics,Prepaid,831,9,0.212,0,10,3,0,0
R03395,2025-03-02,2018,Home,COD,14,7,0.501,0,8,2,50,0
R01494,2025-03-02,361,Clothing,COD,42,12,0.242,0,5,1,10,0
R02204,2025-03-02,570,Electronics,COD,935,3,0.197,0,11,1,20,0
R05174,2025-03-02,1070,Electronics,Prepaid,463,4,0.138,0,10,1,10,0
R02637,2025-03-02,588,Clothing,Prepaid,94,3,0.125,0,8,1,50,0
R03434,2025-03-02,2071,Books,Prepaid,29,3,0.113,0,4,1,5,0
R02160,2025-03-02,542,Clothing,COD,177,8,0.216,0,12,3,50,1
R04241,2025-03-02,1026,Home,COD,253,4,0.134,0,7,1,5,0
R03522,2025-03-02,575,Electronics,Prepaid,396,7,0.118,0,3,1,0,0
R04049,2025-03-02,1637,Electronics,Prepaid,766,4,0.101,0,2,1,20,0
R01511,2025-03-02,347,Home,Prepaid,520,7,0.051,0,5,1,0,0
R05433,2025-03-02,4836,Beauty,Prepaid,632,6,0.234,0,7,1,0,0
R01905,2025-03-02,1125,Home,COD,700,3,0.156,0,12,3,20,0
R00487,2025-03-02,641,Home,Prepaid,960,3,0.258,0,11,2,5,0
R00738,2025-03-02,802,Home,COD,539,6,0.363,0,8,1,10,0
R05601,2025-03-02,1234,Electronics,Prepaid,439,12,0.506,0,12,2,0,0
R03770,2025-03-02,1075,Electronics,COD,810,2,0.371,0,9,1,30,0
R02327,2025-03-03,872,Home,Prepaid,229,1,0.156,0,12,1,10,0
R01782,2025-03-03,1140,Books,Prepaid,894,4,0.128,0,7,3,0,0
R03251,2025-03-03,1898,Beauty,COD,966,7,0.27,1,10,2,0,0
R04940,2025-03-03,2221,Home,Prepaid,267,9,0.216,0,9,2,70,0
R02491,2025-03-03,1043,Clothing,COD,259,6,0.11,0,3,3,5,0
R02323,2025-03-03,1788,Beauty,Prepaid,938,5,0.037,0,1,2,10,0
R03827,2025-03-03,2731,Clothing,Prepaid,321,2,0.227,1,2,1,20,0
R01176,2025-03-03,744,Electronics,Prepaid,867,3,0.204,0,6,2,20,0
R03986,2025-03-03,222,Home,Prepaid,126,5,0.044,0,9,2,10,0
R01771,2025-03-03,633,Home,COD,129,7,0.167,0,9,2,0,1
R01978,2025-03-03,1355,Clothing,COD,102,4,0.116,0,7,1,20,0
R05293,2025-03-03,4231,Electronics,Prepaid,563,3,0.559,0,8,3,20,0
R03729,2025-03-03,5051,Beauty,COD,98,3,0.081,0,2,1,20,0
R05933,2025-03-03,1360,Clothing,Prepaid,277,6,0.172,1,5,1,0,1
R04968,2025-03-03,2003,Beauty,Prepaid,406,5,0.309,0,10,2,0,0
R03597,2025-03-03,737,Clothing,Prepaid,508,7,0.048,0,10,3,20,0
R05086,2025-03-03,409,Beauty,COD,589,5,0.144,1,1,1,30,0
R02074,2025-03-03,535,Electronics,COD,187,6,0.484,0,11,1,5,0
R04566,2025-03-03,3061,Beauty,Prepaid,100,3,0.25,0,10,1,0,0
R03213,2025-03-03,2995,Electronics,Prepaid,895,9,0.033,0,11,1,30,0
R04254,2025-03-03,1320,Home,COD,758,2,0.279,0,11,3,5,0
R05360,2025-03-03,1677,Clothing,Prepaid,631,4,0.181,0,10,2,0,0
R03085,2025-03-03,789,Clothing,Prepaid,107,3,0.34,1,11,2,5,1
R01330,2025-03-03,469,Books,Prepaid,55,10,0.077,0,10,2,0,0
R01160,2025-03-03,1668,Clothing,Prepaid,849,10,0.092,1,9,2,0,1
R04889,2025-03-03,5615,Home,Prepaid,112,6,0.414,1,12,1,0,0
R04462,2025-03-03,6050,Home,Prepaid,345,5,0.135,0,3,2,5,0
R03487,2025-03-03,3947,Clothing,COD,435,6,0.302,0,4,2,0,1
R05859,2025-03-03,1445,Clothing,COD,618,3,0.501,0,1,3,10,0
R01142,2025-03-03,3341,Electronics,Prepaid,402,4,0.124,0,12,2,5,0
R04218,2025-03-03,379,Home,Prepaid,718,4,0.289,0,8,1,0,0
R01900,2025-03-03,321,Beauty,COD,286,7,0.111,0,8,1,10,0
R01974,2025-03-03,1472,Beauty,COD,153,4,0.145,0,5,1,5,0
R00199,2025-03-03,799,Clothing,COD,414,2,0.255,0,7,1,20,0
R00627,2025-03-03,969,Beauty,COD,774,5,0.055,0,10,1,0,0
R02367,2025-03-03,1214,Electronics,COD,108,3,0.104,0,3,1,0,0
R02461,2025-03-03,2619,Home,Prepaid,75,10,0.461,0,12,1,0,0
R04255,2025-03-03,582,Electronics,Prepaid,844,6,0.053,0,11,1,30,0
R01793,2025-03-04,6240,Clothing,Prepaid,430,4,0.154,0,9,2,0,1
R04203,2025-03-04,2154,Clothing,Prepaid,253,7,0.022,0,5,2,50,0
R04229,2025-03-04,553,Clothing,COD,499,8,0.261,0,4,1,20,0
R00268,2025-03-04,4442,Beauty,Prepaid,564,5,0.065,0,12,3,20,1
R00197,2025-03-04,3338,Electronics,Prepaid,872,3,0.117,0,7,2,0,0
R04192,2025-03-04,925,Clothing,Prepaid,732,5,0.022,0,6,1,10,0
R01357,2025-03-04,909,Books,Prepaid,572,6,0.065,0,2,2,30,0
R00991,2025-03-04,2206,Books,COD,336,2,0.137,0,12,3,30,0
R04313,2025-03-04,250,Electronics,COD,545,5,0.141,1,4,2,20,0
R05256,2025-03-04,2546,Clothing,Prepaid,74,6,0.096,0,10,1,0,1
R02910,2025-03-04,1736,Clothing,Prepaid,626,9,0.086,0,12,1,50,0
R05255,2025-03-04,676,Home,Prepaid,558,6,0.022,1,9,3,5,0
R00139,2025-03-04,2361,Beauty,COD,232,6,0.271,0,12,3,0,1
R03558,2025-03-04,1951,Clothing,COD,365,3,0.42,0,2,1,50,0
R01312,2025-03-04,1023,Beauty,Prepaid,780,10,0.586,0,3,2,10,0
R04439,2025-03-04,1585,Clothing,COD,534,8,0.194,0,5,1,0,0
R01383,2025-03-04,702,Clothing,COD,244,3,0.239,0,10,2,5,0
R04500,2025-03-04,889,Clothing,Prepaid,437,7,0.168,0,11,2,10,0
R04783,2025-03-04,1471,Electronics,Prepaid,890,8,0.076,0,4,4,20,0
R03091,2025-03-04,1807,Clothing,Prepaid,170,8,0.082,0,9,1,70,1
R02590,2025-03-04,4114,Home,COD,880,8,0.557,0,2,1,0,1
R03174,2025-03-04,1218,Electronics,Prepaid,394,6,0.099,0,6,2,0,1
R02998,2025-03-04,655,Beauty,COD,993,8,0.142,0,9,2,20,1
R01236,2025-03-04,927,Clothing,COD,771,9,0.388,1,4,2,50,1
R04901,2025-03-04,405,Electronics,COD,262,3,0.224,0,7,2,20,0
R02030,2025-03-04,498,Clothing,Prepaid,585,3,0.177,0,1,3,5,0
R02485,2025-03-04,968,Beauty,COD,537,6,0.481,0,5,2,0,0
R01372,2025-03-04,312,Clothing,COD,665,8,0.31,0,5,1,10,0
R01407,2025-03-04,715,Books,Prepaid,862,5,0.114,0,10,1,10,0
R01711,2025-03-04,630,Beauty,Prepaid,76,7,0.352,1,6,3,0,1
R04066,2025-03-04,1764,Beauty,COD,837,4,0.033,0,11,2,0,0
R02740,2025-03-04,10276,Electronics,Prepaid,628,7,0.145,0,1,1,50,0
R01647,2025-03-04,631,Books,Prepaid,800,10,0.394,0,9,1,20,0
R01592,2025-03-04,9868,Electronics,Prepaid,414,5,0.078,0,7,2,0,0
R05041,2025-03-05,399,Clothing,Prepaid,2,7,0.063,0,12,1,20,0
R02585,2025-03-05,224,Home,Prepaid,863,5,0.206,0,7,2,20,0
R04245,2025-03-05,2022,Electronics,COD,539,7,0.102,0,3,2,5,0
R01757,2025-03-05,260,Electronics,Prepaid,741,4,0.362,0,1,2,0,0
R02425,2025-03-05,166,Books,COD,632,7,0.269,0,6,2,0,0
R04011,2025-03-05,5862,Clothing,Prepaid,873,8,0.28,0,10,1,30,0
R05417,2025-03-05,491,Books,Prepaid,400,11,0.209,0,5,2,5,0
R05245,2025-03-05,2058,Books,COD,496,7,0.135,0,7,1,30,0
R05241,2025-03-05,1691,Clothing,COD,677,7,0.413,0,12,2,20,0
R03454,2025-03-05,1917,Clothing,Prepaid,814,7,0.195,0,1,2,10,0
R04739,2025-03-05,7766,Clothing,Prepaid,745,5,0.07,1,8,1,10,0
R03021,2025-03-05,3424,Books,COD,458,9,0.144,0,9,1,0,0
R04350,2025-03-05,1012,Clothing,Prepaid,254,5,0.084,0,6,1,70,0
R04267,2025-03-05,233,Clothing,Prepaid,101,6,0.147,0,6,2,5,0
R04630,2025-03-05,5919,Beauty,Prepaid,982,6,0.298,0,2,1,10,0
R05568,2025-03-05,1485,Electronics,COD,833,7,0.088,0,3,1,10,0
R04831,2025-03-05,1930,Books,COD,835,3,0.132,0,7,2,50,0
R04517,2025-03-05,1128,Beauty,COD,564,5,0.024,0,8,2,0,0
R03406,2025-03-05,722,Home,Prepaid,558,7,0.215,0,12,1,5,0
R00979,2025-03-05,633,Electronics,COD,372,2,0.16,1,6,1,20,0
R05596,2025-03-05,406,Beauty,Prepaid,561,1,0.226,0,10,1,30,0
R01363,2025-03-05,3332,Home,COD,648,2,0.221,0,7,1,5,0
R05671,2025-03-05,6713,Clothing,Prepaid,596,5,0.2,1,7,2,0,0
R02282,2025-03-05,1079,Clothing,Prepaid,49,7,0.08,1,12,1,5,0
R05169,2025-03-05,1593,Clothing,Prepaid,274,9,0.394,0,6,1,0,0
R04383,2025-03-05,984,Books,COD,478,5,0.334,0,4,1,70,1
R05220,2025-03-05,5175,Beauty,COD,557,4,0.421,0,12,2,70,0
R04176,2025-03-05,831,Clothing,COD,773,5,0.315,0,8,1,10,0
R03510,2025-03-05,1020,Home,Prepaid,223,6,0.1,0,9,2,10,0
R03717,2025-03-05,1546,Home,Prepaid,38,3,0.296,1,10,1,20,0
R03854,2025-03-05,981,Electronics,COD,399,9,0.614,0,4,2,5,0
R04174,2025-03-06,889,Home,Prepaid,389,3,0.432,0,3,3,30,0
R01685,2025-03-06,1393,Books,Prepaid,81,2,0.425,0,12,1,30,0
R04442,2025-03-06,865,Beauty,COD,453,2,0.193,0,12,1,0,0
R03131,2025-03-06,1158,Clothing,Prepaid,232,4,0.259,0,11,1,5,0
R03054,2025-03-06,659,Clothing,COD,741,8,0.078,0,4,2,20,0
R03857,2025-03-06,1315,Clothing,COD,332,8,0.282,1,5,1,0,1
R02490,2025-03-06,1949,Beauty,Prepaid,874,8,0.341,1,10,1,10,0
R02885,2025-03-06,1646,Electronics,COD,197,7,0.288,0,10,1,0,0
R05552,2025-03-06,2464,Home,COD,505,7,0.046,0,12,1,0,0
R03407,2025-03-06,3554,Books,Prepaid,578,3,0.094,0,1,2,20,0
R05165,2025-03-06,4961,Electronics,COD,908,6,0.168,0,2,2,0,0
R00044,2025-03-06,1337,Electronics,Prepaid,751,8,0.207,1,12,1,30,1
R02562,2025-03-06,749,Electronics,Prepaid,885,6,0.333,0,6,1,50,0
R00521,2025-03-06,1445,Electronics,Prepaid,716,8,0.192,0,5,2,0,0
R01831,2025-03-06,2150,Home,Prepaid,625,9,0.347,1,10,1,20,0
R05446,2025-03-06,530,Clothing,COD,583,3,0.301,0,7,1,0,0
R00998,2025-03-07,363,Electronics,COD,487,2,0.073,1,4,2,0,0
R01773,2025-03-07,2009,Clothing,COD,136,7,0.378,0,1,1,30,0
R02759,2025-03-07,833,Clothing,COD,707,3,0.132,0,3,1,0,0
R01699,2025-03-07,3795,Electronics,Prepaid,843,8,0.358,0,9,3,20,0
R03237,2025-03-07,241,Electronics,Prepaid,511,6,0.185,1,8,2,0,0
R05490,2025-03-07,2484,Home,COD,185,6,0.092,0,1,1,5,0
R00301,2025-03-07,150,Books,Prepaid,875,9,0.221,0,4,3,30,0
R00053,2025-03-07,928,Home,Prepaid,703,9,0.481,0,2,1,0,0
R03848,2025-03-07,1847,Electronics,Prepaid,779,9,0.114,0,12,1,0,0
R04182,2025-03-07,4878,Electronics,Prepaid,723,4,0.072,0,10,5,5,0
R01927,2025-03-07,931,Clothing,Prepaid,432,4,0.298,1,3,1,10,0
R03086,2025-03-07,1083,Beauty,Prepaid,736,7,0.084,0,11,1,5,0
R00765,2025-03-07,352,Clothing,Prepaid,110,9,0.106,0,12,2,10,0
R02441,2025-03-07,585,Clothing,COD,357,4,0.199,0,5,4,0,1
R02763,2025-03-07,2672,Beauty,COD,744,9,0.205,0,4,2,0,0
R05373,2025-03-07,395,Clothing,Prepaid,356,8,0.132,1,8,1,0,0
R03711,2025-03-07,1487,Clothing,Prepaid,285,7,0.116,0,5,2,10,0
R04786,2025-03-07,2794,Books,Prepaid,729,5,0.254,0,5,1,20,0
R00746,2025-03-07,2873,Home,Prepaid,885,10,0.139,0,8,1,5,0
R00194,2025-03-07,7969,Home,COD,375,1,0.34,0,1,1,10,0
R01572,2025-03-07,812,Beauty,Prepaid,759,6,0.059,0,8,2,70,0
R01925,2025-03-07,1363,Electronics,COD,896,2,0.325,1,8,1,20,0
R02893,2025-03-07,1330,Electronics,Prepaid,280,6,0.256,0,6,1,5,0
R02827,2025-03-07,1148,Home,Prepaid,708,6,0.253,0,10,1,0,0
R02850,2025-03-07,422,Beauty,COD,375,7,0.108,0,11,2,10,0
R02053,2025-03-07,2888,Electronics,Prepaid,476,7,0.129,0,10,3,5,0
R02486,2025-03-07,1140,Books,Prepaid,829,8,0.18,0,7,2,5,0
R02145,2025-03-07,733,Clothing,COD,563,11,0.322,1,3,1,20,0
R03465,2025-03-07,526,Electronics,Prepaid,434,12,0.362,0,2,2,50,0
R05033,2025-03-07,7862,Home,COD,773,7,0.018,0,1,3,5,0
R02191,2025-03-07,3709,Home,COD,645,5,0.151,0,12,1,10,0
R03115,2025-03-08,2409,Electronics,Prepaid,708,10,0.135,0,9,3,5,0
R03677,2025-03-08,3115,Electronics,COD,4,4,0.316,0,12,2,10,1
R02056,2025-03-08,393,Clothing,Prepaid,33,7,0.246,0,4,1,10,0
R01138,2025-03-08,555,Beauty,Prepaid,479,5,0.035,0,10,1,0,0
R01360,2025-03-08,837,Beauty,Prepaid,60,8,0.107,0,12,1,10,0
R00628,2025-03-08,1089,Home,COD,77,7,0.037,0,9,2,30,0
R00393,2025-03-08,588,Books,Prepaid,328,8,0.076,0,5,2,0,0
R02767,2025-03-08,1770,Electronics,Prepaid,407,6,0.309,0,8,1,30,0
R00063,2025-03-08,1703,Clothing,Prepaid,557,7,0.249,1,3,1,20,0
R04950,2025-03-08,1848,Books,COD,157,6,0.159,0,2,1,30,0
R03948,2025-03-08,454,Home,Prepaid,959,8,0.323,0,1,1,0,0
R04093,2025-03-08,2592,Beauty,Prepaid,834,3,0.117,0,12,1,0,0
R02356,2025-03-08,2478,Books,COD,624,6,0.306,0,3,1,5,0
R04676,2025-03-08,2455,Electronics,Prepaid,456,5,0.053,1,11,2,70,1
R04947,2025-03-08,1130,Books,Prepaid,253,7,0.09,0,1,2,5,0
R02696,2025-03-08,2120,Clothing,Prepaid,988,8,0.055,1,1,2,0,0
R04738,2025-03-08,977,Electronics,COD,0,9,0.126,0,2,3,5,1
R01151,2025-03-08,1676,Clothing,Prepaid,738,7,0.075,0,1,2,20,0
R05149,2025-03-08,1091,Beauty,Prepaid,165,6,0.334,0,2,1,5,0
R01052,2025-03-08,529,Home,COD,222,7,0.269,0,2,1,0,0
R01271,2025-03-08,2926,Books,Prepaid,654,5,0.153,0,4,1,0,0
R05046,2025-03-08,1320,Clothing,COD,300,11,0.31,0,11,1,0,1
R00201,2025-03-08,530,Beauty,COD,843,3,0.316,0,2,4,20,0
R02201,2025-03-08,330,Clothing,Prepaid,969,5,0.036,1,2,1,0,0
R03011,2025-03-08,354,Beauty,Prepaid,265,7,0.189,0,4,1,30,0
R02587,2025-03-08,928,Home,Prepaid,35,7,0.003,1,7,1,30,0
R05858,2025-03-08,1231,Books,COD,642,6,0.373,1,11,1,0,1
R00630,2025-03-08,3391,Clothing,Prepaid,815,4,0.208,0,5,1,0,0
R04750,2025-03-08,1763,Beauty,Prepaid,555,4,0.289,0,3,1,50,0
R02279,2025-03-08,1396,Clothing,COD,248,5,0.183,0,12,1,5,0
R04478,2025-03-08,325,Clothing,Prepaid,44,6,0.26,0,1,3,20,0
R03101,2025-03-08,3726,Electronics,COD,968,6,0.167,0,2,1,0,0
R03108,2025-03-08,1201,Clothing,COD,315,4,0.089,0,9,2,30,0
R04486,2025-03-08,771,Beauty,Prepaid,838,6,0.088,0,7,2,0,0
R01044,2025-03-09,410,Books,Prepaid,204,9,0.149,0,1,2,0,0
R00022,2025-03-09,1571,Beauty,Prepaid,923,8,0.171,0,2,3,10,0
R04958,2025-03-09,267,Clothing,COD,887,11,0.557,0,10,2,0,0
R03254,2025-03-09,420,Electronics,COD,14,6,0.077,0,5,1,0,1
R05092,2025-03-09,748,Clothing,Prepaid,553,8,0.603,0,7,1,0,0
R01937,2025-03-09,1972,Electronics,Prepaid,398,8,0.485,0,9,2,30,0
R00068,2025-03-09,1895,Clothing,Prepaid,584,3,0.041,0,12,2,10,0
R00332,2025-03-09,915,Clothing,COD,863,7,0.383,0,10,2,10,0
R05691,2025-03-09,287,Electronics,Prepaid,474,3,0.539,0,9,1,10,0
R00374,2025-03-09,4119,Clothing,Prepaid,948,5,0.435,0,8,1,10,0
R00576,2025-03-09,688,Electronics,Prepaid,391,6,0.02,0,3,2,0,0
R05678,2025-03-09,735,Home,Prepaid,334,5,0.077,0,3,2,50,0
R00909,2025-03-09,2900,Electronics,COD,761,6,0.138,0,2,1,20,0
R02407,2025-03-09,709,Electronics,Prepaid,675,7,0.056,0,5,2,0,0
R02415,2025-03-09,8129,Home,Prepaid,604,2,0.11,0,3,1,0,0
R05195,2025-03-09,893,Books,Prepaid,146,8,0.48,0,2,3,0,0
R00498,2025-03-09,3798,Beauty,COD,186,9,0.426,0,3,1,50,0
R03025,2025-03-09,3829,Beauty,Prepaid,925,1,0.128,0,2,2,70,0
R03006,2025-03-09,1048,Electronics,COD,159,9,0.178,1,7,1,0,0
R04040,2025-03-09,626,Books,Prepaid,360,8,0.299,0,5,2,10,0
R04171,2025-03-09,2194,Electronics,Prepaid,985,7,0.133,0,11,2,10,0
R03493,2025-03-09,596,Beauty,Prepaid,613,7,0.258,1,3,1,20,0
R01268,2025-03-09,3583,Beauty,COD,518,8,0.29,0,10,3,50,0
R02654,2025-03-09,4689,Electronics,Prepaid,157,4,0.107,0,8,1,0,0
R04345,2025-03-09,576,Clothing,COD,138,10,0.124,1,10,1,20,1
R02680,2025-03-09,799,Electronics,COD,121,5,0.309,1,7,1,0,0
R01967,2025-03-09,898,Electronics,Prepaid,485,3,0.365,1,9,1,30,1
R01864,2025-03-09,2616,Beauty,COD,993,5,0.098,0,11,1,20,0
R01857,2025-03-09,2540,Electronics,Prepaid,949,8,0.122,0,1,1,10,0
R05700,2025-03-10,662,Clothing,Prepaid,355,4,0.217,0,3,5,70,1
R04056,2025-03-10,1996,Electronics,COD,647,6,0.018,0,11,1,0,0
R00634,2025-03-10,4949,Electronics,COD,924,6,0.04,0,1,1,30,0
R04935,2025-03-10,695,Home,Prepaid,460,11,0.125,0,12,1,50,0
R02544,2025-03-10,568,Home,Prepaid,39,4,0.137,0,1,2,20,0
R04506,2025-03-10,1784,Home,Prepaid,390,3,0.275,0,3,1,10,0
R00188,2025-03-10,669,Beauty,Prepaid,67,7,0.024,0,4,3,0,0
R04881,2025-03-10,777,Clothing,Prepaid,83,7,0.037,0,9,2,10,0
R01718,2025-03-10,817,Home,Prepaid,617,8,0.021,1,9,2,0,0
R04955,2025-03-10,524,Beauty,Prepaid,527,3,0.118,0,3,1,0,0
R00770,2025-03-10,626,Home,COD,249,8,0.191,0,3,1,0,0
R05161,2025-03-10,536,Electronics,Prepaid,979,7,0.103,0,4,1,20,0
R00913,2025-03-10,1074,Beauty,Prepaid,267,7,0.245,0,5,2,30,0
R05235,2025-03-10,1639,Beauty,COD,788,5,0.04,0,10,1,0,0
R05702,2025-03-10,1185,Electronics,Prepaid,782,4,0.276,1,10,3,10,0
R05076,2025-03-10,2653,Electronics,COD,659,4,0.054,0,6,1,20,0
R02724,2025-03-10,919,Beauty,COD,739,12,0.328,1,4,2,10,0
R00379,2025-03-10,1644,Electronics,COD,974,3,0.052,0,9,3,10,0
R01945,2025-03-10,2457,Electronics,Prepaid,492,9,0.243,0,7,1,0,0
R01772,2025-03-10,6482,Electronics,COD,869,6,0.356,0,1,4,20,0
R05683,2025-03-10,1068,Beauty,Prepaid,161,4,0.351,0,6,2,30,1
R02569,2025-03-10,847,Clothing,COD,379,6,0.154,0,8,1,0,0
R03951,2025-03-10,960,Home,COD,780,9,0.192,0,10,1,10,0
R05810,2025-03-10,2538,Beauty,COD,994,2,0.168,1,1,1,5,0
R03964,2025-03-10,1108,Electronics,Prepaid,267,3,0.278,0,8,1,20,0
R03737,2025-03-10,492,Clothing,COD,980,4,0.261,1,7,1,0,0
R04664,2025-03-10,438,Books,COD,290,6,0.143,0,8,1,0,0
R04250,2025-03-10,1628,Home,COD,850,4,0.07,0,9,1,5,0
R02920,2025-03-10,4812,Clothing,COD,205,6,0.002,0,12,2,30,1
R03531,2025-03-10,901,Clothing,COD,323,5,0.258,0,6,2,5,0
R05279,2025-03-10,2161,Books,Prepaid,546,6,0.281,0,11,1,5,0
R02592,2025-03-10,1330,Beauty,COD,649,2,0.396,0,8,1,0,0
R01748,2025-03-10,1481,Home,Prepaid,26,6,0.125,1,4,1,5,0
R04401,2025-03-10,585,Electronics,COD,414,1,0.295,0,1,2,0,0
R05141,2025-03-10,864,Clothing,Prepaid,930,10,0.061,0,11,1,5,0
R03228,2025-03-10,2377,Clothing,Prepaid,749,16,0.163,0,10,1,20,0
R01468,2025-03-11,1633,Home,COD,742,7,0.132,0,1,3,0,0
R02848,2025-03-11,929,Clothing,Prepaid,489,7,0.182,0,2,1,5,0
R02428,2025-03-11,1326,Beauty,COD,510,4,0.039,0,5,2,5,0
R04385,2025-03-11,2080,Clothing,Prepaid,560,5,0.323,1,5,1,20,0
R02405,2025-03-11,520,Electronics,Prepaid,359,8,0.08,0,5,1,10,0
R04626,2025-03-11,2095,Clothing,Prepaid,902,8,0.043,0,9,1,0,0
R02581,2025-03-11,854,Home,Prepaid,864,6,0.158,0,7,3,30,0
R04490,2025-03-11,2429,Clothing,Prepaid,144,7,0.047,0,8,2,30,0
R01159,2025-03-11,503,Electronics,COD,284,3,0.052,0,7,1,50,0
R03424,2025-03-11,278,Beauty,COD,756,8,0.06,0,2,1,30,0
R01385,2025-03-11,2654,Beauty,Prepaid,887,10,0.386,1,6,2,0,0
R01017,2025-03-11,1223,Clothing,Prepaid,36,4,0.018,0,3,1,5,0
R00614,2025-03-11,1174,Beauty,COD,497,5,0.146,0,5,1,0,0
R03063,2025-03-11,5679,Clothing,Prepaid,267,6,0.406,0,5,1,30,0
R01761,2025-03-11,614,Electronics,COD,764,6,0.519,0,8,1,0,0
R04252,2025-03-11,969,Electronics,COD,800,6,0.277,0,2,1,10,0
R05384,2025-03-11,18866,Clothing,COD,599,8,0.211,0,7,1,20,0
R04961,2025-03-11,1686,Clothing,Prepaid,800,9,0.155,0,11,2,20,0
R05580,2025-03-11,1468,Clothing,COD,692,9,0.386,0,2,3,5,1
R01285,2025-03-11,151,Beauty,COD,161,5,0.04,0,5,1,0,0
R01593,2025-03-11,775,Home,Prepaid,713,6,0.276,0,6,1,30,0
R00758,2025-03-11,969,Clothing,Prepaid,653,10,0.182,0,3,2,5,0
R02875,2025-03-11,470,Clothing,Prepaid,772,6,0.229,0,6,2,0,0
R05802,2025-03-11,2956,Clothing,Prepaid,68,7,0.062,0,3,2,0,0
R04972,2025-03-11,1165,Clothing,COD,993,5,0.178,0,3,1,10,0
R01881,2025-03-11,3021,Clothing,COD,173,7,0.187,1,8,2,30,0
R03815,2025-03-11,183,Electronics,COD,461,11,0.394,0,2,3,0,0
R05383,2025-03-12,1230,Clothing,Prepaid,57,8,0.129,0,7,2,0,0
R05406,2025-03-12,1063,Beauty,Prepaid,283,10,0.222,0,3,1,0,0
R04833,2025-03-12,539,Clothing,COD,81,2,0.123,0,3,3,0,0
R02574,2025-03-12,935,Beauty,Prepaid,686,6,0.069,0,7,1,10,0
R02835,2025-03-12,1126,Electronics,COD,635,4,0.171,0,4,3,10,0
R00094,2025-03-12,7511,Books,COD,463,4,0.112,0,5,4,10,0
R05333,2025-03-12,393,Clothing,COD,335,13,0.246,0,1,1,0,0
R02683,2025-03-12,254,Clothing,Prepaid,581,3,0.101,0,3,2,0,1
R04799,2025-03-12,792,Electronics,COD,207,10,0.223,0,2,2,20,0
R04150,2025-03-12,1456,Home,COD,957,7,0.16,0,9,1,5,0
R02216,2025-03-12,1562,Electronics,COD,657,3,0.086,0,1,3,20,1
R02779,2025-03-12,239,Home,COD,15,4,0.245,1,2,2,30,1
R00809,2025-03-12,3582,Books,COD,988,5,0.16,0,1,2,20,0
R02600,2025-03-12,687,Electronics,COD,290,10,0.529,0,12,2,0,1
R05793,2025-03-12,1389,Clothing,Prepaid,412,9,0.341,0,5,1,20,0
R04809,2025-03-12,1971,Books,Prepaid,518,5,0.238,0,4,3,5,1
R03059,2025-03-12,621,Beauty,COD,789,5,0.105,0,10,1,5,0
R01066,2025-03-12,642,Beauty,Prepaid,492,4,0.182,0,10,1,5,0
R04625,2025-03-12,513,Electronics,COD,943,6,0.315,0,5,2,20,0
R02852,2025-03-12,3842,Beauty,COD,137,6,0.413,0,4,1,20,0
R01173,2025-03-12,1534,Books,Prepaid,416,9,0.038,0,11,2,0,0
R04498,2025-03-12,419,Electronics,COD,538,6,0.146,0,1,1,10,0
R01629,2025-03-12,2858,Clothing,Prepaid,571,4,0.025,0,11,1,0,0
R05339,2025-03-12,3452,Electronics,COD,107,6,0.493,0,4,2,10,0
R04162,2025-03-12,637,Electronics,COD,297,5,0.163,0,12,1,5,1
R03023,2025-03-12,3631,Clothing,COD,334,8,0.31,0,5,3,10,1
R03092,2025-03-12,286,Clothing,COD,662,9,0.564,0,10,1,0,0
R01283,2025-03-13,364,Home,COD,984,8,0.178,0,9,1,30,0
R01478,2025-03-13,964,Clothing,COD,207,6,0.222,0,7,2,5,0
R05458,2025-03-13,1967,Beauty,COD,866,9,0.112,0,10,2,0,0
R02546,2025-03-13,325,Clothing,Prepaid,105,6,0.139,0,11,1,0,0
R02003,2025-03-13,856,Beauty,Prepaid,365,8,0.089,0,3,3,50,0
R01320,2025-03-13,1786,Electronics,COD,116,8,0.179,1,9,1,5,1
R02384,2025-03-13,3398,Clothing,Prepaid,224,7,0.115,0,8,2,20,0
R05132,2025-03-13,1455,Books,Prepaid,617,9,0.193,0,9,1,10,0
R04052,2025-03-13,1025,Clothing,Prepaid,761,5,0.055,0,12,2,20,0
R01352,2025-03-13,187,Clothing,Prepaid,168,4,0.125,0,7,2,20,0
R01666,2025-03-13,232,Electronics,Prepaid,226,7,0.233,0,4,2,20,0
R03695,2025-03-13,4352,Electronics,Prepaid,607,5,0.128,0,5,1,0,0
R03405,2025-03-13,800,Clothing,Prepaid,694,9,0.606,0,4,1,0,1
R01921,2025-03-13,1197,Electronics,Prepaid,233,8,0.1,0,11,1,0,0
R05398,2025-03-13,1376,Beauty,COD,599,4,0.381,0,10,3,30,0
R02012,2025-03-13,1369,Electronics,Prepaid,298,3,0.087,0,4,1,70,0
R03041,2025-03-13,1703,Electronics,COD,213,7,0.099,0,4,1,10,0
R02059,2025-03-13,1159,Home,Prepaid,436,2,0.073,1,5,1,0,0
R03460,2025-03-13,483,Home,COD,117,6,0.124,0,10,1,10,0
R03380,2025-03-13,1256,Electronics,COD,904,4,0.529,0,6,1,20,0
R00440,2025-03-13,320,Home,COD,333,3,0.297,0,12,1,0,0
R04651,2025-03-13,3430,Beauty,Prepaid,669,6,0.319,0,11,2,20,0
R05324,2025-03-13,547,Books,COD,79,7,0.071,0,7,1,0,0
R05326,2025-03-13,1469,Clothing,Prepaid,962,10,0.296,0,8,2,0,0
R05819,2025-03-13,3240,Beauty,Prepaid,348,7,0.457,0,8,2,10,0
R03329,2025-03-13,684,Electronics,COD,664,5,0.097,0,4,1,5,0
R05314,2025-03-13,2208,Clothing,Prepaid,517,7,0.244,0,10,1,5,0
R02800,2025-03-13,6235,Electronics,COD,284,10,0.125,0,6,1,20,0
R01094,2025-03-13,893,Clothing,Prepaid,859,4,0.34,0,11,1,10,0
R01754,2025-03-13,2084,Electronics,COD,956,7,0.344,0,12,1,30,0
R05307,2025-03-13,1062,Home,COD,264,6,0.322,0,7,2,30,0
R04795,2025-03-13,4347,Home,COD,460,6,0.107,0,10,2,5,0
R02622,2025-03-13,3401,Clothing,COD,250,6,0.149,1,5,1,10,0
R04326,2025-03-13,777,Electronics,Prepaid,504,7,0.106,0,1,1,5,0
R00552,2025-03-13,386,Electronics,COD,222,6,0.106,0,7,1,50,0
R03250,2025-03-13,1860,Electronics,COD,87,9,0.287,0,11,2,0,1
R01694,2025-03-13,1461,Beauty,COD,19,7,0.132,0,3,1,10,0
R01774,2025-03-13,2671,Electronics,Prepaid,429,9,0.062,0,7,2,0,0
R02342,2025-03-13,5523,Clothing,COD,684,9,0.148,0,2,1,0,0
R02291,2025-03-13,1722,Clothing,Prepaid,545,8,0.464,0,2,1,20,0
R03733,2025-03-14,464,Beauty,COD,478,6,0.446,1,7,1,20,0
R01168,2025-03-14,1046,Electronics,Prepaid,543,5,0.219,1,12,1,0,0
R05346,2025-03-14,2241,Electronics,COD,792,7,0.054,0,9,1,0,0
R03691,2025-03-14,3170,Electronics,COD,520,5,0.116,0,7,1,10,0
R04161,2025-03-14,2940,Home,COD,894,5,0.221,0,5,4,30,0
R01956,2025-03-14,2125,Clothing,Prepaid,465,5,0.441,0,4,2,0,1
R05180,2025-03-14,5137,Electronics,COD,947,7,0.229,0,11,1,20,0
R02140,2025-03-14,1170,Beauty,COD,779,10,0.119,0,12,1,10,0
R04927,2025-03-14,581,Clothing,COD,424,4,0.391,0,7,1,0,0
R03315,2025-03-14,5818,Home,Prepaid,367,12,0.348,0,8,3,0,0
R05756,2025-03-14,3540,Clothing,Prepaid,361,6,0.147,0,1,2,20,1
R02524,2025-03-14,2083,Home,COD,272,5,0.18,0,6,1,30,0
R04175,2025-03-14,2176,Electronics,COD,772,3,0.22,1,7,2,20,1
R03318,2025-03-14,7234,Home,Prepaid,349,8,0.471,0,1,2,0,1
R00957,2025-03-14,2554,Books,Prepaid,706,5,0.143,0,9,1,0,0
R01302,2025-03-14,1542,Home,Prepaid,710,6,0.092,0,10,3,20,0
R02134,2025-03-14,3240,Electronics,Prepaid,790,4,0.032,0,1,1,5,0
R04471,2025-03-14,1549,Clothing,Prepaid,595,10,0.129,0,10,3,0,0
R02163,2025-03-14,429,Clothing,COD,444,6,0.091,0,4,1,50,0
R03312,2025-03-14,4905,Beauty,Prepaid,350,6,0.119,0,10,1,30,0
R03166,2025-03-14,457,Home,COD,751,1,0.272,0,10,1,5,0
R05043,2025-03-14,1464,Beauty,Prepaid,524,10,0.145,0,2,1,20,0
R04646,2025-03-14,2629,Clothing,Prepaid,586,5,0.211,0,8,1,50,0
R04984,2025-03-14,2101,Books,Prepaid,583,3,0.38,0,12,2,10,0
R05951,2025-03-14,2538,Clothing,Prepaid,551,6,0.47,0,5,2,0,0
R04719,2025-03-14,668,Beauty,Prepaid,213,5,0.182,0,5,1,10,0
R03188,2025-03-14,870,Clothing,COD,526,4,0.246,0,11,4,5,0
R02225,2025-03-14,1564,Electronics,COD,128,7,0.159,0,11,1,10,0
R00027,2025-03-14,1143,Clothing,Prepaid,101,7,0.227,0,11,1,5,0
R01847,2025-03-14,718,Clothing,Prepaid,636,6,0.308,0,10,2,20,0
R02060,2025-03-14,201,Clothing,COD,804,11,0.334,0,11,1,5,0
R05777,2025-03-14,507,Electronics,Prepaid,403,8,0.086,0,3,1,70,0
R02374,2025-03-14,2458,Home,Prepaid,539,8,0.184,0,6,2,20,0
R02073,2025-03-14,1861,Electronics,Prepaid,28,3,0.524,0,9,3,20,0
R04403,2025-03-14,2956,Clothing,COD,318,5,0.283,0,6,1,10,0
R03766,2025-03-15,892,Home,COD,280,9,0.579,0,4,1,10,0
R03274,2025-03-15,656,Clothing,COD,26,7,0.052,0,12,1,10,1
R01131,2025-03-15,1494,Home,Prepaid,315,5,0.025,0,9,1,5,0
R05437,2025-03-15,617,Electronics,COD,688,6,0.221,0,12,1,30,0
R00687,2025-03-15,3248,Electronics,Prepaid,824,7,0.225,0,11,1,70,0
R00942,2025-03-15,842,Clothing,COD,475,6,0.324,0,10,2,5,0
R02746,2025-03-15,2526,Clothing,Prepaid,382,7,0.011,0,11,2,5,0
R05817,2025-03-15,854,Beauty,Prepaid,269,5,0.302,0,9,3,50,0
R01875,2025-03-15,1284,Electronics,Prepaid,192,2,0.068,0,2,1,20,0
R02076,2025-03-15,3970,Clothing,COD,914,7,0.436,0,6,1,0,0
R02509,2025-03-15,2268,Beauty,Prepaid,719,4,0.033,0,9,2,0,0
R04896,2025-03-15,3128,Home,Prepaid,816,6,0.351,0,3,2,5,0
R03291,2025-03-15,914,Home,Prepaid,981,2,0.26,0,5,1,0,0
R00585,2025-03-15,351,Books,Prepaid,412,5,0.329,0,1,1,10,0
R00962,2025-03-15,2065,Clothing,Prepaid,851,7,0.339,0,5,1,10,0
R03485,2025-03-15,1708,Books,Prepaid,253,8,0.185,0,11,1,5,0
R01340,2025-03-15,859,Beauty,Prepaid,202,9,0.205,0,10,2,10,0
R02564,2025-03-15,682,Clothing,COD,604,10,0.508,0,10,1,50,1
R00164,2025-03-15,2090,Home,Prepaid,32,8,0.197,0,12,1,5,0
R05795,2025-03-15,609,Electronics,COD,378,4,0.295,0,12,2,10,0
R03142,2025-03-15,574,Clothing,Prepaid,463,4,0.192,1,3,2,30,0
R00144,2025-03-15,641,Clothing,Prepaid,762,7,0.217,0,12,1,10,0
R05196,2025-03-15,1547,Electronics,Prepaid,526,6,0.217,0,5,1,0,0
R01866,2025-03-15,3831,Clothing,COD,815,5,0.074,0,11,1,0,0
R02915,2025-03-15,332,Clothing,Prepaid,573,6,0.017,0,12,1,0,0
R05511,2025-03-15,5265,Clothing,Prepaid,128,7,0.273,0,6,1,10,0
R01688,2025-03-15,558,Electronics,Prepaid,59,5,0.478,0,9,1,5,0
R03547,2025-03-16,805,Clothing,Prepaid,866,11,0.161,1,12,1,5,0
R03886,2025-03-16,1981,Books,Prepaid,234,5,0.147,0,4,1,20,0
R01584,2025-03-16,1545,Books,Prepaid,12,3,0.111,0,6,1,0,0
R03285,2025-03-16,969,Beauty,Prepaid,674,7,0.258,0,8,1,30,0
R01762,2025-03-16,2086,Electronics,Prepaid,305,4,0.492,0,10,3,0,0
R01252,2025-03-16,1561,Clothing,Prepaid,413,5,0.386,0,10,1,20,0
R02017,2025-03-16,417,Electronics,Prepaid,721,4,0.163,0,4,1,5,0
R01835,2025-03-16,1594,Clothing,COD,957,7,0.097,1,4,4,20,1
R03479,2025-03-16,735,Clothing,Prepaid,721,6,0.158,1,7,2,20,0
R03416,2025-03-16,3354,Clothing,Prepaid,415,8,0.175,0,4,1,20,0
R03618,2025-03-16,1741,Beauty,Prepaid,595,5,0.16,0,3,1,0,1
R04045,2025-03-16,1131,Books,Prepaid,756,6,0.252,0,6,1,10,0
R00373,2025-03-16,2659,Beauty,Prepaid,731,5,0.164,1,4,2,5,0
R01888,2025-03-16,784,Home,Prepaid,652,2,0.222,0,5,1,10,0
R04354,2025-03-16,2036,Home,Prepaid,585,5,0.221,0,4,1,5,0
R05734,2025-03-16,601,Electronics,Prepaid,191,5,0.095,0,1,1,10,0
R03653,2025-03-16,281,Home,COD,418,2,0.114,0,10,1,10,0
R04318,2025-03-16,1579,Books,COD,773,5,0.133,0,8,2,20,1
R03765,2025-03-16,5739,Clothing,Prepaid,352,4,0.201,0,5,2,20,0
R02357,2025-03-16,1000,Home,Prepaid,127,7,0.109,0,3,3,20,0
R05202,2025-03-16,867,Books,Prepaid,82,5,0.051,1,4,1,30,0
R01495,2025-03-16,343,Clothing,Prepaid,664,3,0.2,0,6,1,10,0
R04147,2025-03-16,696,Clothing,Prepaid,594,3,0.197,0,3,2,5,0
R05855,2025-03-16,159,Electronics,Prepaid,837,6,0.199,0,5,2,10,0
R02192,2025-03-16,1337,Home,COD,155,3,0.219,0,4,1,0,0
R04030,2025-03-16,1404,Beauty,COD,389,8,0.318,0,1,1,20,1
R00960,2025-03-16,988,Electronics,COD,419,5,0.214,0,9,1,10,0
R00163,2025-03-16,343,Clothing,Prepaid,712,8,0.262,1,6,2,20,1
R00065,2025-03-16,1079,Electronics,COD,587,5,0.108,1,10,1,50,0
R05773,2025-03-16,244,Home,Prepaid,263,4,0.396,0,5,2,30,0
R05315,2025-03-16,1680,Clothing,Prepaid,258,4,0.168,0,4,3,0,0
R01719,2025-03-16,1437,Electronics,COD,711,8,0.088,0,11,2,0,0
R05448,2025-03-16,1930,Home,Prepaid,522,8,0.105,0,4,2,10,0
R04877,2025-03-16,1903,Home,COD,443,6,0.346,0,11,1,0,0
R05707,2025-03-16,760,Clothing,COD,185,7,0.234,1,3,1,20,1
R03272,2025-03-16,438,Clothing,COD,970,4,0.445,0,1,1,20,1
R03260,2025-03-16,4548,Clothing,Prepaid,678,3,0.299,0,8,1,0,0
R03698,2025-03-16,2623,Clothing,Prepaid,393,5,0.122,0,5,3,30,0
R00907,2025-03-16,528,Beauty,Prepaid,892,7,0.038,0,4,2,0,0
R00496,2025-03-16,3323,Beauty,COD,383,9,0.361,0,11,2,70,0
R02749,2025-03-17,150,Books,COD,991,7,0.243,0,11,2,10,0
R04736,2025-03-17,983,Electronics,Prepaid,119,5,0.298,0,3,4,10,0
R01309,2025-03-17,937,Books,Prepaid,754,6,0.384,0,4,2,30,0
R04213,2025-03-17,1031,Home,Prepaid,969,4,0.449,0,8,2,5,0
R03924,2025-03-17,600,Electronics,COD,81,3,0.217,0,2,2,0,0
R00572,2025-03-17,1157,Clothing,Prepaid,109,9,0.154,0,5,1,0,0
R00464,2025-03-17,2011,Clothing,COD,452,7,0.092,0,1,1,30,0
R02698,2025-03-17,3665,Books,Prepaid,764,6,0.229,0,9,1,10,0
R04826,2025-03-17,1854,Clothing,Prepaid,317,3,0.056,0,5,1,10,0
R05892,2025-03-17,1335,Home,COD,680,3,0.185,0,6,1,30,0
R01485,2025-03-17,159,Beauty,COD,867,6,0.282,0,9,2,0,0
R03989,2025-03-17,2986,Clothing,Prepaid,589,3,0.052,0,1,2,20,0
R00165,2025-03-17,1615,Home,Prepaid,928,1,0.114,1,3,1,20,0
R00929,2025-03-17,466,Clothing,Prepaid,324,5,0.229,0,6,1,0,0
R00972,2025-03-17,475,Clothing,COD,780,7,0.313,0,1,2,0,1
R05722,2025-03-17,1413,Electronics,COD,834,4,0.384,0,5,1,20,0
R05627,2025-03-17,845,Clothing,Prepaid,707,2,0.222,0,7,1,20,0
R01191,2025-03-17,1590,Clothing,Prepaid,925,11,0.045,0,6,1,5,0
R01635,2025-03-17,1205,Home,Prepaid,489,5,0.346,0,4,1,70,0
R00275,2025-03-17,2465,Home,Prepaid,528,4,0.067,0,1,2,5,0
R05729,2025-03-17,2318,Clothing,Prepaid,187,6,0.05,0,9,2,10,0
R01480,2025-03-17,938,Books,Prepaid,887,2,0.228,0,10,1,5,0
R01079,2025-03-17,3041,Clothing,Prepaid,940,0,0.613,0,6,1,0,0
R03461,2025-03-17,2134,Clothing,Prepaid,615,6,0.249,0,9,1,10,0
R00624,2025-03-17,301,Beauty,Prepaid,694,5,0.181,0,10,1,20,0
R04446,2025-03-17,790,Home,COD,43,3,0.449,0,10,2,20,0
R05730,2025-03-17,948,Electronics,Prepaid,331,7,0.148,1,12,2,70,1
R01678,2025-03-17,813,Clothing,Prepaid,158,8,0.207,0,4,3,0,0
R04342,2025-03-17,1068,Clothing,COD,575,12,0.49,0,2,1,10,0
R02070,2025-03-17,1472,Electronics,COD,567,8,0.34,0,10,1,0,0
R02420,2025-03-17,583,Electronics,Prepaid,671,6,0.119,0,11,1,0,0
R01225,2025-03-17,1591,Clothing,Prepaid,675,5,0.105,0,2,1,30,0
R03555,2025-03-17,1006,Clothing,Prepaid,614,2,0.088,0,1,1,10,0
R05024,2025-03-17,451,Electronics,COD,473,1,0.319,0,9,3,0,0
R00732,2025-03-17,2114,Books,COD,880,6,0.371,0,1,1,30,1
R02495,2025-03-17,686,Beauty,Prepaid,10,8,0.106,1,7,1,5,0
R01043,2025-03-17,868,Clothing,Prepaid,719,10,0.109,1,9,2,0,1
R02473,2025-03-17,3788,Books,COD,468,5,0.404,0,8,1,5,1
R00425,2025-03-17,3046,Clothing,Prepaid,197,6,0.152,1,1,1,0,0
R04251,2025-03-17,240,Electronics,Prepaid,942,3,0.069,0,9,2,5,0
R00248,2025-03-17,673,Beauty,COD,331,8,0.362,0,2,3,0,0
R02290,2025-03-17,976,Home,COD,721,3,0.239,0,10,1,20,0
R05304,2025-03-18,1101,Electronics,COD,157,8,0.248,0,2,1,5,0
R04328,2025-03-18,1416,Electronics,COD,117,6,0.094,0,4,1,10,0
R02925,2025-03-18,3686,Home,COD,636,8,0.324,0,4,1,0,0
R03008,2025-03-18,919,Beauty,Prepaid,806,4,0.169,0,7,2,20,0
R03369,2025-03-18,1778,Electronics,Prepaid,979,5,0.084,0,1,1,30,0
R00777,2025-03-18,1688,Home,COD,441,2,0.174,0,6,1,20,0
R04659,2025-03-18,2374,Clothing,Prepaid,647,4,0.613,0,3,2,20,0
R02250,2025-03-18,1481,Beauty,Prepaid,222,11,0.583,0,8,3,0,0
R04562,2025-03-18,1344,Clothing,COD,23,8,0.144,0,8,1,20,0
R03209,2025-03-18,957,Clothing,COD,290,5,0.232,0,8,1,0,0
R02694,2025-03-18,1906,Beauty,COD,604,4,0.323,1,11,1,10,0
R03771,2025-03-18,901,Electronics,Prepaid,698,4,0.151,0,2,4,5,0
R05439,2025-03-18,739,Books,COD,751,7,0.213,0,9,3,30,1
R03563,2025-03-18,749,Clothing,Prepaid,421,4,0.231,1,11,1,30,1
R01059,2025-03-18,1178,Electronics,Prepaid,986,4,0.027,1,5,2,0,0
R04130,2025-03-18,1234,Clothing,COD,611,8,0.162,0,11,3,0,0
R02276,2025-03-18,691,Beauty,COD,360,5,0.08,0,5,1,0,0
R04068,2025-03-18,692,Books,Prepaid,616,8,0.157,0,3,1,20,1
R01841,2025-03-18,1184,Beauty,Prepaid,755,4,0.491,0,7,2,70,0
R02476,2025-03-18,912,Clothing,COD,952,5,0.133,0,5,1,0,0
R02224,2025-03-18,217,Clothing,Prepaid,41,10,0.141,0,8,1,0,0
R03567,2025-03-18,683,Home,COD,737,3,0.341,1,9,1,20,0
R05800,2025-03-18,1254,Electronics,Prepaid,973,7,0.055,0,2,1,0,0
R05252,2025-03-18,1533,Clothing,COD,353,6,0.115,0,9,1,10,0
R01185,2025-03-18,3028,Books,COD,594,2,0.054,0,2,2,20,0
R03071,2025-03-18,690,Books,Prepaid,508,5,0.197,0,12,1,0,0
R01333,2025-03-18,702,Clothing,Prepaid,157,4,0.133,0,8,1,5,1
R02962,2025-03-18,2263,Clothing,COD,476,8,0.123,0,4,1,10,0
R02341,2025-03-18,522,Clothing,Prepaid,81,3,0.117,0,11,1,0,0
R01374,2025-03-18,1831,Clothing,COD,264,9,0.358,0,1,1,30,0
R01687,2025-03-19,788,Clothing,Prepaid,775,7,0.061,1,7,1,5,0
R03218,2025-03-19,796,Home,COD,562,4,0.025,0,5,4,5,0
R04670,2025-03-19,2223,Electronics,Prepaid,882,4,0.235,0,6,3,0,0
R02760,2025-03-19,3253,Clothing,Prepaid,722,7,0.047,0,6,2,20,0
R03775,2025-03-19,1544,Electronics,Prepaid,160,4,0.056,0,2,2,10,0
R00500,2025-03-19,601,Beauty,COD,78,8,0.095,0,9,2,0,0
R04191,2025-03-19,887,Electronics,COD,367,10,0.275,1,3,1,10,1
R05272,2025-03-19,1657,Clothing,Prepaid,209,8,0.499,0,3,2,5,1
R05807,2025-03-19,917,Clothing,Prepaid,331,10,0.221,1,10,1,0,0
R04520,2025-03-19,1477,Clothing,Prepaid,725,3,0.235,0,8,2,10,0
R00547,2025-03-19,660,Electronics,Prepaid,298,7,0.032,1,9,2,0,0
R04035,2025-03-19,1535,Clothing,COD,212,3,0.164,0,12,1,20,0
R02990,2025-03-19,2087,Electronics,Prepaid,402,7,0.028,0,1,2,0,1
R01153,2025-03-19,459,Electronics,COD,656,3,0.105,0,2,1,5,0
R04336,2025-03-19,919,Books,COD,854,6,0.112,0,9,1,10,0
R03669,2025-03-19,2226,Clothing,COD,637,9,0.077,0,6,2,5,1
R04743,2025-03-19,1098,Beauty,Prepaid,218,9,0.31,0,9,1,10,1
R00954,2025-03-19,435,Home,Prepaid,934,7,0.585,0,7,1,0,0
R04710,2025-03-19,1785,Home,COD,559,6,0.399,0,6,1,0,0
R01437,2025-03-19,1125,Beauty,COD,907,8,0.29,0,4,1,10,0
R05449,2025-03-19,1103,Clothing,Prepaid,682,3,0.08,1,8,1,30,0
R02661,2025-03-20,150,Electronics,Prepaid,525,5,0.124,0,7,2,5,0
R01741,2025-03-20,3218,Clothing,Prepaid,611,5,0.146,0,3,1,20,0
R05716,2025-03-20,1620,Clothing,COD,301,9,0.034,0,4,1,5,0
R04284,2025-03-20,1648,Clothing,COD,240,7,0.158,0,3,2,0,1
R02717,2025-03-20,2784,Beauty,COD,569,2,0.72,0,11,1,5,1
R03325,2025-03-20,755,Home,COD,388,2,0.339,0,5,1,0,1
R00091,2025-03-20,3573,Beauty,Prepaid,397,6,0.091,0,2,1,0,0
R00435,2025-03-20,1230,Clothing,Prepaid,202,8,0.06,0,4,1,5,0
R00633,2025-03-20,1020,Home,COD,508,6,0.207,0,4,3,0,0
R01496,2025-03-20,575,Electronics,Prepaid,972,6,0.18,0,10,1,20,0
R05747,2025-03-20,5883,Home,COD,774,5,0.314,0,4,1,50,1
R01444,2025-03-20,3140,Books,Prepaid,304,4,0.124,0,5,3,50,0
R00994,2025-03-20,3647,Clothing,COD,438,3,0.039,0,3,1,0,0
R00238,2025-03-20,598,Clothing,Prepaid,438,7,0.325,0,6,1,10,0
R00473,2025-03-20,2988,Electronics,COD,815,5,0.379,0,4,1,5,0
R02934,2025-03-20,790,Clothing,Prepaid,865,6,0.191,1,10,1,5,0
R03619,2025-03-20,942,Clothing,COD,811,4,0.45,0,1,1,0,1
R01924,2025-03-20,1321,Beauty,COD,798,7,0.066,0,10,1,10,0
R00155,2025-03-20,1046,Clothing,Prepaid,143,6,0.264,0,4,2,5,0
R02999,2025-03-20,1661,Beauty,Prepaid,991,6,0.086,0,3,2,0,0
R00354,2025-03-20,1765,Clothing,Prepaid,185,7,0.227,0,8,2,20,0
R04610,2025-03-20,546,Beauty,COD,156,11,0.225,0,7,2,10,0
R00621,2025-03-20,955,Home,COD,247,9,0.158,0,10,1,10,0
R02007,2025-03-20,661,Beauty,Prepaid,757,6,0.454,0,6,2,0,0
R04616,2025-03-20,758,Beauty,COD,217,5,0.294,0,8,3,0,0
R05638,2025-03-20,2361,Electronics,Prepaid,692,6,0.262,0,6,2,30,0
R02762,2025-03-20,5128,Books,Prepaid,584,4,0.5,0,8,2,20,1
R03676,2025-03-20,2030,Clothing,COD,906,5,0.078,0,7,1,0,0
R05201,2025-03-20,1775,Clothing,Prepaid,115,6,0.537,0,11,1,50,0
R03173,2025-03-20,1669,Electronics,COD,394,6,0.117,0,7,2,70,0
R00407,2025-03-20,2632,Electronics,Prepaid,279,11,0.027,0,5,2,0,0
R03893,2025-03-20,1598,Clothing,COD,508,1,0.281,0,1,2,70,0
R03220,2025-03-20,822,Electronics,Prepaid,358,6,0.288,0,7,1,10,0
R02566,2025-03-20,1512,Clothing,COD,837,5,0.227,0,1,1,20,0
R05051,2025-03-20,560,Electronics,COD,141,5,0.202,0,1,1,0,0
R00005,2025-03-20,4528,Clothing,COD,38,3,0.51,1,3,2,30,0
R02318,2025-03-20,1988,Books,COD,335,4,0.155,0,10,1,0,0
R01100,2025-03-20,610,Books,COD,246,4,0.263,0,10,1,0,0
R05704,2025-03-20,1427,Electronics,COD,308,11,0.112,0,1,1,5,0
R00795,2025-03-20,1423,Home,COD,55,7,0.028,0,3,2,0,0
R05684,2025-03-20,1212,Beauty,Prepaid,615,12,0.572,0,5,1,0,0
R03261,2025-03-20,1552,Beauty,COD,163,7,0.339,1,9,2,0,1
R05803,2025-03-21,363,Clothing,COD,211,10,0.108,0,5,1,0,0
R02916,2025-03-21,2344,Home,Prepaid,252,9,0.332,0,4,3,10,0
R01220,2025-03-21,2822,Home,Prepaid,899,11,0.2,0,6,2,20,0
R03624,2025-03-21,1884,Electronics,Prepaid,360,7,0.013,0,11,1,50,0
R02954,2025-03-21,1134,Clothing,Prepaid,12,4,0.189,0,6,1,0,0
R03860,2025-03-21,1258,Clothing,Prepaid,849,9,0.134,1,10,1,0,0
R00756,2025-03-21,5249,Electronics,COD,784,6,0.164,0,5,3,0,1
R01039,2025-03-21,2285,Electronics,Prepaid,691,5,0.341,0,5,1,30,0
R05686,2025-03-21,2341,Clothing,Prepaid,751,5,0.12,0,5,2,0,0
R03081,2025-03-21,4100,Clothing,Prepaid,565,2,0.296,0,5,2,0,0
R03104,2025-03-21,1908,Beauty,Prepaid,188,5,0.154,0,1,2,0,0
R03125,2025-03-21,802,Clothing,Prepaid,492,5,0.093,0,7,2,10,0
R00121,2025-03-21,1389,Clothing,Prepaid,697,6,0.095,0,8,3,0,0
R02841,2025-03-21,2374,Electronics,Prepaid,879,5,0.024,0,5,2,20,0
R00140,2025-03-21,1657,Electronics,COD,230,7,0.143,1,2,1,70,0
R00298,2025-03-21,916,Electronics,Prepaid,677,13,0.126,0,11,3,10,0
R01418,2025-03-21,209,Clothing,COD,829,5,0.041,0,12,1,0,0
R04028,2025-03-21,920,Clothing,Prepaid,269,5,0.232,0,5,2,10,0
R00285,2025-03-21,2832,Clothing,Prepaid,407,6,0.094,0,11,1,5,0
R05521,2025-03-21,567,Home,COD,236,5,0.504,0,3,1,5,0
R03356,2025-03-21,427,Electronics,COD,352,8,0.58,0,5,3,50,1
R03744,2025-03-21,914,Clothing,Prepaid,647,7,0.079,0,7,3,0,0
R03551,2025-03-21,150,Beauty,Prepaid,106,0,0.517,0,6,2,5,0
R00004,2025-03-21,411,Beauty,COD,609,7,0.227,1,12,2,0,1
R04765,2025-03-21,897,Home,Prepaid,699,5,0.338,0,1,2,10,0
R00082,2025-03-21,1298,Clothing,COD,853,4,0.005,0,9,1,50,0
R01992,2025-03-21,1351,Beauty,Prepaid,936,8,0.17,0,2,2,50,0
R02078,2025-03-21,1622,Clothing,Prepaid,55,12,0.103,0,12,1,10,0
R02135,2025-03-21,1296,Beauty,Prepaid,771,5,0.158,1,3,1,10,0
R02565,2025-03-21,526,Books,COD,306,6,0.162,0,3,1,0,0
R05084,2025-03-21,759,Home,COD,925,3,0.079,0,1,2,10,0
R04878,2025-03-21,617,Beauty,COD,565,3,0.478,0,4,2,10,0
R00869,2025-03-22,1021,Home,COD,139,7,0.174,0,7,1,10,0
R00267,2025-03-22,754,Clothing,Prepaid,691,8,0.456,1,3,1,30,0
R03556,2025-03-22,827,Electronics,COD,518,7,0.012,0,5,2,0,0
R03601,2025-03-22,2011,Clothing,Prepaid,321,5,0.113,0,7,1,5,0
R02146,2025-03-22,1842,Beauty,Prepaid,344,3,0.037,0,3,1,0,0
R05095,2025-03-22,498,Clothing,COD,957,6,0.081,1,3,2,10,1
R03616,2025-03-22,900,Clothing,Prepaid,555,10,0.095,1,7,1,10,0
R00800,2025-03-22,931,Clothing,COD,946,8,0.177,0,11,4,70,0
R02521,2025-03-22,2795,Electronics,COD,245,6,0.153,0,2,1,0,0
R04529,2025-03-22,3453,Electronics,Prepaid,779,10,0.146,0,7,3,5,0
R02735,2025-03-22,3976,Clothing,Prepaid,685,4,0.079,0,3,2,30,0
R04465,2025-03-22,7124,Books,Prepaid,991,8,0.551,0,10,2,20,0
R03489,2025-03-22,475,Clothing,Prepaid,528,12,0.267,0,4,1,20,1
R01293,2025-03-22,1065,Clothing,Prepaid,552,5,0.009,0,4,2,20,0
R05534,2025-03-22,2942,Books,COD,371,7,0.226,0,10,1,50,0
R01643,2025-03-22,1076,Electronics,Prepaid,124,8,0.187,0,1,1,0,1
R05344,2025-03-22,788,Electronics,COD,541,6,0.274,0,8,3,5,1
R04004,2025-03-22,727,Electronics,Prepaid,657,7,0.149,0,5,1,50,0
R04416,2025-03-22,1810,Beauty,COD,826,6,0.097,0,3,2,20,0
R04942,2025-03-22,1454,Electronics,COD,877,8,0.049,0,6,1,0,0
R01729,2025-03-22,1705,Home,Prepaid,58,6,0.093,0,3,1,5,0
R02802,2025-03-22,859,Home,COD,47,8,0.253,0,2,2,0,0
R05629,2025-03-22,767,Electronics,Prepaid,240,5,0.076,0,10,2,5,0
R04297,2025-03-22,1418,Home,COD,337,9,0.299,0,12,2,30,0
R00030,2025-03-22,2878,Electronics,COD,383,9,0.191,0,4,2,20,0
R00186,2025-03-22,612,Clothing,Prepaid,964,6,0.071,0,8,3,5,0
R00047,2025-03-22,1425,Electronics,COD,689,11,0.281,0,2,1,0,0
R00935,2025-03-22,769,Electronics,Prepaid,464,5,0.335,0,4,2,20,0
R00219,2025-03-22,2447,Clothing,Prepaid,696,3,0.241,0,7,1,0,0
R02157,2025-03-22,896,Clothing,Prepaid,338,5,0.157,0,7,2,50,1
R00923,2025-03-22,372,Electronics,Prepaid,478,12,0.249,0,7,2,0,0
R02860,2025-03-22,1001,Clothing,Prepaid,437,9,0.176,0,9,1,10,0
R03780,2025-03-22,1800,Home,Prepaid,964,6,0.249,0,5,1,5,0
R03814,2025-03-22,528,Clothing,COD,860,7,0.201,0,11,1,30,0
R05172,2025-03-22,484,Home,COD,798,8,0.394,0,8,1,0,0
R00689,2025-03-22,2543,Home,COD,846,6,0.133,1,12,3,30,0
R01263,2025-03-22,993,Clothing,COD,159,5,0.212,0,10,1,30,1
R04545,2025-03-22,546,Electronics,COD,344,8,0.3,0,11,1,70,0
R03812,2025-03-22,919,Clothing,Prepaid,770,4,0.138,0,5,1,50,0
R04094,2025-03-22,1154,Beauty,Prepaid,481,5,0.066,0,1,2,50,0
R04227,2025-03-23,3294,Clothing,Prepaid,405,9,0.217,0,7,1,30,0
R03500,2025-03-23,175,Home,COD,310,8,0.06,0,8,2,0,0
R05664,2025-03-23,1195,Books,Prepaid,144,1,0.296,0,7,2,10,0
R04047,2025-03-23,503,Electronics,Prepaid,173,6,0.232,0,10,2,50,0
R03453,2025-03-23,1102,Electronics,Prepaid,554,9,0.058,0,6,2,5,0
R04444,2025-03-23,2781,Clothing,Prepaid,906,6,0.137,0,3,2,0,0
R03143,2025-03-23,763,Clothing,Prepaid,687,5,0.296,0,12,2,5,0
R03747,2025-03-23,646,Home,Prepaid,611,11,0.137,0,2,2,70,1
R03080,2025-03-23,1194,Beauty,COD,460,5,0.235,0,3,1,0,0
R05178,2025-03-23,2973,Home,Prepaid,692,5,0.096,0,11,1,0,0
R00883,2025-03-23,1106,Home,Prepaid,362,3,0.153,1,12,1,5,0
R01184,2025-03-23,1107,Electronics,COD,45,3,0.063,0,11,3,20,0
R02382,2025-03-23,1911,Home,COD,330,2,0.18,1,9,1,0,1
R03587,2025-03-23,2113,Clothing,COD,851,5,0.167,0,10,1,0,0
R01057,2025-03-23,622,Clothing,COD,23,6,0.116,0,11,1,20,0
R05310,2025-03-23,1060,Books,COD,23,6,0.359,0,7,2,20,0
R01092,2025-03-23,1711,Beauty,COD,815,7,0.246,0,1,3,30,0
R02243,2025-03-23,1385,Clothing,Prepaid,739,3,0.081,0,10,1,0,0
R00020,2025-03-23,200,Clothing,Prepaid,263,5,0.031,0,11,1,50,0
R01473,2025-03-23,1414,Home,Prepaid,852,6,0.102,0,4,1,0,0
R02645,2025-03-23,4233,Home,Prepaid,290,5,0.274,0,9,1,20,1
R01319,2025-03-23,1381,Beauty,Prepaid,725,5,0.391,0,9,2,0,0
R04322,2025-03-23,1156,Clothing,COD,581,4,0.064,0,2,2,0,0
R02435,2025-03-23,817,Home,Prepaid,505,4,0.097,0,6,2,10,0
R02217,2025-03-23,1591,Electronics,Prepaid,945,11,0.103,0,8,2,0,0
R03817,2025-03-23,1331,Home,Prepaid,276,7,0.074,0,5,1,0,0
R02578,2025-03-23,589,Home,COD,281,8,0.124,0,1,1,0,0
R00031,2025-03-23,1243,Beauty,COD,713,6,0.388,0,2,4,0,1
R01373,2025-03-23,779,Electronics,COD,295,1,0.301,0,9,1,0,0
R00214,2025-03-23,1315,Home,COD,403,9,0.102,0,9,1,20,1
R05607,2025-03-23,3179,Clothing,COD,802,6,0.29,0,12,3,0,0
R02047,2025-03-23,1937,Clothing,Prepaid,302,5,0.41,0,4,1,10,0
R04759,2025-03-23,421,Electronics,COD,475,4,0.027,0,7,2,10,0
R03981,2025-03-23,349,Books,COD,22,4,0.098,0,1,4,20,0
R04106,2025-03-23,1534,Clothing,Prepaid,235,6,0.01,0,10,2,10,0
R01919,2025-03-23,2146,Books,Prepaid,949,3,0.142,0,7,1,20,0
R01331,2025-03-23,1430,Clothing,COD,538,4,0.113,0,11,2,10,0
R03666,2025-03-23,1233,Home,COD,22,10,0.045,0,4,1,10,0
R02040,2025-03-23,4511,Beauty,Prepaid,640,6,0.222,0,10,2,0,0
R01890,2025-03-23,215,Books,COD,942,8,0.316,0,5,3,5,0
R04144,2025-03-23,743,Clothing,Prepaid,991,3,0.414,0,5,1,5,0
R03443,2025-03-24,1652,Beauty,COD,672,5,0.296,0,6,3,20,0
R01555,2025-03-24,307,Clothing,Prepaid,176,8,0.423,0,11,1,10,0
R00537,2025-03-24,1011,Clothing,Prepaid,873,5,0.046,0,9,2,20,0
R02180,2025-03-24,1045,Electronics,Prepaid,663,6,0.08,1,1,1,70,0
R02391,2025-03-24,2842,Home,COD,831,5,0.109,0,10,1,5,0
R05744,2025-03-24,1176,Home,Prepaid,257,7,0.029,0,7,2,5,0
R01803,2025-03-24,1259,Clothing,Prepaid,300,6,0.127,0,4,2,20,0
R05579,2025-03-24,464,Home,COD,173,8,0.172,0,8,1,50,0
R00798,2025-03-24,955,Beauty,COD,48,6,0.314,0,7,1,50,1
R01566,2025-03-24,1058,Home,COD,682,3,0.505,0,6,1,0,0
R04050,2025-03-24,2859,Clothing,COD,576,8,0.23,0,7,1,0,0
R02991,2025-03-24,630,Clothing,Prepaid,268,7,0.27,1,10,1,0,0
R00792,2025-03-24,692,Clothing,COD,21,3,0.043,1,12,1,10,0
R02205,2025-03-24,5623,Clothing,COD,475,3,0.273,1,12,1,0,1
R04526,2025-03-24,655,Clothing,COD,903,3,0.33,0,8,2,30,0
R04424,2025-03-24,953,Electronics,Prepaid,511,3,0.16,1,8,1,50,1
R00916,2025-03-24,2620,Clothing,COD,439,8,0.048,1,2,1,0,0
R03397,2025-03-24,1402,Beauty,COD,747,11,0.19,0,4,2,5,0
R01458,2025-03-24,804,Home,COD,903,2,0.449,1,3,1,30,1
R02004,2025-03-24,1199,Clothing,Prepaid,535,10,0.235,0,11,3,5,0
R05830,2025-03-24,837,Books,Prepaid,725,6,0.008,1,8,1,30,0
R05206,2025-03-24,2153,Electronics,COD,690,12,0.2,0,4,1,10,0
R00205,2025-03-24,6869,Books,COD,208,4,0.121,0,7,2,10,0
R00222,2025-03-24,944,Beauty,COD,986,7,0.003,0,12,1,20,0
R02337,2025-03-24,579,Home,COD,452,5,0.153,0,9,1,10,0
R00871,2025-03-24,890,Electronics,COD,132,2,0.177,0,4,2,0,0
R01853,2025-03-24,1235,Beauty,Prepaid,341,4,0.106,0,3,2,5,0
R01743,2025-03-24,1033,Beauty,COD,879,4,0.197,0,11,3,10,0
R00833,2025-03-24,1511,Electronics,Prepaid,760,4,0.03,0,7,1,20,0
R05720,2025-03-24,1586,Clothing,COD,136,10,0.171,0,2,2,5,0
R02846,2025-03-24,1686,Beauty,Prepaid,363,8,0.193,0,9,1,20,0
R00506,2025-03-24,744,Home,Prepaid,56,3,0.137,0,7,1,0,0
R03884,2025-03-24,685,Beauty,Prepaid,760,2,0.142,0,4,2,10,0
R02845,2025-03-24,1010,Electronics,Prepaid,94,5,0.325,0,9,3,5,0
R01368,2025-03-24,1519,Home,COD,45,9,0.271,0,6,1,0,0
R04025,2025-03-24,445,Clothing,COD,97,11,0.232,0,2,2,0,0
R05137,2025-03-25,5253,Electronics,Prepaid,241,5,0.185,0,11,2,70,0
R00231,2025-03-25,1869,Electronics,COD,427,4,0.156,0,3,1,5,0
R00176,2025-03-25,1903,Clothing,Prepaid,468,3,0.278,1,9,2,0,0
R00647,2025-03-25,832,Electronics,COD,725,3,0.047,0,6,2,30,0
R03132,2025-03-25,4516,Home,COD,79,7,0.193,0,2,2,0,0
R04323,2025-03-25,1024,Electronics,Prepaid,544,5,0.18,0,11,2,0,0
R05713,2025-03-25,704,Beauty,Prepaid,427,5,0.048,0,6,1,10,0
R02274,2025-03-25,1137,Beauty,COD,634,4,0.084,0,7,2,10,0
R03292,2025-03-25,1549,Books,Prepaid,108,3,0.038,0,4,1,30,0
R00612,2025-03-25,1314,Clothing,Prepaid,605,7,0.287,0,5,2,10,1
R03954,2025-03-25,1096,Home,Prepaid,726,7,0.101,1,8,2,5,0
R05118,2025-03-25,1556,Clothing,COD,782,5,0.099,0,12,3,0,0
R00073,2025-03-25,701,Beauty,Prepaid,668,4,0.297,0,12,1,0,0
R02507,2025-03-25,6854,Clothing,Prepaid,162,7,0.133,1,5,2,10,0
R04742,2025-03-25,3190,Electronics,Prepaid,23,3,0.129,0,4,1,30,0
R04179,2025-03-25,1123,Books,COD,96,2,0.048,0,11,1,10,0
R05213,2025-03-25,1057,Home,COD,574,3,0.1,1,2,1,30,0
R02465,2025-03-25,780,Clothing,Prepaid,679,8,0.207,0,6,2,70,0
R05585,2025-03-25,7908,Beauty,Prepaid,627,3,0.336,0,3,1,20,0
R00114,2025-03-25,766,Home,Prepaid,542,3,0.241,0,4,1,5,0
R00335,2025-03-25,1638,Electronics,Prepaid,335,9,0.104,0,5,1,5,0
R00485,2025-03-25,3356,Home,Prepaid,399,6,0.063,0,12,1,10,0
R00905,2025-03-25,1583,Electronics,Prepaid,47,11,0.118,0,11,2,0,0
R03631,2025-03-25,4667,Home,COD,374,7,0.138,0,2,2,30,0
R05022,2025-03-25,1013,Clothing,COD,409,9,0.2,0,12,2,30,0
R04167,2025-03-25,2991,Home,COD,71,5,0.25,0,5,1,20,0
R01213,2025-03-25,411,Electronics,COD,546,4,0.06,0,2,4,50,0
R00939,2025-03-25,3064,Electronics,Prepaid,722,3,0.155,0,7,1,70,1
R01520,2025-03-25,3075,Clothing,Prepaid,154,5,0.105,0,5,3,10,0
R02189,2025-03-25,426,Beauty,COD,137,10,0.338,0,2,3,0,0
R05666,2025-03-25,595,Home,Prepaid,862,6,0.182,0,9,1,10,0
R02020,2025-03-25,1442,Electronics,Prepaid,1,4,0.166,0,1,2,0,0
R05472,2025-03-25,1089,Beauty,COD,132,10,0.137,0,10,1,10,0
R02730,2025-03-25,1729,Clothing,COD,961,10,0.083,0,5,1,5,0
R02716,2025-03-25,506,Clothing,Prepaid,384,5,0.043,0,11,2,5,0
R02582,2025-03-25,443,Electronics,Prepaid,132,5,0.237,0,7,1,20,1
R03016,2025-03-25,789,Clothing,COD,825,6,0.064,0,9,1,10,0
R02409,2025-03-26,5250,Clothing,Prepaid,582,4,0.148,0,11,1,5,0
R03139,2025-03-26,1338,Clothing,Prepaid,777,3,0.046,0,9,1,5,0
R02354,2025-03-26,2354,Home,COD,72,5,0.536,0,3,1,5,1
R05340,2025-03-26,1850,Home,COD,734,7,0.13,0,12,1,10,0
R04807,2025-03-26,373,Beauty,COD,501,8,0.21,0,5,2,10,0
R04481,2025-03-26,2287,Electronics,COD,526,8,0.097,0,12,2,5,0
R01102,2025-03-26,699,Home,Prepaid,230,7,0.1,0,7,1,0,0
R05654,2025-03-26,266,Clothing,Prepaid,560,4,0.179,0,12,1,10,0
R03090,2025-03-26,1369,Home,Prepaid,681,7,0.257,0,1,3,10,0
R01075,2025-03-26,6828,Clothing,COD,534,5,0.275,0,8,4,10,0
R01697,2025-03-26,458,Electronics,Prepaid,561,2,0.26,0,2,1,50,0
R04485,2025-03-26,858,Clothing,COD,948,5,0.246,0,1,3,30,0
R01499,2025-03-26,2528,Beauty,Prepaid,80,7,0.026,0,4,1,0,0
R02976,2025-03-26,1006,Clothing,COD,542,9,0.285,0,6,1,20,0
R03662,2025-03-26,1343,Beauty,COD,394,4,0.051,0,9,2,5,1
R02077,2025-03-26,286,Electronics,COD,201,6,0.383,0,8,1,5,0
R00474,2025-03-26,1434,Electronics,COD,187,4,0.087,0,4,1,0,0
R04180,2025-03-26,639,Clothing,Prepaid,824,13,0.02,1,2,1,0,0
R00070,2025-03-26,524,Electronics,COD,19,6,0.008,0,7,1,0,0
R03560,2025-03-26,574,Clothing,COD,92,4,0.213,0,12,1,20,1
R00710,2025-03-26,438,Home,Prepaid,411,4,0.216,0,7,3,5,0
R01248,2025-03-26,474,Clothing,COD,991,9,0.326,0,8,1,10,0
R05769,2025-03-26,281,Home,COD,445,5,0.262,0,12,1,5,0
R05907,2025-03-26,496,Electronics,Prepaid,493,9,0.184,0,6,2,10,0
R02644,2025-03-26,355,Electronics,Prepaid,132,3,0.026,1,9,1,10,0
R01802,2025-03-26,1533,Clothing,COD,250,6,0.239,0,10,2,0,0
R00277,2025-03-26,672,Electronics,Prepaid,523,4,0.39,0,1,3,0,0
R02527,2025-03-26,833,Clothing,COD,320,10,0.31,0,9,3,0,1
R00367,2025-03-26,1369,Home,Prepaid,847,4,0.397,0,3,1,10,0
R01968,2025-03-26,2253,Clothing,Prepaid,912,4,0.121,0,7,2,0,0
R03286,2025-03-26,773,Home,COD,602,0,0.348,0,7,2,0,0
R04343,2025-03-26,2304,Beauty,COD,241,8,0.199,0,6,1,0,0
R05942,2025-03-26,849,Clothing,Prepaid,684,5,0.073,1,1,1,10,0
R04867,2025-03-26,1320,Clothing,Prepaid,55,8,0.497,0,1,1,30,0
R00054,2025-03-26,2146,Beauty,Prepaid,887,7,0.329,0,11,1,0,0
R01768,2025-03-26,905,Home,COD,779,3,0.148,0,4,2,30,0
R01954,2025-03-26,439,Books,Prepaid,88,5,0.079,0,4,2,0,1
R05412,2025-03-26,1136,Electronics,COD,311,9,0.341,0,12,1,0,0
R05274,2025-03-26,4777,Home,Prepaid,995,5,0.254,0,5,2,5,0
R03938,2025-03-27,1119,Home,COD,946,7,0.119,0,5,1,0,0
R02463,2025-03-27,761,Clothing,Prepaid,647,4,0.164,1,1,1,30,0
R05348,2025-03-27,2020,Clothing,Prepaid,591,6,0.351,0,10,2,5,0
R05354,2025-03-27,1676,Clothing,COD,45,8,0.05,0,8,1,70,0
R02459,2025-03-27,2700,Clothing,Prepaid,184,2,0.207,1,7,1,50,0
R00109,2025-03-27,484,Clothing,Prepaid,163,5,0.035,0,1,2,0,0
R02454,2025-03-27,4552,Clothing,COD,281,4,0.15,0,11,1,30,0
R04606,2025-03-27,4853,Books,Prepaid,603,4,0.309,0,12,1,50,0
R03410,2025-03-27,232,Clothing,Prepaid,466,8,0.388,0,4,1,10,0
R03451,2025-03-27,1761,Clothing,COD,180,10,0.594,0,8,2,30,1
R05872,2025-03-27,638,Beauty,Prepaid,546,8,0.165,0,2,1,5,0
R02026,2025-03-27,1654,Home,Prepaid,674,6,0.23,0,6,2,30,0
R04116,2025-03-27,604,Beauty,Prepaid,847,9,0.384,0,12,3,0,0
R05857,2025-03-27,1951,Beauty,Prepaid,445,5,0.237,0,10,1,20,0
R04707,2025-03-27,352,Clothing,COD,976,8,0.335,0,12,1,10,0
R01431,2025-03-27,580,Clothing,COD,647,3,0.366,0,1,2,0,0
R00124,2025-03-27,776,Electronics,COD,700,5,0.197,0,9,2,10,0
R03636,2025-03-27,694,Clothing,Prepaid,356,9,0.095,1,5,1,10,0
R05491,2025-03-27,4516,Clothing,Prepaid,308,5,0.342,1,5,3,5,1
R03874,2025-03-27,811,Electronics,Prepaid,82,7,0.29,0,3,1,5,0
R03123,2025-03-27,1777,Home,COD,503,1,0.323,0,3,1,70,1
R00944,2025-03-27,848,Home,Prepaid,646,9,0.125,0,10,1,10,0
R01789,2025-03-27,732,Clothing,COD,231,2,0.177,1,6,2,0,0
R00974,2025-03-27,775,Clothing,COD,601,2,0.108,0,1,1,10,0
R02913,2025-03-27,936,Electronics,Prepaid,382,4,0.493,0,4,1,0,0
R02395,2025-03-27,567,Electronics,Prepaid,137,8,0.03,0,9,1,10,0
R01712,2025-03-27,434,Clothing,COD,322,10,0.27,0,11,3,20,0
R05992,2025-03-27,150,Clothing,COD,831,6,0.212,0,2,2,0,0
R00290,2025-03-27,1637,Electronics,COD,472,9,0.61,0,6,2,0,1
R02549,2025-03-27,1482,Home,COD,34,11,0.175,0,8,3,0,0
R04417,2025-03-27,1302,Clothing,Prepaid,395,6,0.15,0,12,1,0,0
R04112,2025-03-28,701,Home,COD,149,4,0.273,0,11,1,5,0
R02980,2025-03-28,2630,Home,Prepaid,337,8,0.439,1,5,2,10,0
R03138,2025-03-28,1776,Clothing,Prepaid,574,10,0.342,0,11,2,0,1
R00785,2025-03-28,1488,Electronics,Prepaid,362,4,0.194,0,7,4,30,0
R04453,2025-03-28,592,Electronics,COD,447,6,0.234,0,12,2,30,0
R05133,2025-03-28,1020,Beauty,Prepaid,209,9,0.378,1,5,1,20,0
R00709,2025-03-28,1362,Electronics,Prepaid,560,10,0.432,0,4,2,0,0
R05147,2025-03-28,443,Clothing,COD,273,7,0.165,0,12,1,20,1
R03971,2025-03-28,633,Beauty,COD,667,5,0.185,0,5,1,0,0
R00768,2025-03-28,442,Clothing,Prepaid,997,9,0.013,0,9,1,5,0
R00076,2025-03-28,3228,Books,COD,539,10,0.133,0,6,2,30,0
R02960,2025-03-28,1270,Clothing,COD,417,4,0.415,0,8,2,50,1
R00973,2025-03-28,3166,Electronics,Prepaid,308,10,0.252,0,6,2,10,0
R01101,2025-03-28,717,Clothing,Prepaid,192,4,0.264,0,3,1,0,0
R03262,2025-03-28,669,Clothing,Prepaid,615,6,0.162,0,8,1,5,0
R03498,2025-03-28,543,Electronics,COD,337,11,0.497,0,12,1,5,1
R02178,2025-03-28,884,Clothing,Prepaid,313,7,0.264,0,2,2,0,0
R02456,2025-03-28,805,Electronics,COD,276,6,0.139,0,9,1,10,0
R03990,2025-03-28,3442,Clothing,COD,591,4,0.063,0,10,1,10,0
R05631,2025-03-28,4720,Electronics,COD,524,3,0.256,0,10,1,0,0
R00519,2025-03-28,775,Electronics,COD,841,7,0.297,0,4,1,0,0
R03427,2025-03-28,1606,Clothing,Prepaid,176,7,0.219,0,10,1,0,0
R04281,2025-03-28,1006,Home,COD,52,4,0.098,1,9,2,20,0
R01799,2025-03-28,800,Beauty,Prepaid,389,3,0.553,0,12,1,5,0
R01795,2025-03-28,1525,Clothing,COD,533,7,0.002,0,7,1,20,0
R03056,2025-03-28,395,Clothing,Prepaid,280,12,0.133,1,10,2,20,0
R01202,2025-03-28,413,Beauty,Prepaid,788,9,0.329,1,4,1,20,0
R02239,2025-03-28,1029,Electronics,Prepaid,971,6,0.042,0,11,1,5,0
R00622,2025-03-28,782,Clothing,Prepaid,982,9,0.241,0,1,1,10,1
R03846,2025-03-28,666,Clothing,Prepaid,629,1,0.088,0,7,2,30,0
R01508,2025-03-28,245,Clothing,COD,127,5,0.353,1,9,1,5,0
R04726,2025-03-28,924,Electronics,Prepaid,844,8,0.225,0,12,3,20,0
R02769,2025-03-28,375,Electronics,COD,113,5,0.202,0,2,3,0,1
R01420,2025-03-28,812,Electronics,Prepaid,917,3,0.252,0,6,1,20,0
R05561,2025-03-28,1601,Clothing,Prepaid,36,5,0.427,1,5,3,70,0
R01541,2025-03-28,1871,Clothing,Prepaid,391,9,0.341,0,3,2,10,0
R04895,2025-03-29,314,Electronics,COD,305,9,0.326,0,10,2,5,0
R03656,2025-03-29,3366,Electronics,Prepaid,916,5,0.082,1,12,1,20,0
R03072,2025-03-29,3972,Clothing,COD,481,7,0.153,0,2,2,10,0
R04608,2025-03-29,2830,Clothing,Prepaid,698,9,0.493,0,2,1,0,0
R01932,2025-03-29,5530,Home,Prepaid,40,8,0.338,1,3,1,0,1
R04890,2025-03-29,1300,Home,COD,656,10,0.041,0,2,2,20,0
R04355,2025-03-29,3168,Electronics,Prepaid,470,7,0.135,0,5,2,0,0
R03855,2025-03-29,2047,Clothing,Prepaid,738,8,0.329,0,12,1,0,0
R03923,2025-03-29,372,Electronics,COD,804,6,0.426,0,2,1,10,0
R01146,2025-03-29,485,Clothing,Prepaid,505,8,0.16,0,7,1,0,0
R02844,2025-03-29,1887,Home,Prepaid,956,4,0.119,0,11,1,20,0
R00276,2025-03-29,1430,Beauty,COD,780,3,0.148,0,3,1,0,0
R00644,2025-03-29,843,Clothing,COD,867,6,0.182,0,1,1,20,0
R05379,2025-03-29,411,Electronics,Prepaid,218,4,0.289,0,8,1,20,1
R04428,2025-03-29,3710,Clothing,Prepaid,299,4,0.248,0,12,1,10,0
R01808,2025-03-29,1585,Home,COD,816,4,0.283,0,4,2,0,0
R01517,2025-03-29,308,Electronics,COD,371,6,0.143,0,3,1,0,0
R02686,2025-03-29,1132,Clothing,Prepaid,768,4,0.256,1,12,2,10,1
R05809,2025-03-29,758,Books,Prepaid,391,9,0.139,1,6,1,10,0
R02958,2025-03-30,595,Clothing,COD,3,9,0.279,0,2,2,30,1
R03015,2025-03-30,1174,Clothing,COD,568,7,0.091,0,4,1,50,0
R01116,2025-03-30,404,Clothing,COD,189,6,0.146,0,8,2,0,0
R00651,2025-03-30,2880,Clothing,Prepaid,355,8,0.121,1,12,1,30,1
R01244,2025-03-30,1744,Electronics,COD,980,4,0.361,1,4,2,20,0
R00729,2025-03-30,1738,Home,Prepaid,126,6,0.151,0,4,1,20,0
R04415,2025-03-30,550,Home,COD,370,7,0.116,0,1,3,0,0
R00444,2025-03-30,2205,Electronics,COD,425,11,0.02,0,9,1,20,0
R02156,2025-03-30,371,Clothing,COD,287,9,0.213,1,10,2,30,1
R04714,2025-03-30,3770,Clothing,COD,384,3,0.189,1,8,2,0,0
R05330,2025-03-30,663,Electronics,COD,797,6,0.055,0,11,4,10,0
R04014,2025-03-30,618,Home,COD,877,4,0.434,0,1,3,30,1
R01918,2025-03-30,783,Home,Prepaid,817,6,0.16,0,2,1,0,0
R00282,2025-03-30,4273,Clothing,Prepaid,543,7,0.21,0,5,2,5,0
R00284,2025-03-30,1458,Clothing,COD,264,3,0.316,0,7,2,0,1
R04473,2025-03-30,439,Electronics,COD,693,11,0.17,0,2,1,0,0
R01031,2025-03-30,1920,Electronics,Prepaid,213,5,0.205,0,10,1,0,0
R01492,2025-03-30,978,Beauty,Prepaid,490,4,0.265,0,1,1,10,0
R01477,2025-03-30,1504,Electronics,Prepaid,918,7,0.092,0,1,2,10,0
R02416,2025-03-30,871,Electronics,Prepaid,872,8,0.182,0,4,1,0,0
R02298,2025-03-30,1183,Clothing,Prepaid,490,5,0.317,1,10,3,0,1
R04217,2025-03-30,516,Home,Prepaid,993,5,0.1,0,10,1,0,0
R04830,2025-03-30,689,Clothing,COD,819,10,0.378,0,3,1,0,0
R05209,2025-03-30,1681,Home,COD,117,12,0.073,0,6,3,30,0
R04561,2025-03-30,326,Books,COD,245,7,0.036,0,5,1,5,0
R02664,2025-03-31,936,Clothing,COD,412,3,0.101,0,7,2,10,0
R04638,2025-03-31,1636,Books,COD,836,4,0.164,0,6,1,5,0
R01356,2025-03-31,188,Home,Prepaid,147,4,0.158,0,5,6,0,0
R03450,2025-03-31,1728,Beauty,COD,551,5,0.298,0,7,1,0,0
R01519,2025-03-31,348,Beauty,Prepaid,454,10,0.268,0,2,1,10,0
R00235,2025-03-31,499,Clothing,COD,932,6,0.241,0,3,2,20,1
R02642,2025-03-31,6847,Beauty,COD,36,7,0.224,0,1,4,0,0
R01353,2025-03-31,2850,Home,Prepaid,86,10,0.334,0,2,3,0,0
R05498,2025-03-31,1925,Books,COD,509,2,0.038,0,7,2,0,0
R00203,2025-03-31,1115,Books,COD,850,8,0.181,0,4,1,0,0
R05232,2025-03-31,696,Clothing,COD,583,6,0.044,0,11,1,50,0
R05264,2025-03-31,1431,Books,COD,196,6,0.162,0,3,1,5,0
R05226,2025-03-31,759,Clothing,Prepaid,802,9,0.281,0,12,1,5,0
R03709,2025-03-31,1248,Home,COD,549,9,0.235,0,8,3,20,1
R01120,2025-03-31,3012,Electronics,COD,692,8,0.004,0,3,2,10,0
R04196,2025-03-31,1076,Books,Prepaid,268,9,0.179,1,5,2,30,0
R03842,2025-03-31,150,Books,COD,260,4,0.374,0,2,2,20,1
R04293,2025-03-31,1373,Beauty,Prepaid,401,2,0.286,0,2,1,20,0
R00563,2025-03-31,3283,Books,COD,369,8,0.169,0,12,1,30,1
R01814,2025-03-31,272,Books,Prepaid,247,7,0.136,0,2,1,30,0
R00718,2025-03-31,4199,Beauty,COD,104,8,0.038,0,11,1,20,0
R02540,2025-03-31,1069,Clothing,Prepaid,870,3,0.082,0,3,1,0,0
R05775,2025-03-31,954,Home,Prepaid,509,7,0.539,0,6,1,5,0
R03644,2025-03-31,2183,Clothing,COD,18,7,0.259,0,1,2,10,0
R01549,2025-03-31,828,Home,Prepaid,36,6,0.419,0,7,3,0,1
R03140,2025-03-31,201,Electronics,Prepaid,651,7,0.009,0,3,4,0,0
R03141,2025-03-31,999,Clothing,COD,139,4,0.484,0,8,1,10,0
R05675,2025-03-31,500,Clothing,Prepaid,503,12,0.129,0,3,2,0,0
R05389,2025-03-31,1690,Electronics,COD,279,7,0.227,0,4,1,20,1
R02011,2025-03-31,511,Clothing,Prepaid,365,4,0.117,0,2,1,10,0
R03660,2025-03-31,889,Electronics,COD,217,7,0.218,0,9,2,20,0
R02739,2025-03-31,4712,Books,COD,142,4,0.089,0,6,2,20,0
R00185,2025-03-31,3533,Clothing,Prepaid,766,16,0.214,0,10,2,10,0
R05193,2025-03-31,901,Clothing,Prepaid,883,7,0.256,1,3,3,0,0
R00252,2025-03-31,8443,Electronics,COD,840,4,0.211,0,7,1,50,0
R04573,2025-03-31,531,Clothing,Prepaid,237,12,0.146,0,10,1,30,1
R04363,2025-03-31,550,Beauty,COD,217,9,0.171,0,9,2,70,0
R01018,2025-03-31,868,Electronics,Prepaid,276,6,0.48,0,3,1,0,0
R05604,2025-03-31,2828,Books,Prepaid,25,9,0.097,0,12,2,5,0
R02977,2025-03-31,354,Beauty,COD,966,8,0.283,1,3,1,5,0
R01162,2025-04-01,677,Clothing,Prepaid,954,4,0.379,0,6,1,10,0
R05104,2025-04-01,824,Home,Prepaid,653,8,0.283,0,7,2,10,0
R02597,2025-04-01,572,Books,COD,928,2,0.32,0,5,1,0,1
R03638,2025-04-01,1441,Home,Prepaid,544,7,0.164,0,9,1,0,0
R04716,2025-04-01,1238,Clothing,COD,944,9,0.17,1,3,2,0,0
R05973,2025-04-01,927,Beauty,COD,553,5,0.184,0,12,3,20,0
R04883,2025-04-01,399,Clothing,Prepaid,902,11,0.068,0,1,1,10,0
R05352,2025-04-01,3754,Beauty,Prepaid,336,4,0.286,0,5,1,70,1
R05347,2025-04-01,501,Home,COD,300,8,0.113,0,9,1,10,0
R04134,2025-04-01,563,Electronics,Prepaid,303,9,0.066,0,4,3,70,0
R03116,2025-04-01,1842,Beauty,COD,740,9,0.17,0,9,1,5,1
R02538,2025-04-01,1204,Home,COD,748,8,0.255,0,5,2,5,0
R03706,2025-04-01,562,Electronics,Prepaid,724,6,0.32,0,4,3,10,0
R04825,2025-04-01,1145,Books,COD,463,4,0.009,0,1,3,20,0
R01053,2025-04-01,1355,Electronics,Prepaid,818,6,0.139,0,11,1,0,0
R02254,2025-04-01,476,Beauty,COD,173,5,0.114,0,2,2,30,1
R00021,2025-04-01,3348,Electronics,COD,440,5,0.173,0,11,1,30,0
R04346,2025-04-01,1959,Electronics,Prepaid,307,9,0.728,1,10,1,10,1
R02948,2025-04-01,2630,Home,COD,577,7,0.415,0,11,1,5,1
R04085,2025-04-01,764,Home,Prepaid,372,6,0.211,0,4,1,0,0
R04340,2025-04-01,618,Books,COD,314,7,0.116,1,1,3,5,0
R05000,2025-04-01,1565,Books,Prepaid,254,9,0.074,0,4,1,20,0
R00453,2025-04-01,1053,Clothing,Prepaid,559,3,0.186,0,8,1,10,0
R05007,2025-04-01,3061,Electronics,Prepaid,733,9,0.211,0,4,1,0,0
R00180,2025-04-01,2727,Electronics,COD,370,8,0.44,1,7,1,0,1
R04660,2025-04-01,893,Electronics,COD,106,14,0.447,0,10,1,20,0
R00055,2025-04-01,4943,Home,Prepaid,541,5,0.294,0,11,2,5,0
R00183,2025-04-01,382,Electronics,COD,559,9,0.314,0,10,1,10,0
R00406,2025-04-01,1509,Beauty,Prepaid,220,0,0.173,0,3,1,10,0
R00405,2025-04-01,1122,Beauty,Prepaid,388,6,0.405,0,9,1,5,0
R03927,2025-04-01,1015,Clothing,Prepaid,610,6,0.204,0,4,1,0,0
R02685,2025-04-02,1149,Electronics,Prepaid,310,8,0.101,0,10,3,30,0
R00629,2025-04-02,1533,Home,Prepaid,509,7,0.34,0,3,3,5,0
R02952,2025-04-02,1092,Electronics,COD,137,8,0.381,0,6,1,20,0
R03129,2025-04-02,1152,Electronics,COD,130,7,0.365,0,4,1,70,0
R00667,2025-04-02,1496,Clothing,Prepaid,917,8,0.172,0,8,2,50,0
R00876,2025-04-02,361,Electronics,COD,85,6,0.182,0,5,3,70,0
R01217,2025-04-02,1364,Home,Prepaid,830,4,0.051,1,3,1,0,0
R04797,2025-04-02,547,Clothing,COD,267,6,0.157,0,9,2,10,0
R01618,2025-04-02,3703,Electronics,Prepaid,546,6,0.046,0,10,2,20,0
R05434,2025-04-02,489,Home,Prepaid,625,6,0.37,0,8,2,30,0
R04270,2025-04-02,619,Electronics,Prepaid,415,2,0.279,0,7,1,5,0
R02715,2025-04-02,2220,Clothing,Prepaid,283,5,0.365,0,12,1,10,0
R01490,2025-04-02,2540,Electronics,Prepaid,810,9,0.103,0,11,1,0,0
R04169,2025-04-02,5681,Electronics,Prepaid,632,6,0.401,0,8,1,20,0
R05950,2025-04-02,3732,Clothing,COD,84,6,0.095,0,6,1,0,0
R01008,2025-04-02,1813,Clothing,Prepaid,790,6,0.128,1,2,1,20,0
R01152,2025-04-02,335,Electronics,Prepaid,284,4,0.1,0,12,2,5,0
R04173,2025-04-02,1363,Home,Prepaid,307,3,0.176,0,5,1,20,1
R00115,2025-04-02,725,Electronics,COD,422,3,0.319,0,9,3,0,1
R00159,2025-04-02,1160,Books,COD,400,4,0.301,0,11,1,20,0
R03012,2025-04-02,881,Home,COD,675,2,0.085,0,11,1,30,0
R01767,2025-04-02,4202,Home,COD,412,4,0.241,0,6,5,70,1
R02901,2025-04-02,906,Beauty,COD,135,4,0.212,1,2,1,10,0
R04140,2025-04-02,1656,Clothing,Prepaid,300,5,0.065,0,4,1,10,0
R04536,2025-04-02,614,Books,Prepaid,776,3,0.381,0,9,1,0,0
R01091,2025-04-02,1193,Clothing,Prepaid,187,3,0.218,0,12,3,50,0
R05533,2025-04-02,1697,Clothing,Prepaid,525,2,0.494,0,5,3,20,0
R05082,2025-04-02,3041,Home,COD,331,7,0.391,0,11,1,5,1
R00420,2025-04-02,476,Beauty,Prepaid,895,3,0.117,0,3,1,10,0
R02251,2025-04-02,357,Electronics,Prepaid,691,6,0.107,0,6,4,0,0
R01737,2025-04-02,829,Home,COD,382,5,0.302,1,1,2,0,0
R03377,2025-04-02,396,Clothing,COD,247,4,0.264,0,4,2,10,1
R01241,2025-04-02,198,Beauty,COD,739,6,0.186,0,9,1,10,0
R02350,2025-04-02,294,Clothing,Prepaid,270,13,0.409,0,10,1,10,0
R03374,2025-04-02,4300,Home,COD,499,6,0.061,1,4,1,50,0
R04962,2025-04-02,3889,Clothing,COD,80,7,0.461,0,6,1,10,1
R05413,2025-04-02,889,Home,COD,391,3,0.168,0,7,3,20,1
R01379,2025-04-02,1147,Beauty,Prepaid,521,1,0.152,0,3,2,30,1
R00556,2025-04-02,1316,Beauty,COD,322,6,0.143,0,7,1,30,0
R03762,2025-04-02,413,Home,Prepaid,745,5,0.061,0,5,2,20,0
R03376,2025-04-02,877,Clothing,COD,961,4,0.182,0,8,2,5,0
R04126,2025-04-02,681,Books,COD,820,8,0.455,0,7,1,0,0
R05080,2025-04-03,898,Books,Prepaid,961,4,0.049,0,1,2,0,0
R02313,2025-04-03,3764,Electronics,Prepaid,329,6,0.095,0,5,1,10,0
R02743,2025-04-03,1553,Beauty,Prepaid,456,5,0.138,0,12,1,20,0
R03995,2025-04-03,582,Beauty,Prepaid,699,2,0.259,0,8,2,0,0
R02811,2025-04-03,1150,Electronics,Prepaid,23,8,0.361,1,1,2,5,0
R00940,2025-04-03,4120,Clothing,Prepaid,20,5,0.338,0,4,2,10,0
R01000,2025-04-03,5493,Clothing,Prepaid,846,3,0.228,0,7,1,10,0
R03903,2025-04-03,301,Home,Prepaid,114,3,0.424,0,3,2,70,1
R04395,2025-04-03,1520,Beauty,COD,339,7,0.069,0,11,2,20,0
R04396,2025-04-03,425,Beauty,Prepaid,13,4,0.453,0,11,1,0,0
R03940,2025-04-03,688,Clothing,COD,875,7,0.055,0,11,1,10,0
R00897,2025-04-03,1438,Clothing,Prepaid,158,7,0.321,0,2,1,20,0
R00017,2025-04-03,997,Books,Prepaid,603,5,0.233,0,5,1,0,0
R05515,2025-04-03,3249,Electronics,Prepaid,935,3,0.166,1,10,2,5,0
R03311,2025-04-03,646,Clothing,Prepaid,809,7,0.216,0,1,1,0,0
R00445,2025-04-03,702,Beauty,Prepaid,574,5,0.209,0,3,2,30,0
R01051,2025-04-03,2796,Books,COD,205,10,0.119,0,7,1,20,0
R05380,2025-04-03,2073,Electronics,Prepaid,421,4,0.37,0,11,2,10,0
R02959,2025-04-03,2291,Home,Prepaid,450,6,0.229,1,11,3,0,0
R01442,2025-04-03,1006,Clothing,COD,754,9,0.314,0,4,2,0,0
R03665,2025-04-03,844,Clothing,COD,965,5,0.231,1,7,2,0,0
R05442,2025-04-03,243,Clothing,Prepaid,76,8,0.425,0,8,2,20,0
R02066,2025-04-03,483,Electronics,COD,585,10,0.404,0,6,1,10,0
R04109,2025-04-03,333,Clothing,Prepaid,715,6,0.053,0,3,2,50,0
R05861,2025-04-04,222,Clothing,COD,634,11,0.106,0,4,1,5,0
R03901,2025-04-04,2070,Electronics,COD,664,3,0.506,0,6,2,0,0
R05128,2025-04-04,625,Home,Prepaid,766,4,0.139,0,7,1,0,0
R03244,2025-04-04,781,Beauty,Prepaid,457,6,0.007,0,9,1,70,0
R01916,2025-04-04,1663,Beauty,Prepaid,166,5,0.136,0,8,2,10,0
R01583,2025-04-04,760,Beauty,Prepaid,645,7,0.073,0,1,1,0,0
R02876,2025-04-04,1453,Electronics,COD,19,4,0.122,0,7,3,0,0
R05441,2025-04-04,379,Beauty,COD,704,5,0.134,0,6,2,50,1
R01296,2025-04-04,955,Electronics,Prepaid,425,5,0.072,0,2,1,10,0
R03654,2025-04-04,422,Electronics,Prepaid,125,6,0.066,1,3,2,30,0
R04685,2025-04-04,1749,Clothing,COD,117,7,0.215,1,8,2,30,0
R03657,2025-04-04,671,Home,COD,127,4,0.123,0,4,2,30,0
R00344,2025-04-04,1147,Clothing,COD,639,6,0.082,0,6,1,10,0
R02264,2025-04-04,5756,Beauty,COD,64,7,0.351,0,12,1,70,0
R00608,2025-04-04,1721,Clothing,Prepaid,130,4,0.244,0,9,2,5,1
R05556,2025-04-04,1014,Clothing,Prepaid,363,4,0.203,0,12,1,0,0
R04064,2025-04-04,1500,Clothing,Prepaid,926,5,0.316,0,8,2,10,0
R03809,2025-04-04,566,Electronics,Prepaid,958,4,0.007,1,7,3,5,0
R01207,2025-04-04,392,Clothing,Prepaid,812,3,0.042,0,2,1,20,0
R01720,2025-04-04,5956,Clothing,Prepaid,668,6,0.596,0,11,2,0,0
R04222,2025-04-04,1034,Clothing,Prepaid,870,5,0.055,1,11,2,0,0
R01015,2025-04-04,806,Home,Prepaid,99,10,0.289,1,3,3,30,1
R03421,2025-04-04,1024,Electronics,COD,667,9,0.137,0,10,1,0,1
R00366,2025-04-04,1526,Clothing,COD,380,7,0.123,0,5,2,0,0
R00549,2025-04-04,4018,Clothing,Prepaid,922,6,0.17,0,8,1,0,0
R00803,2025-04-04,487,Clothing,Prepaid,40,9,0.091,0,6,2,20,1
R01680,2025-04-04,1070,Beauty,COD,26,4,0.161,0,3,3,50,0
R00717,2025-04-04,584,Home,COD,108,7,0.103,0,2,2,70,0
R05065,2025-04-04,402,Books,COD,211,8,0.312,0,3,1,10,0
R05910,2025-04-04,647,Clothing,Prepaid,328,6,0.136,0,6,1,10,0
R01165,2025-04-04,3763,Home,COD,980,1,0.169,0,3,2,10,0
R05459,2025-04-04,564,Home,Prepaid,285,5,0.302,0,7,2,5,0
R01460,2025-04-04,779,Beauty,Prepaid,686,5,0.103,1,4,2,30,0
R05825,2025-04-04,4613,Beauty,Prepaid,274,8,0.512,1,7,2,0,0
R02950,2025-04-05,884,Home,COD,5,3,0.056,0,10,1,30,0
R04992,2025-04-05,838,Books,COD,964,11,0.167,0,8,3,0,0
R04549,2025-04-05,567,Clothing,COD,609,7,0.311,0,6,1,20,0
R03937,2025-04-05,1332,Books,COD,482,2,0.025,0,3,1,5,0
R03957,2025-04-05,3117,Clothing,COD,542,4,0.297,0,7,1,0,0
R04032,2025-04-05,2848,Clothing,COD,410,10,0.24,0,11,1,20,0
R00712,2025-04-05,1641,Beauty,COD,691,8,0.069,0,7,1,10,0
R05659,2025-04-05,1028,Home,COD,465,7,0.376,1,12,1,10,1
R04311,2025-04-05,474,Electronics,Prepaid,180,6,0.057,0,3,1,5,0
R01010,2025-04-05,904,Home,COD,493,5,0.299,0,7,1,5,0
R02477,2025-04-05,383,Clothing,COD,240,5,0.094,0,11,2,20,0
R03392,2025-04-05,4984,Home,Prepaid,673,6,0.064,0,9,2,0,0
R05270,2025-04-05,9341,Electronics,Prepaid,31,11,0.097,0,6,1,20,0
R00701,2025-04-05,460,Beauty,COD,948,3,0.062,0,6,1,0,0
R05915,2025-04-05,766,Electronics,COD,214,7,0.368,0,4,1,10,1
R03337,2025-04-05,1245,Electronics,COD,196,7,0.024,0,10,2,5,0
R05677,2025-04-05,663,Beauty,Prepaid,959,3,0.195,0,7,2,30,0
R00296,2025-04-05,602,Books,COD,632,7,0.112,1,8,1,0,0
R01859,2025-04-05,1195,Clothing,Prepaid,376,3,0.161,0,7,1,0,0
R00449,2025-04-05,762,Clothing,COD,171,6,0.071,0,5,1,20,0
R01800,2025-04-05,692,Beauty,Prepaid,334,7,0.127,0,6,2,30,0
R04512,2025-04-05,2473,Electronics,COD,17,8,0.09,1,2,1,5,0
R01686,2025-04-05,1629,Electronics,Prepaid,76,9,0.079,0,8,1,0,0
R02777,2025-04-05,3327,Home,COD,342,2,0.119,0,2,2,20,0
R00679,2025-04-05,1159,Clothing,COD,550,6,0.175,0,12,3,50,0
R04948,2025-04-05,775,Electronics,COD,205,6,0.187,0,12,2,0,0
R05085,2025-04-05,2193,Clothing,Prepaid,968,9,0.403,0,12,1,5,0
R02732,2025-04-05,1478,Beauty,COD,405,6,0.23,0,10,2,0,0
R03867,2025-04-05,304,Electronics,COD,843,6,0.318,0,6,1,10,0
R02432,2025-04-05,734,Electronics,COD,246,8,0.16,0,2,3,20,0
R01849,2025-04-05,2344,Clothing,Prepaid,349,5,0.194,1,5,2,5,0
R00578,2025-04-05,905,Clothing,Prepaid,836,4,0.218,0,5,3,10,1
R05633,2025-04-05,523,Clothing,Prepaid,139,4,0.19,0,9,1,20,0
R03552,2025-04-05,1344,Clothing,COD,786,3,0.058,0,8,2,20,0
R04740,2025-04-05,2056,Electronics,Prepaid,359,6,0.123,0,9,1,10,0
R04000,2025-04-05,929,Beauty,Prepaid,383,5,0.186,0,7,1,0,0
R02714,2025-04-05,2992,Home,COD,733,6,0.06,0,2,1,0,0
R05205,2025-04-05,1534,Clothing,Prepaid,33,5,0.292,0,11,2,5,0
R04614,2025-04-05,1226,Electronics,Prepaid,790,4,0.081,0,5,1,0,0
R01311,2025-04-05,2247,Electronics,COD,103,7,0.217,0,8,2,20,0
R02133,2025-04-05,313,Clothing,COD,130,1,0.164,0,4,1,5,0
R03469,2025-04-05,4074,Books,COD,957,1,0.215,0,11,1,0,0
R05727,2025-04-05,449,Books,Prepaid,402,7,0.306,1,7,1,0,0
R00893,2025-04-05,1498,Electronics,COD,605,5,0.294,0,1,1,0,0
R04813,2025-04-06,2310,Home,Prepaid,740,5,0.124,1,2,1,0,0
R03728,2025-04-06,1614,Clothing,Prepaid,220,3,0.373,0,4,2,0,0
R02609,2025-04-06,1235,Electronics,COD,239,7,0.449,0,1,3,5,1
R05724,2025-04-06,2656,Beauty,Prepaid,282,5,0.586,0,10,2,0,0
R03044,2025-04-06,1501,Books,COD,392,6,0.065,0,3,5,10,0
R01501,2025-04-06,1999,Clothing,COD,565,7,0.215,1,11,1,5,0
R03738,2025-04-06,1531,Home,Prepaid,489,8,0.102,1,2,2,20,0
R04920,2025-04-06,326,Electronics,Prepaid,416,6,0.201,0,3,2,5,0
R00011,2025-04-06,1334,Clothing,COD,238,4,0.157,0,10,1,10,0
R01665,2025-04-06,859,Home,COD,323,3,0.773,0,9,1,30,1
R05435,2025-04-06,1230,Beauty,COD,636,10,0.244,0,8,4,30,0
R05225,2025-04-06,8041,Clothing,COD,10,6,0.184,0,6,1,5,0
R05517,2025-04-06,769,Books,Prepaid,718,7,0.246,0,6,1,30,0
R04370,2025-04-06,4358,Books,Prepaid,917,3,0.349,0,3,1,20,0
R02489,2025-04-06,1779,Electronics,COD,768,5,0.083,1,6,2,10,0
R00997,2025-04-06,289,Clothing,COD,526,1,0.136,0,3,2,0,0
R03360,2025-04-06,279,Electronics,Prepaid,555,2,0.103,0,8,1,0,0
R03773,2025-04-06,2208,Electronics,Prepaid,915,4,0.245,0,2,2,20,0
R05090,2025-04-06,2204,Clothing,COD,733,14,0.179,0,10,1,10,0
R05067,2025-04-06,790,Clothing,Prepaid,637,7,0.56,1,3,2,20,0
R05559,2025-04-06,1841,Clothing,COD,469,10,0.154,0,4,1,0,0
R00995,2025-04-06,4944,Clothing,COD,463,2,0.135,0,7,1,20,0
R05758,2025-04-06,393,Clothing,Prepaid,408,7,0.232,0,3,1,0,0
R05593,2025-04-06,1541,Beauty,Prepaid,984,4,0.034,0,6,5,20,0
R04836,2025-04-06,343,Clothing,Prepaid,869,9,0.363,1,6,1,5,1
R05476,2025-04-06,1837,Clothing,Prepaid,804,7,0.197,0,8,1,0,0
R01957,2025-04-06,1076,Beauty,Prepaid,411,7,0.263,0,9,1,0,0
R03265,2025-04-06,2277,Electronics,Prepaid,637,7,0.205,0,1,2,0,0
R01074,2025-04-06,4741,Clothing,Prepaid,852,9,0.148,0,2,2,0,0
R01392,2025-04-06,2583,Beauty,Prepaid,550,3,0.075,0,4,1,0,0
R03539,2025-04-06,345,Electronics,Prepaid,837,8,0.216,0,7,2,5,0
R04219,2025-04-06,516,Clothing,Prepaid,217,0,0.113,0,5,2,5,0
R03646,2025-04-06,1238,Clothing,Prepaid,445,1,0.426,0,5,3,0,1
R02518,2025-04-06,150,Clothing,COD,758,6,0.09,1,2,2,5,0
R02029,2025-04-06,1359,Home,Prepaid,330,4,0.453,0,4,3,0,0
R05520,2025-04-06,150,Clothing,Prepaid,758,5,0.094,0,10,3,0,0
R01920,2025-04-06,510,Electronics,COD,515,9,0.248,0,9,2,0,0
R01195,2025-04-06,609,Clothing,COD,25,7,0.133,1,7,2,10,1
R05404,2025-04-07,2686,Beauty,Prepaid,437,6,0.081,0,9,1,0,0
R01991,2025-04-07,843,Clothing,Prepaid,661,9,0.126,0,7,1,20,0
R04058,2025-04-07,247,Clothing,Prepaid,919,5,0.108,0,1,2,0,0
R00507,2025-04-07,1063,Electronics,Prepaid,604,8,0.184,0,5,2,20,0
R00351,2025-04-07,1001,Clothing,Prepaid,297,9,0.079,0,4,1,5,0
R01725,2025-04-07,691,Clothing,Prepaid,907,4,0.273,0,11,3,20,0
R00488,2025-04-07,541,Beauty,Prepaid,309,7,0.06,0,1,2,0,1
R02310,2025-04-07,909,Clothing,COD,89,11,0.029,1,10,1,0,0
R02949,2025-04-07,8013,Electronics,Prepaid,359,7,0.384,0,5,1,0,0
R01958,2025-04-07,1363,Clothing,Prepaid,190,4,0.455,0,4,2,70,0
R00656,2025-04-07,721,Clothing,Prepaid,600,3,0.149,0,11,2,0,0
R05485,2025-04-07,279,Beauty,Prepaid,620,9,0.148,0,9,2,5,0
R05597,2025-04-07,595,Home,COD,455,9,0.184,0,12,1,20,0
R03777,2025-04-07,307,Electronics,COD,103,6,0.11,0,4,2,30,1
R04502,2025-04-07,1356,Home,COD,620,3,0.205,0,9,1,5,0
R03478,2025-04-07,6089,Electronics,Prepaid,522,11,0.2,0,6,2,20,0
R01902,2025-04-07,504,Clothing,COD,975,4,0.162,1,6,1,5,0
R01147,2025-04-07,1558,Clothing,COD,461,5,0.051,0,6,1,10,0
R03496,2025-04-07,1154,Clothing,Prepaid,449,9,0.106,0,8,3,0,0
R01901,2025-04-07,339,Electronics,COD,456,4,0.104,0,5,3,0,0
R02048,2025-04-07,157,Beauty,COD,946,4,0.348,1,10,2,10,1
R02607,2025-04-07,474,Clothing,Prepaid,865,3,0.11,0,3,1,0,0
R04152,2025-04-07,1120,Home,Prepaid,171,4,0.229,0,3,1,0,0
R01553,2025-04-07,1163,Clothing,Prepaid,659,5,0.368,0,2,1,0,0
R04224,2025-04-07,1087,Clothing,COD,872,11,0.214,0,2,1,0,0
R02539,2025-04-07,1681,Electronics,Prepaid,726,11,0.401,1,3,1,10,0
R02411,2025-04-07,1680,Clothing,COD,584,7,0.337,0,7,1,5,0
R05826,2025-04-07,2730,Beauty,Prepaid,918,7,0.094,0,1,2,5,0
R01164,2025-04-07,1384,Electronics,Prepaid,682,4,0.351,0,7,1,5,1
R01335,2025-04-07,926,Beauty,COD,473,7,0.181,0,10,1,10,0
R02766,2025-04-07,1294,Electronics,COD,203,7,0.066,0,4,2,50,0
R02794,2025-04-07,652,Clothing,COD,273,8,0.304,0,7,2,10,0
R00747,2025-04-07,3003,Clothing,Prepaid,23,5,0.216,0,7,2,10,0
R01669,2025-04-07,3056,Beauty,COD,751,12,0.084,0,7,1,50,0
R00648,2025-04-07,2843,Electronics,Prepaid,381,7,0.346,0,3,2,5,0
R03897,2025-04-07,1004,Books,COD,903,7,0.045,0,11,2,50,1
R01299,2025-04-07,1029,Electronics,Prepaid,498,3,0.429,0,3,1,30,0
R01341,2025-04-07,1014,Clothing,Prepaid,345,7,0.07,0,4,1,0,0
R02593,2025-04-07,365,Home,Prepaid,252,3,0.121,1,1,1,10,0
R04819,2025-04-07,1042,Books,COD,995,2,0.101,0,6,1,10,0
R05018,2025-04-07,493,Home,COD,66,8,0.163,1,4,1,0,0
R05505,2025-04-07,476,Home,Prepaid,486,5,0.11,0,10,1,5,0
R04272,2025-04-07,8493,Books,Prepaid,639,4,0.26,0,6,1,5,0
R03017,2025-04-07,765,Clothing,Prepaid,754,7,0.27,1,10,2,0,0
R00877,2025-04-08,297,Clothing,Prepaid,408,3,0.202,0,1,2,50,0
R04097,2025-04-08,5529,Electronics,COD,459,2,0.259,0,1,2,20,0
R00539,2025-04-08,915,Clothing,Prepaid,129,3,0.302,0,6,1,20,1
R05895,2025-04-08,1089,Electronics,COD,192,7,0.12,0,12,1,0,0
R03345,2025-04-08,3320,Clothing,Prepaid,31,6,0.027,0,4,2,30,0
R03637,2025-04-08,1222,Clothing,COD,573,9,0.452,0,1,2,0,1
R02139,2025-04-08,3165,Clothing,Prepaid,897,9,0.319,0,4,2,5,0
R00931,2025-04-08,447,Electronics,COD,304,6,0.354,0,6,3,10,1
R01922,2025-04-08,11011,Clothing,Prepaid,59,4,0.32,0,3,1,30,0
R01380,2025-04-08,747,Clothing,COD,569,6,0.312,0,3,2,50,0
R03299,2025-04-08,4258,Clothing,COD,554,6,0.185,0,3,1,0,0
R00561,2025-04-08,614,Home,Prepaid,198,3,0.055,0,2,2,0,0
R05759,2025-04-08,1089,Electronics,COD,20,12,0.092,0,8,2,20,0
R02666,2025-04-08,2416,Home,Prepaid,492,6,0.077,0,7,3,20,0
R03467,2025-04-08,657,Clothing,COD,40,5,0.15,0,10,1,0,1
R03679,2025-04-08,692,Clothing,COD,9,4,0.097,0,12,1,30,0
R05061,2025-04-08,1217,Home,COD,706,4,0.075,1,1,2,20,1
R00927,2025-04-08,1162,Electronics,Prepaid,297,7,0.512,1,3,2,5,0
R00606,2025-04-08,926,Clothing,Prepaid,515,8,0.213,0,5,2,5,0
R02896,2025-04-08,3394,Beauty,COD,390,2,0.387,0,12,4,10,0
R05581,2025-04-08,922,Home,Prepaid,533,7,0.19,0,5,1,30,0
R02351,2025-04-08,346,Books,COD,314,7,0.339,0,10,2,50,1
R01259,2025-04-08,593,Books,COD,808,5,0.222,0,2,1,10,0
R01636,2025-04-08,2483,Clothing,COD,567,5,0.349,0,9,1,20,0
R02336,2025-04-08,859,Beauty,COD,463,10,0.119,0,1,1,5,1
R04912,2025-04-08,783,Clothing,COD,561,11,0.101,0,7,1,5,0
R05576,2025-04-08,775,Electronics,COD,399,8,0.193,0,9,1,5,0
R04821,2025-04-08,2914,Home,Prepaid,631,5,0.262,0,8,3,30,0
R02924,2025-04-08,1561,Clothing,Prepaid,509,1,0.253,0,12,2,5,1
R04828,2025-04-08,2058,Clothing,Prepaid,292,7,0.124,1,2,1,30,0
R02821,2025-04-08,2968,Home,Prepaid,491,7,0.323,0,9,1,50,0
R04480,2025-04-08,451,Books,Prepaid,680,7,0.139,0,12,3,0,0
R05709,2025-04-08,2170,Clothing,Prepaid,332,9,0.156,0,11,1,10,0
R04888,2025-04-08,271,Clothing,Prepaid,623,8,0.452,0,5,1,20,0
R01140,2025-04-08,660,Beauty,COD,221,5,0.089,0,5,2,5,0
R04523,2025-04-08,2024,Electronics,Prepaid,172,3,0.156,0,1,2,5,0
R05317,2025-04-08,1629,Books,Prepaid,378,3,0.286,1,3,1,10,0
R03111,2025-04-08,762,Clothing,Prepaid,228,5,0.31,1,8,1,0,0
R04031,2025-04-09,472,Clothing,COD,694,2,0.365,0,4,2,30,1
R03632,2025-04-09,409,Clothing,Prepaid,405,10,0.402,0,4,3,20,0
R00789,2025-04-09,3788,Electronics,COD,25,9,0.439,0,7,1,20,1
R04703,2025-04-09,287,Electronics,COD,34,6,0.112,0,7,1,10,1
R05665,2025-04-09,897,Clothing,COD,368,9,0.124,0,3,3,5,1
R00029,2025-04-09,1425,Home,COD,311,8,0.309,0,6,2,5,1
R02343,2025-04-09,3041,Beauty,COD,861,4,0.237,0,12,1,30,0
R03861,2025-04-09,535,Clothing,Prepaid,466,5,0.238,1,7,2,30,0
R04023,2025-04-09,895,Clothing,Prepaid,657,6,0.111,0,3,2,0,0
R03341,2025-04-09,2423,Beauty,COD,949,10,0.175,0,4,1,70,0
R04487,2025-04-09,1752,Clothing,COD,909,8,0.523,0,1,1,0,1
R05102,2025-04-09,3444,Clothing,COD,738,9,0.327,0,11,1,50,0
R02119,2025-04-09,2926,Clothing,COD,549,3,0.349,1,10,1,30,1
R00331,2025-04-09,793,Books,Prepaid,707,4,0.404,1,7,1,0,1
R02118,2025-04-09,1859,Beauty,COD,795,8,0.434,1,1,2,0,0
R05267,2025-04-09,729,Books,Prepaid,978,8,0.089,0,2,1,10,0
R05789,2025-04-09,290,Clothing,Prepaid,393,4,0.517,0,11,1,0,0
R02834,2025-04-09,1501,Home,COD,129,9,0.15,0,1,2,0,0
R02137,2025-04-09,2421,Clothing,Prepaid,174,5,0.345,0,11,1,5,0
R02836,2025-04-09,891,Clothing,Prepaid,615,11,0.282,0,7,1,0,0
R00305,2025-04-09,1274,Home,COD,362,3,0.032,0,8,1,70,0
R02775,2025-04-09,305,Clothing,COD,233,8,0.111,0,3,1,30,0
R02154,2025-04-09,1357,Clothing,Prepaid,41,6,0.061,0,11,2,5,0
R00917,2025-04-09,1371,Electronics,Prepaid,265,3,0.523,0,10,1,10,0
R00229,2025-04-09,4569,Home,Prepaid,488,8,0.286,1,1,2,0,0
R03941,2025-04-09,736,Home,Prepaid,780,9,0.087,0,5,2,30,0
R00807,2025-04-09,631,Home,Prepaid,521,7,0.247,1,12,2,20,0
R01848,2025-04-09,1000,Home,COD,410,1,0.057,0,3,1,0,0
R05685,2025-04-09,184,Clothing,COD,761,6,0.177,0,6,1,30,0
R05150,2025-04-09,329,Clothing,Prepaid,960,6,0.241,0,9,1,0,0
R05932,2025-04-09,461,Clothing,COD,820,6,0.202,0,5,3,30,0
R00057,2025-04-09,580,Home,Prepaid,690,5,0.194,0,11,3,70,0
R00295,2025-04-09,963,Electronics,COD,372,5,0.249,0,1,1,20,0
R03979,2025-04-09,3411,Beauty,COD,123,3,0.061,0,1,1,10,0
R00289,2025-04-09,852,Clothing,COD,189,6,0.073,1,12,1,5,0
R05395,2025-04-09,818,Clothing,Prepaid,358,5,0.064,0,10,1,0,0
R00983,2025-04-10,383,Home,Prepaid,221,3,0.297,0,2,3,20,0
R01323,2025-04-10,192,Home,COD,984,4,0.185,0,7,1,30,0
R03066,2025-04-10,1302,Beauty,COD,682,8,0.209,0,8,1,5,0
R05976,2025-04-10,872,Clothing,Prepaid,826,5,0.187,1,2,2,0,0
R03823,2025-04-10,1534,Electronics,COD,502,5,0.31,0,2,2,20,0
R01577,2025-04-10,777,Beauty,Prepaid,137,6,0.18,0,7,1,0,0
R04708,2025-04-10,1860,Electronics,Prepaid,365,5,0.159,0,2,1,0,1
R00992,2025-04-10,3554,Electronics,COD,585,6,0.238,0,3,1,0,0
R03914,2025-04-10,4026,Home,Prepaid,774,9,0.072,0,12,1,10,0
R05111,2025-04-10,832,Clothing,Prepaid,200,7,0.326,0,11,1,0,0
R05469,2025-04-10,697,Electronics,COD,256,5,0.144,0,12,1,30,0
R05101,2025-04-10,967,Clothing,COD,350,5,0.182,0,8,1,20,0
R00879,2025-04-10,559,Clothing,COD,448,6,0.163,0,5,3,5,1
R05988,2025-04-10,1149,Books,COD,752,3,0.103,0,7,1,5,0
R04096,2025-04-10,272,Clothing,Prepaid,322,9,0.135,0,7,1,20,0
R02404,2025-04-10,824,Clothing,COD,870,6,0.216,0,4,2,0,0
R03828,2025-04-10,1953,Beauty,COD,390,11,0.385,0,10,2,0,1
R01497,2025-04-10,657,Electronics,COD,211,6,0.501,0,3,1,20,0
R05038,2025-04-10,992,Electronics,COD,538,3,0.253,0,1,2,10,0
R03477,2025-04-10,1198,Beauty,Prepaid,709,5,0.155,0,6,1,30,0
R04449,2025-04-10,2901,Electronics,Prepaid,247,3,0.275,0,4,2,0,0
R05766,2025-04-10,1413,Electronics,Prepaid,441,6,0.274,0,6,3,10,0
R04994,2025-04-10,408,Beauty,COD,22,6,0.045,0,6,3,5,0
R04353,2025-04-10,482,Books,Prepaid,166,10,0.186,1,3,1,5,0
R03758,2025-04-10,2480,Beauty,COD,292,3,0.139,0,2,2,10,0
R02252,2025-04-10,2332,Clothing,Prepaid,285,11,0.293,0,3,1,20,0
R04129,2025-04-10,490,Beauty,Prepaid,23,5,0.221,0,1,1,70,0
R03146,2025-04-10,4489,Home,COD,482,6,0.117,0,7,1,5,0
R05770,2025-04-10,1617,Clothing,COD,356,5,0.319,1,11,1,20,0
R02586,2025-04-11,3202,Books,Prepaid,414,10,0.115,0,11,1,20,0
R00655,2025-04-11,1296,Clothing,Prepaid,934,5,0.039,0,7,1,5,0
R02335,2025-04-11,1872,Electronics,COD,52,5,0.303,0,10,2,20,0
R00456,2025-04-11,1291,Beauty,COD,405,12,0.066,0,6,2,20,0
R00132,2025-04-11,1102,Books,Prepaid,254,4,0.084,0,7,2,0,0
R03598,2025-04-11,422,Clothing,COD,420,6,0.343,0,6,1,0,1
R00330,2025-04-11,765,Clothing,Prepaid,878,11,0.13,0,1,1,5,1
R03176,2025-04-11,470,Books,COD,965,7,0.369,0,1,2,20,0
R00308,2025-04-11,521,Clothing,Prepaid,74,3,0.204,0,12,1,5,0
R05440,2025-04-11,386,Clothing,Prepaid,724,7,0.184,0,1,1,5,0
R01258,2025-04-11,944,Electronics,COD,62,5,0.107,0,2,1,0,0
R04197,2025-04-11,383,Clothing,Prepaid,780,6,0.043,1,12,4,70,1
R01664,2025-04-11,328,Clothing,Prepaid,25,4,0.426,0,6,2,30,0
R01129,2025-04-11,898,Beauty,COD,904,3,0.175,0,8,2,10,0
R05237,2025-04-11,1264,Books,Prepaid,619,4,0.034,0,5,2,20,0
R01840,2025-04-11,9017,Clothing,Prepaid,885,7,0.224,0,2,1,0,0
R04800,2025-04-11,4503,Clothing,Prepaid,138,5,0.238,0,11,1,10,0
R00113,2025-04-11,662,Home,Prepaid,963,2,0.086,0,12,2,0,0
R03786,2025-04-11,413,Electronics,COD,443,7,0.242,0,1,1,5,0
R04677,2025-04-11,3639,Clothing,Prepaid,560,10,0.042,0,2,1,0,0
R01365,2025-04-11,1035,Beauty,COD,171,7,0.384,0,9,1,0,1
R05555,2025-04-11,398,Beauty,Prepaid,950,8,0.258,0,12,5,5,0
R01565,2025-04-11,3056,Clothing,Prepaid,81,4,0.306,0,11,2,0,0
R03661,2025-04-11,2193,Clothing,Prepaid,873,6,0.11,0,6,1,30,0
R01625,2025-04-11,2748,Clothing,Prepaid,387,8,0.256,1,7,1,5,1
R05466,2025-04-11,580,Electronics,Prepaid,993,7,0.232,0,3,2,0,0
R04814,2025-04-11,1038,Clothing,Prepaid,422,7,0.201,0,3,2,20,0
R00034,2025-04-11,526,Clothing,Prepaid,89,6,0.159,1,8,1,0,0
R05843,2025-04-11,259,Clothing,COD,582,11,0.027,1,3,2,20,1
R01084,2025-04-11,526,Clothing,Prepaid,940,9,0.54,0,12,1,10,0
R01222,2025-04-11,424,Clothing,Prepaid,485,3,0.11,0,6,1,10,0
R00762,2025-04-11,3294,Clothing,COD,842,3,0.051,0,12,1,10,0
R05736,2025-04-11,3931,Clothing,COD,647,7,0.013,0,5,1,10,0
R00158,2025-04-11,166,Clothing,COD,78,9,0.167,1,3,2,10,1
R04554,2025-04-11,627,Clothing,Prepaid,500,7,0.15,1,3,1,5,0
R04923,2025-04-11,911,Beauty,COD,685,8,0.242,0,11,1,10,0
R01938,2025-04-11,1534,Home,Prepaid,230,5,0.076,1,1,1,0,0
R02031,2025-04-11,1495,Clothing,COD,18,11,0.021,0,2,1,50,1
R00755,2025-04-11,1817,Electronics,Prepaid,892,7,0.079,0,2,1,10,0
R05144,2025-04-11,6410,Clothing,Prepaid,281,7,0.199,0,4,2,0,0
R01997,2025-04-11,739,Clothing,COD,621,8,0.053,0,8,3,10,0
R05044,2025-04-12,1191,Electronics,Prepaid,607,5,0.249,0,10,2,0,0
R05632,2025-04-12,2506,Electronics,COD,644,9,0.304,0,2,2,0,0
R01387,2025-04-12,1162,Clothing,Prepaid,964,3,0.012,0,1,2,0,0
R05419,2025-04-12,319,Clothing,COD,721,3,0.22,0,3,1,20,1
R00134,2025-04-12,702,Clothing,Prepaid,31,8,0.287,1,10,1,0,0
R03033,2025-04-12,4806,Clothing,Prepaid,990,6,0.097,0,4,2,5,0
R02604,2025-04-12,9191,Books,Prepaid,121,9,0.31,0,11,1,20,0
R01975,2025-04-12,177,Home,Prepaid,944,5,0.059,0,11,1,10,0
R05331,2025-04-12,334,Clothing,COD,216,11,0.187,0,1,3,0,1
R05866,2025-04-12,2399,Electronics,COD,520,9,0.297,0,4,1,20,0
R05990,2025-04-12,686,Electronics,Prepaid,981,4,0.237,0,7,3,10,0
R03611,2025-04-12,3012,Home,Prepaid,467,3,0.019,0,7,2,20,0
R01003,2025-04-12,634,Beauty,COD,817,9,0.057,1,9,2,0,0
R04615,2025-04-12,2194,Electronics,Prepaid,354,5,0.151,0,1,3,0,0
R03215,2025-04-12,561,Clothing,Prepaid,296,7,0.53,1,6,1,0,0
R04163,2025-04-12,643,Home,Prepaid,892,10,0.207,0,3,4,0,0
R05254,2025-04-12,1721,Beauty,COD,60,6,0.104,1,2,3,10,1
R03448,2025-04-12,3681,Electronics,Prepaid,948,5,0.15,0,1,1,30,0
R04371,2025-04-12,3472,Clothing,COD,407,3,0.176,0,4,1,10,1
R03843,2025-04-12,1245,Home,Prepaid,358,4,0.005,0,2,1,0,0
R01412,2025-04-12,886,Clothing,COD,143,8,0.067,0,1,1,5,0
R02426,2025-04-12,452,Home,Prepaid,613,4,0.289,0,6,2,30,0
R01434,2025-04-12,2938,Electronics,Prepaid,209,6,0.238,0,8,1,0,0
R05409,2025-04-12,1886,Beauty,COD,815,6,0.232,0,9,1,50,0
R02634,2025-04-12,2014,Clothing,COD,868,7,0.028,0,7,1,0,0
R05799,2025-04-12,2480,Clothing,Prepaid,575,6,0.287,0,6,1,20,0
R02062,2025-04-12,780,Clothing,Prepaid,137,9,0.114,0,10,1,30,0
R04530,2025-04-12,2896,Clothing,Prepaid,515,3,0.127,1,4,2,30,0
R03760,2025-04-12,226,Clothing,COD,204,6,0.376,0,4,2,10,1
R02883,2025-04-12,1007,Beauty,Prepaid,96,13,0.318,0,5,2,20,0
R04787,2025-04-12,1006,Home,Prepaid,421,3,0.114,0,2,2,20,0
R00079,2025-04-13,153,Home,COD,436,5,0.278,1,6,1,30,1
R02688,2025-04-13,1603,Clothing,COD,693,7,0.294,0,3,3,20,0
R02436,2025-04-13,542,Clothing,Prepaid,689,3,0.099,1,12,1,10,1
R02656,2025-04-13,889,Clothing,Prepaid,704,10,0.087,1,6,2,5,0
R02892,2025-04-13,722,Home,COD,27,5,0.373,0,12,1,20,0
R03144,2025-04-13,376,Home,COD,267,9,0.109,0,7,1,10,0
R02402,2025-04-13,1390,Clothing,Prepaid,920,7,0.388,0,1,2,5,1
R02857,2025-04-13,948,Home,COD,215,3,0.383,0,5,3,10,1
R00116,2025-04-13,528,Home,Prepaid,931,3,0.176,1,5,4,0,0
R04195,2025-04-13,1275,Beauty,COD,90,6,0.318,0,5,1,20,0
R00131,2025-04-13,1619,Electronics,COD,958,4,0.077,0,5,1,30,0
R01189,2025-04-13,1157,Clothing,COD,40,2,0.337,0,7,2,5,1
R03594,2025-04-13,368,Beauty,COD,570,4,0.131,0,2,2,5,0
R05820,2025-04-13,1038,Beauty,COD,72,13,0.18,0,10,2,10,1
R00706,2025-04-13,535,Clothing,COD,522,4,0.142,1,5,1,5,0
R00126,2025-04-13,1443,Clothing,Prepaid,65,2,0.322,0,12,4,5,0
R04678,2025-04-13,1288,Books,COD,529,7,0.166,1,8,1,50,0
R05199,2025-04-13,931,Electronics,Prepaid,635,9,0.068,0,8,1,30,0
R02647,2025-04-13,948,Home,Prepaid,680,9,0.167,0,5,1,50,0
R05343,2025-04-13,381,Home,COD,940,4,0.349,0,11,2,10,0
R05509,2025-04-13,598,Books,Prepaid,639,3,0.156,0,6,2,20,0
R00980,2025-04-13,3199,Home,COD,123,3,0.111,0,2,1,0,0
R01672,2025-04-13,778,Clothing,Prepaid,971,5,0.226,0,9,4,5,0
R03891,2025-04-13,1267,Home,Prepaid,671,10,0.253,0,6,1,20,0
R02798,2025-04-13,913,Books,COD,731,5,0.083,0,10,1,20,0
R05519,2025-04-13,2198,Electronics,COD,758,6,0.045,0,12,3,70,0
R04352,2025-04-13,927,Clothing,Prepaid,39,10,0.364,1,11,2,5,0
R00437,2025-04-13,1332,Clothing,COD,357,9,0.305,0,9,2,70,0
R05327,2025-04-13,1466,Home,COD,54,8,0.251,1,3,1,10,0
R04384,2025-04-13,892,Clothing,COD,768,5,0.432,0,9,1,0,0
R02580,2025-04-13,1545,Beauty,Prepaid,325,7,0.174,0,11,1,10,0
R05316,2025-04-13,3350,Electronics,COD,343,12,0.426,1,6,1,5,0
R03259,2025-04-13,1548,Electronics,COD,59,3,0.017,0,10,2,10,0
R01029,2025-04-13,5006,Electronics,Prepaid,22,10,0.1,0,5,2,5,0
R05615,2025-04-14,1005,Clothing,Prepaid,762,3,0.027,1,10,1,0,0
R04977,2025-04-14,2068,Beauty,COD,983,13,0.118,0,2,3,0,0
R04767,2025-04-14,855,Home,Prepaid,263,4,0.222,0,1,1,50,0
R01631,2025-04-14,767,Clothing,COD,601,4,0.062,1,10,1,0,0
R01897,2025-04-14,389,Clothing,COD,88,6,0.307,0,11,1,30,1
R03926,2025-04-14,466,Clothing,COD,57,8,0.1,0,11,1,30,0
R00570,2025-04-14,383,Clothing,Prepaid,860,3,0.191,0,4,1,50,0
R04658,2025-04-14,632,Beauty,Prepaid,204,3,0.096,0,12,2,10,0
R01728,2025-04-14,1325,Clothing,Prepaid,443,8,0.236,0,6,3,10,0
R00978,2025-04-14,529,Clothing,Prepaid,162,2,0.329,0,11,1,5,0
R04186,2025-04-14,1229,Electronics,COD,637,6,0.141,0,5,2,0,0
R02737,2025-04-14,249,Home,Prepaid,922,2,0.614,0,1,1,0,0
R04892,2025-04-14,1320,Books,Prepaid,30,5,0.189,0,11,1,0,0
R02199,2025-04-14,1172,Beauty,COD,338,11,0.09,0,11,2,20,0
R05938,2025-04-14,1509,Clothing,COD,786,8,0.088,0,7,1,0,1
R05785,2025-04-14,1158,Home,COD,896,9,0.356,0,7,2,0,0
R03684,2025-04-14,2144,Beauty,COD,395,3,0.138,0,1,1,0,0
R00288,2025-04-14,274,Electronics,Prepaid,879,6,0.22,0,9,1,0,0
R01759,2025-04-14,1925,Clothing,Prepaid,117,8,0.168,0,3,2,0,0
R01544,2025-04-14,880,Electronics,Prepaid,266,7,0.2,0,11,1,0,1
R05250,2025-04-14,3607,Clothing,COD,185,6,0.225,0,12,2,30,1
R04757,2025-04-14,339,Clothing,Prepaid,495,5,0.191,1,3,1,5,0
R00922,2025-04-14,482,Beauty,Prepaid,933,6,0.571,0,10,1,10,0
R00708,2025-04-14,538,Home,Prepaid,266,8,0.178,0,8,2,0,0
R03236,2025-04-14,796,Clothing,Prepaid,356,8,0.359,0,6,1,0,0
R01455,2025-04-14,1075,Electronics,COD,448,12,0.377,0,8,1,0,1
R02303,2025-04-14,2362,Home,Prepaid,963,5,0.131,0,5,2,0,0
R03235,2025-04-14,3082,Electronics,Prepaid,421,7,0.626,0,3,1,5,0
R04721,2025-04-14,1006,Clothing,Prepaid,159,5,0.166,0,10,2,50,0
R05863,2025-04-15,817,Beauty,COD,827,4,0.056,0,2,1,5,0
R05577,2025-04-15,2868,Clothing,Prepaid,31,6,0.414,0,12,1,5,0
R01344,2025-04-15,1836,Clothing,Prepaid,187,4,0.044,0,5,1,5,0
R01765,2025-04-15,1213,Electronics,Prepaid,634,5,0.21,1,11,1,30,1
R00535,2025-04-15,1057,Home,Prepaid,151,5,0.154,0,6,3,20,0
R05592,2025-04-15,1793,Clothing,Prepaid,23,5,0.016,0,2,1,20,0
R05338,2025-04-15,2400,Clothing,Prepaid,29,6,0.191,0,10,2,0,0
R00129,2025-04-15,717,Home,COD,219,4,0.304,1,5,3,10,0
R05480,2025-04-15,341,Beauty,Prepaid,611,5,0.101,0,12,1,10,0
R02561,2025-04-15,509,Books,Prepaid,910,5,0.257,0,7,3,5,0
R03763,2025-04-15,264,Books,COD,986,4,0.055,0,11,1,0,0
R04365,2025-04-15,951,Clothing,COD,829,8,0.243,0,3,1,50,0
R02719,2025-04-15,673,Clothing,Prepaid,302,4,0.035,0,2,2,20,0
R02626,2025-04-15,934,Home,COD,992,10,0.089,1,1,2,30,0
R05286,2025-04-15,552,Clothing,COD,67,6,0.52,0,12,1,0,0
R03227,2025-04-15,1967,Electronics,COD,270,4,0.341,0,8,1,10,0
R02247,2025-04-15,955,Electronics,COD,835,6,0.255,1,3,2,20,1
R02530,2025-04-15,1776,Beauty,Prepaid,816,7,0.073,0,4,1,0,0
R02679,2025-04-15,612,Beauty,Prepaid,799,6,0.07,0,1,1,0,0
R00228,2025-04-15,2127,Clothing,Prepaid,504,3,0.098,0,9,2,20,0
R01627,2025-04-15,929,Beauty,COD,909,10,0.059,0,5,1,0,0
R00597,2025-04-15,1408,Beauty,COD,173,7,0.372,0,1,1,10,0
R03883,2025-04-15,386,Electronics,COD,547,9,0.062,0,9,2,5,0
R00930,2025-04-15,665,Books,Prepaid,197,7,0.08,0,4,1,0,0
R03512,2025-04-15,598,Clothing,COD,164,7,0.244,0,2,1,30,0
R02548,2025-04-16,697,Home,COD,606,4,0.111,1,6,1,10,0
R03137,2025-04-16,240,Books,Prepaid,592,10,0.274,0,2,4,0,0
R05072,2025-04-16,226,Electronics,Prepaid,541,2,0.116,0,7,1,0,0
R01791,2025-04-16,2640,Electronics,Prepaid,262,10,0.259,0,8,1,50,0
R03378,2025-04-16,1239,Beauty,Prepaid,284,4,0.338,0,5,2,5,0
R03751,2025-04-16,2234,Clothing,Prepaid,285,3,0.268,0,8,1,70,1
R05350,2025-04-16,2102,Clothing,Prepaid,455,6,0.519,0,8,1,5,0
R01858,2025-04-16,1256,Home,Prepaid,470,8,0.197,0,10,1,10,0
R05247,2025-04-16,1683,Clothing,Prepaid,807,2,0.158,0,7,3,10,0
R02123,2025-04-16,396,Electronics,Prepaid,802,7,0.139,1,10,1,0,0
R02037,2025-04-16,534,Beauty,Prepaid,192,6,0.2,1,7,1,0,0
R01415,2025-04-16,1089,Clothing,COD,282,5,0.325,0,10,2,20,1
R04662,2025-04-16,1049,Books,Prepaid,201,8,0.158,0,3,2,20,0
R00424,2025-04-16,531,Electronics,COD,113,8,0.177,0,7,1,0,0
R03075,2025-04-16,684,Beauty,Prepaid,854,8,0.247,0,4,1,0,0
R05363,2025-04-16,2237,Electronics,Prepaid,808,2,0.397,0,1,1,0,0
R03542,2025-04-16,717,Clothing,Prepaid,170,3,0.133,1,3,2,0,1
R00677,2025-04-16,1039,Clothing,Prepaid,18,5,0.475,0,4,1,0,0
R01628,2025-04-16,1351,Clothing,COD,242,5,0.45,1,6,1,0,1
R04376,2025-04-16,494,Clothing,Prepaid,278,4,0.051,0,3,1,20,0
R00242,2025-04-16,1050,Home,Prepaid,311,7,0.407,1,7,2,20,0
R04900,2025-04-16,150,Clothing,Prepaid,531,5,0.227,0,4,2,10,0
R03722,2025-04-16,593,Electronics,COD,364,5,0.108,0,4,1,0,1
R01760,2025-04-16,2793,Books,Prepaid,368,6,0.122,0,9,2,30,0
R02729,2025-04-16,548,Books,Prepaid,205,0,0.061,0,8,2,10,0
R04435,2025-04-16,837,Clothing,Prepaid,703,6,0.665,0,1,2,10,0
R02753,2025-04-16,387,Beauty,Prepaid,594,12,0.261,1,1,2,10,0
R04898,2025-04-16,1040,Clothing,COD,206,4,0.068,0,7,2,30,0
R05368,2025-04-16,1968,Beauty,Prepaid,168,3,0.08,0,9,2,10,0
R00266,2025-04-16,521,Clothing,Prepaid,828,5,0.137,0,9,1,10,0
R03802,2025-04-16,621,Home,Prepaid,385,8,0.281,1,1,2,50,0
R01161,2025-04-16,579,Electronics,COD,254,5,0.145,0,4,3,0,0
R04412,2025-04-17,1486,Home,COD,184,3,0.24,0,3,1,10,0
R01546,2025-04-17,968,Clothing,Prepaid,961,5,0.046,0,10,3,5,0
R00698,2025-04-17,222,Clothing,COD,238,3,0.113,0,9,1,10,0
R04508,2025-04-17,1264,Beauty,Prepaid,348,9,0.105,0,7,2,5,0
R02190,2025-04-17,162,Home,COD,616,3,0.261,0,4,1,0,0
R04866,2025-04-17,580,Electronics,COD,501,2,0.146,0,9,1,70,0
R01833,2025-04-17,364,Home,COD,487,2,0.057,0,1,3,0,0
R02464,2025-04-17,1089,Home,COD,428,9,0.03,0,12,3,10,0
R00966,2025-04-17,559,Clothing,COD,117,10,0.249,0,10,1,5,0
R05695,2025-04-17,4699,Beauty,Prepaid,621,7,0.037,0,11,1,0,0
R04547,2025-04-17,925,Electronics,Prepaid,162,8,0.178,0,1,2,0,0
R05527,2025-04-17,4672,Beauty,Prepaid,262,7,0.092,0,11,2,10,0
R02947,2025-04-17,1324,Clothing,COD,415,6,0.238,0,4,2,10,0
R05856,2025-04-17,1372,Clothing,Prepaid,70,8,0.181,0,9,1,10,0
R03969,2025-04-17,1186,Home,COD,926,8,0.122,0,7,1,20,0
R01423,2025-04-17,2178,Home,COD,62,6,0.249,1,1,1,50,0
R04874,2025-04-17,463,Clothing,Prepaid,463,10,0.088,0,3,1,0,0
R01118,2025-04-17,542,Beauty,Prepaid,241,7,0.042,0,8,1,20,0
R02345,2025-04-17,4620,Clothing,Prepaid,632,5,0.166,0,12,1,30,1
R04463,2025-04-17,5311,Clothing,Prepaid,359,6,0.092,0,1,2,30,0
R00786,2025-04-17,691,Books,Prepaid,39,2,0.142,0,1,1,20,0
R04585,2025-04-17,1312,Electronics,Prepaid,744,5,0.285,0,2,1,5,0
R00548,2025-04-17,3164,Books,Prepaid,988,4,0.34,0,7,2,20,0
R02065,2025-04-17,2727,Books,COD,112,4,0.092,0,10,1,0,0
R00985,2025-04-17,504,Electronics,Prepaid,365,9,0.036,0,4,1,0,1
R05692,2025-04-17,6247,Clothing,COD,829,3,0.145,0,4,1,20,0
R00981,2025-04-17,1603,Clothing,COD,891,6,0.249,1,9,1,0,0
R02560,2025-04-17,896,Clothing,Prepaid,751,5,0.329,1,3,1,10,0
R04457,2025-04-17,1011,Home,COD,299,6,0.065,0,5,2,10,0
R03667,2025-04-17,496,Beauty,COD,310,6,0.084,0,1,1,50,1
R01396,2025-04-17,878,Electronics,COD,737,2,0.033,0,9,2,10,0
R05852,2025-04-17,1028,Clothing,Prepaid,213,6,0.074,0,5,2,0,0
R00260,2025-04-17,486,Clothing,COD,86,7,0.167,0,9,2,20,0
R01156,2025-04-17,1307,Clothing,COD,241,3,0.22,0,10,1,10,0
R01318,2025-04-17,1804,Beauty,Prepaid,744,3,0.16,0,4,2,5,0
R00270,2025-04-17,611,Clothing,Prepaid,489,10,0.297,0,5,1,10,0
R03673,2025-04-17,2745,Electronics,COD,931,6,0.348,0,5,2,30,0
R05263,2025-04-17,2219,Beauty,COD,558,7,0.055,0,12,3,10,0
R02235,2025-04-17,1378,Home,Prepaid,268,5,0.133,1,11,2,5,1
R04928,2025-04-18,4309,Electronics,COD,928,13,0.16,1,9,2,10,0
R05531,2025-04-18,1991,Home,COD,233,4,0.1,0,5,2,0,0
R05471,2025-04-18,1548,Electronics,COD,315,5,0.094,0,9,1,10,0
R04802,2025-04-18,927,Beauty,Prepaid,680,6,0.288,0,10,2,0,0
R04782,2025-04-18,1741,Clothing,Prepaid,0,6,0.068,0,1,1,10,0
R04938,2025-04-18,439,Clothing,COD,740,4,0.003,0,9,2,10,0
R00468,2025-04-18,1084,Clothing,Prepaid,725,6,0.142,0,11,2,5,0
R02966,2025-04-18,1290,Clothing,COD,199,6,0.127,0,1,1,0,0
R04790,2025-04-18,1212,Clothing,Prepaid,292,6,0.065,0,7,1,5,0
R04936,2025-04-18,820,Clothing,COD,862,4,0.206,0,11,1,20,0
R01644,2025-04-18,830,Clothing,Prepaid,428,7,0.278,0,9,1,20,1
R00688,2025-04-18,2756,Books,Prepaid,166,2,0.196,0,4,1,0,0
R04060,2025-04-18,1517,Electronics,Prepaid,29,2,0.071,1,1,2,20,1
R03825,2025-04-18,1397,Home,Prepaid,660,5,0.51,0,1,1,50,0
R01654,2025-04-18,1642,Clothing,COD,198,5,0.021,0,11,1,0,1
R00915,2025-04-18,1834,Electronics,COD,575,3,0.272,0,1,1,10,0
R05815,2025-04-18,1413,Books,COD,44,11,0.084,0,10,1,0,0
R05862,2025-04-18,4147,Electronics,Prepaid,223,7,0.079,1,10,1,20,1
R02676,2025-04-18,306,Books,COD,621,7,0.194,0,8,1,0,0
R05928,2025-04-18,1056,Books,Prepaid,342,7,0.39,0,3,1,20,0
R05608,2025-04-18,4570,Beauty,Prepaid,34,7,0.409,0,7,1,5,0
R03955,2025-04-18,1243,Home,Prepaid,6,7,0.428,0,8,1,5,0
R01608,2025-04-18,828,Clothing,Prepaid,193,7,0.295,0,7,2,0,0
R01350,2025-04-18,288,Beauty,Prepaid,553,4,0.387,0,3,3,50,1
R00520,2025-04-18,1323,Beauty,COD,511,2,0.184,0,3,3,20,0
R03415,2025-04-19,953,Electronics,Prepaid,677,9,0.204,0,10,1,30,0
R01188,2025-04-19,718,Clothing,COD,426,4,0.418,0,12,1,20,0
R00394,2025-04-19,222,Clothing,COD,541,6,0.127,0,12,1,10,0
R00720,2025-04-19,200,Electronics,COD,353,6,0.137,0,1,3,5,0
R04541,2025-04-19,1443,Books,COD,949,7,0.065,0,1,2,0,0
R05013,2025-04-19,3226,Home,Prepaid,591,4,0.128,0,12,2,0,0
R02445,2025-04-19,1224,Books,COD,379,5,0.052,0,1,1,5,0
R03007,2025-04-19,483,Home,COD,852,7,0.15,0,3,1,10,0
R00455,2025-04-19,420,Books,Prepaid,913,11,0.132,0,4,2,10,0
R01764,2025-04-19,547,Electronics,Prepaid,785,7,0.059,0,7,2,5,0
R03838,2025-04-19,2254,Home,COD,618,6,0.025,0,11,2,10,0
R03648,2025-04-19,581,Clothing,COD,28,14,0.404,0,7,1,0,0
R00665,2025-04-19,1702,Clothing,COD,660,7,0.301,0,6,2,5,0
R04618,2025-04-19,3431,Home,Prepaid,315,7,0.193,0,5,1,10,0
R02024,2025-04-19,399,Home,Prepaid,118,7,0.049,0,3,1,10,0
R03303,2025-04-19,2414,Electronics,Prepaid,51,3,0.28,1,11,2,10,0
R04265,2025-04-19,1125,Home,COD,11,6,0.143,0,6,2,0,0
R05171,2025-04-19,1071,Books,Prepaid,133,7,0.241,1,5,2,0,0
R00967,2025-04-19,629,Electronics,COD,652,6,0.538,1,5,1,5,0
R03423,2025-04-19,1775,Home,Prepaid,185,8,0.342,1,11,1,10,0
R04078,2025-04-19,4339,Books,Prepaid,285,7,0.332,0,4,2,30,0
R04756,2025-04-19,1005,Books,Prepaid,979,7,0.258,0,5,2,5,0
R02614,2025-04-19,462,Home,Prepaid,479,9,0.289,0,4,1,10,0
R02973,2025-04-19,1622,Electronics,Prepaid,951,7,0.076,0,10,2,10,0
R01505,2025-04-19,770,Clothing,Prepaid,987,5,0.143,0,4,2,20,0
R05636,2025-04-19,516,Electronics,Prepaid,592,11,0.364,0,3,1,0,0
R04390,2025-04-19,3907,Clothing,Prepaid,54,5,0.172,0,6,3,0,0
R03019,2025-04-19,2369,Beauty,Prepaid,280,4,0.168,0,6,2,30,0
R01580,2025-04-19,1034,Clothing,COD,37,5,0.271,0,7,1,0,0
R00531,2025-04-19,5349,Clothing,Prepaid,697,7,0.285,0,3,2,10,0
R01048,2025-04-19,904,Clothing,COD,356,4,0.491,0,10,2,5,0
R02414,2025-04-19,1077,Clothing,Prepaid,885,8,0.197,0,3,1,70,0
R03347,2025-04-20,590,Books,COD,180,8,0.428,0,1,2,10,0
R02692,2025-04-20,666,Clothing,Prepaid,773,7,0.047,0,7,1,5,0
R04589,2025-04-20,3562,Home,Prepaid,669,10,0.123,0,5,2,20,0
R00625,2025-04-20,1118,Home,Prepaid,606,8,0.064,0,1,2,0,0
R05130,2025-04-20,3277,Electronics,COD,350,10,0.175,0,2,2,30,0
R03436,2025-04-20,1465,Electronics,Prepaid,371,8,0.06,0,6,2,5,0
R00494,2025-04-20,2648,Home,Prepaid,145,4,0.127,0,2,1,50,0
R05609,2025-04-20,1639,Clothing,Prepaid,335,12,0.119,1,6,1,0,1
R05981,2025-04-20,992,Electronics,COD,225,7,0.108,1,11,2,0,0
R03810,2025-04-20,2373,Beauty,COD,986,3,0.195,1,11,1,70,1
R01568,2025-04-20,1100,Clothing,Prepaid,392,12,0.27,0,10,1,30,0
R04259,2025-04-20,4005,Home,COD,275,10,0.545,0,8,2,0,0
R00137,2025-04-20,2644,Beauty,Prepaid,456,6,0.214,1,1,2,20,1
R02183,2025-04-20,924,Clothing,Prepaid,48,4,0.257,0,11,1,0,0
R00193,2025-04-20,977,Electronics,Prepaid,409,7,0.045,0,4,3,0,0
R04210,2025-04-20,1062,Home,Prepaid,964,9,0.204,0,9,3,0,0
R01525,2025-04-20,447,Home,Prepaid,899,5,0.09,0,4,2,0,0
R00490,2025-04-20,1525,Electronics,Prepaid,768,8,0.142,1,12,1,50,0
R00850,2025-04-20,3589,Clothing,COD,401,8,0.073,1,2,2,5,1
R04914,2025-04-20,819,Beauty,COD,291,3,0.123,0,9,2,20,0
R03449,2025-04-20,4819,Home,Prepaid,809,5,0.352,0,12,1,10,0
R01873,2025-04-20,575,Home,Prepaid,817,4,0.103,0,6,1,5,0
R05335,2025-04-20,809,Clothing,COD,395,4,0.231,0,7,3,30,1
R04310,2025-04-20,1552,Electronics,COD,959,7,0.62,1,11,4,0,1
R02213,2025-04-20,3897,Books,COD,919,9,0.519,1,9,2,5,1
R04233,2025-04-20,1405,Clothing,Prepaid,576,6,0.121,1,7,2,10,1
R05551,2025-04-20,580,Home,COD,361,6,0.017,0,9,1,5,0
R05849,2025-04-20,1115,Beauty,COD,669,4,0.203,0,3,1,20,0
R03170,2025-04-20,709,Home,Prepaid,852,6,0.086,0,11,2,0,0
R05968,2025-04-20,728,Clothing,COD,888,5,0.13,0,12,3,0,0
R03876,2025-04-20,234,Electronics,COD,73,5,0.037,0,5,1,20,0
R04455,2025-04-21,626,Books,COD,59,5,0.193,0,1,1,0,1
R00269,2025-04-21,361,Books,Prepaid,200,10,0.414,0,5,2,0,0
R03864,2025-04-21,595,Clothing,COD,495,7,0.212,0,6,1,10,0
R02124,2025-04-21,4738,Electronics,COD,30,9,0.119,1,7,3,0,0
R04980,2025-04-21,248,Electronics,Prepaid,272,6,0.519,0,2,1,5,0
R00956,2025-04-21,1005,Home,Prepaid,921,4,0.081,0,3,2,5,0
R04801,2025-04-21,566,Clothing,COD,705,3,0.055,0,10,1,20,0
R01305,2025-04-21,3132,Clothing,Prepaid,441,7,0.195,0,10,1,10,0
R05788,2025-04-21,524,Home,Prepaid,360,3,0.016,0,2,2,0,0
R04228,2025-04-21,1456,Clothing,Prepaid,809,2,0.221,1,7,1,30,0
R03895,2025-04-21,1707,Clothing,Prepaid,498,7,0.059,0,4,1,5,0
R05645,2025-04-21,2197,Clothing,COD,417,6,0.08,0,7,1,0,0
R04351,2025-04-21,1015,Clothing,Prepaid,40,5,0.31,0,5,1,50,0
R05605,2025-04-21,794,Home,Prepaid,173,8,0.193,0,6,1,5,1
R01662,2025-04-21,1064,Books,Prepaid,82,4,0.484,0,4,1,0,0
R04544,2025-04-21,1148,Books,COD,215,3,0.162,0,11,2,5,1
R05980,2025-04-21,1119,Home,Prepaid,77,5,0.022,0,11,1,20,0
R02494,2025-04-21,1290,Clothing,COD,152,4,0.27,0,9,1,50,1
R05959,2025-04-21,3345,Clothing,Prepaid,659,3,0.063,0,7,1,0,0
R03225,2025-04-21,4856,Electronics,COD,696,5,0.054,0,4,2,5,0
R01181,2025-04-21,257,Home,Prepaid,623,5,0.09,1,7,1,5,0
R02144,2025-04-21,4266,Books,COD,244,3,0.161,0,10,3,0,0
R03613,2025-04-21,673,Electronics,COD,781,7,0.35,1,10,2,20,0
R00896,2025-04-21,909,Home,Prepaid,475,7,0.09,0,5,1,30,0
R03602,2025-04-21,1609,Clothing,Prepaid,576,3,0.262,0,11,1,30,0
R05821,2025-04-21,1340,Electronics,COD,146,6,0.279,0,9,1,10,1
R04586,2025-04-21,482,Electronics,Prepaid,575,5,0.624,0,3,4,10,0
R03425,2025-04-21,890,Clothing,COD,636,5,0.076,1,1,3,50,1
R00767,2025-04-21,585,Electronics,COD,34,8,0.17,1,12,2,20,0
R02971,2025-04-21,2246,Electronics,Prepaid,262,5,0.11,0,5,2,10,0
R01952,2025-04-21,457,Beauty,Prepaid,863,7,0.079,1,3,1,20,0
R05525,2025-04-21,837,Clothing,Prepaid,588,8,0.25,1,12,3,5,0
R05679,2025-04-21,826,Beauty,COD,778,7,0.016,0,9,1,5,0
R02864,2025-04-21,3489,Home,Prepaid,4,6,0.302,1,8,1,0,1
R01758,2025-04-21,2627,Books,Prepaid,184,7,0.414,0,3,2,5,0
R02927,2025-04-22,1356,Beauty,COD,60,7,0.241,0,8,1,10,0
R03177,2025-04-22,507,Home,COD,972,5,0.295,0,11,1,5,0
R02393,2025-04-22,969,Books,Prepaid,903,7,0.239,1,4,1,0,0
R00672,2025-04-22,3430,Home,Prepaid,257,0,0.066,1,9,1,30,0
R01829,2025-04-22,1736,Beauty,Prepaid,641,6,0.289,0,10,1,30,0
R03970,2025-04-22,584,Home,COD,751,7,0.384,0,2,2,20,0
R05962,2025-04-22,770,Electronics,COD,156,10,0.176,0,9,1,0,0
R00702,2025-04-22,8491,Clothing,COD,337,7,0.116,0,10,1,20,0
R02904,2025-04-22,1614,Beauty,COD,556,1,0.074,0,6,2,5,0
R03331,2025-04-22,814,Electronics,COD,731,7,0.188,0,6,1,0,0
R01135,2025-04-22,599,Electronics,Prepaid,885,7,0.132,0,6,1,30,0
R03920,2025-04-22,630,Home,Prepaid,23,7,0.155,0,9,2,0,0
R02629,2025-04-22,869,Clothing,COD,675,10,0.156,0,6,1,5,0
R04621,2025-04-22,1563,Clothing,Prepaid,953,5,0.304,0,3,1,20,0
R00601,2025-04-22,2760,Clothing,Prepaid,115,12,0.053,0,5,1,0,0
R04038,2025-04-22,1315,Home,Prepaid,272,10,0.151,1,5,2,0,0
R00987,2025-04-22,1327,Clothing,Prepaid,698,9,0.037,0,3,2,10,1
R05122,2025-04-22,1042,Home,COD,164,8,0.429,1,11,2,0,1
R05123,2025-04-22,3278,Home,COD,559,3,0.243,0,1,2,5,1
R05214,2025-04-22,1531,Home,COD,456,9,0.2,0,12,1,10,0
R03609,2025-04-22,1800,Clothing,COD,49,4,0.642,0,1,4,10,0
R01846,2025-04-22,275,Clothing,Prepaid,218,5,0.084,0,9,3,10,0
R03922,2025-04-22,3245,Beauty,Prepaid,90,6,0.511,0,10,3,30,0
R02726,2025-04-22,1380,Beauty,COD,764,1,0.232,1,12,3,5,1
R05275,2025-04-22,505,Clothing,COD,195,6,0.188,0,8,3,20,0
R04639,2025-04-22,1613,Home,Prepaid,914,4,0.337,0,11,1,20,1
R05342,2025-04-22,8141,Home,COD,260,4,0.23,0,4,1,5,0
R05063,2025-04-22,1918,Electronics,Prepaid,308,5,0.255,0,2,1,30,0
R05097,2025-04-22,3595,Clothing,Prepaid,586,2,0.285,0,3,1,0,0
R04595,2025-04-22,1890,Home,Prepaid,386,6,0.19,0,1,1,30,1
R05786,2025-04-22,845,Clothing,COD,241,6,0.474,0,4,1,0,1
R00900,2025-04-22,388,Clothing,Prepaid,658,4,0.121,0,6,1,10,0
R03124,2025-04-22,1331,Electronics,Prepaid,70,6,0.212,0,4,2,20,0
R03417,2025-04-22,2034,Electronics,Prepaid,285,4,0.081,0,8,1,10,0
R01885,2025-04-22,887,Beauty,Prepaid,219,5,0.18,0,10,1,0,0
R00953,2025-04-22,1124,Books,Prepaid,871,6,0.155,0,5,1,30,0
R02027,2025-04-22,1569,Electronics,COD,98,6,0.148,0,12,1,0,0
R00323,2025-04-22,1039,Home,COD,219,2,0.088,1,5,1,20,0
R05701,2025-04-23,733,Clothing,Prepaid,634,12,0.087,0,3,1,10,0
R03604,2025-04-23,861,Clothing,COD,596,6,0.166,0,12,1,10,0
R01638,2025-04-23,1263,Home,Prepaid,202,6,0.19,0,12,1,5,0
R03600,2025-04-23,446,Electronics,COD,408,9,0.512,0,9,2,70,0
R04903,2025-04-23,2865,Books,Prepaid,187,8,0.558,0,11,2,5,1
R01982,2025-04-23,898,Clothing,COD,127,5,0.025,0,4,2,0,0
R00825,2025-04-23,1556,Home,COD,842,7,0.212,0,12,1,10,1
R00675,2025-04-23,883,Beauty,COD,228,2,0.205,0,4,1,20,0
R02417,2025-04-23,1464,Clothing,Prepaid,771,5,0.285,0,8,1,10,0
R01397,2025-04-23,1114,Clothing,COD,226,7,0.188,1,7,1,0,0
R05798,2025-04-23,8177,Home,COD,61,3,0.194,0,8,1,0,0
R05062,2025-04-23,933,Clothing,COD,161,11,0.2,0,3,4,0,1
R01661,2025-04-23,2107,Home,COD,795,0,0.115,0,1,2,50,0
R02508,2025-04-23,943,Electronics,COD,437,4,0.333,0,8,1,20,0
R03121,2025-04-23,458,Clothing,COD,877,9,0.125,0,12,2,0,1
R02917,2025-04-23,1206,Beauty,Prepaid,957,2,0.306,0,7,2,30,0
R00343,2025-04-23,1469,Clothing,Prepaid,779,8,0.144,0,3,1,50,0
R05152,2025-04-23,494,Electronics,COD,301,4,0.251,0,6,1,5,0
R03640,2025-04-23,1071,Electronics,Prepaid,505,7,0.053,0,12,1,70,0
R05742,2025-04-23,2338,Home,Prepaid,229,3,0.037,0,11,1,10,0
R02825,2025-04-23,1158,Electronics,Prepaid,191,4,0.067,0,6,1,0,0
R01290,2025-04-23,780,Home,COD,492,4,0.156,0,3,3,0,0
R03344,2025-04-23,714,Electronics,Prepaid,728,1,0.083,0,12,1,0,0
R01540,2025-04-23,670,Electronics,Prepaid,495,4,0.223,0,5,1,5,0
R02226,2025-04-23,1982,Electronics,COD,105,11,0.021,0,10,3,0,1
R03875,2025-04-23,4087,Clothing,COD,873,10,0.101,0,1,1,0,0
R01211,2025-04-23,1854,Home,COD,895,7,0.135,0,5,1,5,0
R01200,2025-04-23,1647,Clothing,Prepaid,520,4,0.026,0,9,1,10,0
R01554,2025-04-23,1213,Home,COD,922,6,0.395,0,6,1,5,0
R03367,2025-04-23,1384,Electronics,Prepaid,186,4,0.056,0,12,2,10,0
R02359,2025-04-24,4111,Electronics,COD,209,8,0.202,0,8,1,50,0
R03026,2025-04-24,436,Beauty,Prepaid,803,9,0.051,0,1,2,30,0
R01171,2025-04-24,510,Books,Prepaid,950,4,0.242,0,11,2,0,0
R04910,2025-04-24,456,Electronics,COD,652,6,0.116,0,3,4,10,0
R02907,2025-04-24,1115,Home,Prepaid,748,7,0.252,0,7,3,10,0
R04542,2025-04-24,754,Electronics,Prepaid,540,6,0.125,1,4,4,0,0
R00996,2025-04-24,818,Clothing,COD,87,6,0.145,0,3,2,0,0
R02128,2025-04-24,521,Clothing,COD,229,9,0.424,0,2,2,10,0
R00085,2025-04-24,1281,Beauty,COD,550,6,0.255,0,9,2,0,0
R01753,2025-04-24,1745,Electronics,Prepaid,101,6,0.135,0,12,1,20,0
R03692,2025-04-24,1054,Clothing,Prepaid,797,10,0.261,0,5,1,20,0
R03117,2025-04-24,809,Electronics,COD,53,2,0.234,0,8,3,5,0
R03819,2025-04-24,315,Clothing,COD,615,5,0.139,0,9,1,70,0
R02179,2025-04-24,2396,Electronics,Prepaid,16,4,0.125,0,11,2,0,0
R03009,2025-04-24,1554,Beauty,Prepaid,528,8,0.359,0,2,1,10,0
R01755,2025-04-24,844,Books,Prepaid,783,4,0.06,0,12,1,10,0
R05003,2025-04-24,1852,Clothing,Prepaid,826,5,0.139,0,9,2,0,0
R00245,2025-04-24,2161,Clothing,COD,930,11,0.554,1,10,3,10,1
R03185,2025-04-24,1418,Clothing,Prepaid,574,5,0.089,0,4,1,70,0
R02898,2025-04-24,433,Beauty,COD,191,7,0.338,0,10,1,0,1
R04496,2025-04-24,2545,Beauty,COD,274,4,0.199,0,1,2,30,0
R00240,2025-04-24,1966,Clothing,Prepaid,798,4,0.396,0,9,3,10,0
R00599,2025-04-24,1093,Books,Prepaid,623,7,0.14,0,1,1,20,0
R05594,2025-04-24,382,Electronics,Prepaid,240,6,0.201,0,12,1,0,0
R05048,2025-04-24,2684,Books,Prepaid,221,5,0.076,1,9,1,20,0
R02721,2025-04-24,586,Beauty,COD,185,7,0.344,0,11,1,50,1
R03171,2025-04-24,2654,Books,Prepaid,253,3,0.175,0,5,2,0,0
R02829,2025-04-24,1071,Electronics,COD,464,6,0.063,0,12,2,5,0
R02010,2025-04-25,1493,Electronics,Prepaid,841,4,0.054,0,8,1,10,1
R00458,2025-04-25,1035,Books,COD,641,11,0.145,0,4,2,50,0
R00880,2025-04-25,401,Electronics,COD,489,10,0.211,0,8,1,10,1
R02185,2025-04-25,359,Clothing,COD,613,4,0.3,0,3,2,0,0
R04619,2025-04-25,446,Home,COD,837,3,0.162,0,1,1,30,0
R01111,2025-04-25,743,Clothing,COD,632,9,0.133,0,3,3,5,0
R00743,2025-04-25,1202,Beauty,Prepaid,140,5,0.047,0,4,1,20,0
R01370,2025-04-25,1387,Electronics,Prepaid,938,10,0.258,0,7,1,20,0
R00658,2025-04-25,508,Electronics,COD,143,5,0.1,0,5,1,70,0
R00475,2025-04-25,319,Electronics,COD,479,6,0.41,0,1,2,5,0
R02996,2025-04-25,6332,Electronics,Prepaid,503,6,0.41,0,4,1,0,0
R03546,2025-04-25,627,Beauty,Prepaid,173,5,0.282,1,7,2,10,1
R05268,2025-04-25,1543,Clothing,Prepaid,705,6,0.061,0,1,1,5,0
R04086,2025-04-25,911,Beauty,Prepaid,963,6,0.023,0,6,1,10,0
R00192,2025-04-25,2611,Clothing,COD,193,2,0.129,0,10,1,0,0
R02158,2025-04-25,1849,Home,Prepaid,276,7,0.067,0,10,1,5,0
R02231,2025-04-25,2370,Beauty,COD,900,5,0.586,0,2,1,20,1
R00341,2025-04-25,325,Electronics,COD,877,12,0.068,0,5,1,50,0
R02758,2025-04-25,1970,Electronics,COD,601,5,0.232,0,4,1,5,0
R03317,2025-04-25,5036,Electronics,Prepaid,961,4,0.124,1,3,2,0,0
R00130,2025-04-25,589,Books,Prepaid,212,10,0.177,0,5,2,5,0
R04858,2025-04-25,1324,Clothing,COD,835,7,0.369,1,12,1,0,0
R05060,2025-04-25,2721,Beauty,COD,692,4,0.217,0,1,1,30,0
R02568,2025-04-25,2314,Clothing,Prepaid,417,6,0.161,0,10,2,10,0
R01417,2025-04-25,1365,Electronics,Prepaid,160,5,0.101,1,7,1,20,0
R00040,2025-04-25,766,Home,COD,235,8,0.323,0,5,2,10,0
R00958,2025-04-25,1560,Books,COD,406,5,0.214,0,7,2,0,0
R04063,2025-04-25,2743,Clothing,Prepaid,352,7,0.038,0,2,2,5,0
R01196,2025-04-25,1931,Electronics,Prepaid,482,6,0.146,0,9,1,0,0
R01172,2025-04-25,851,Home,COD,885,2,0.142,0,11,1,5,0
R03865,2025-04-25,1301,Electronics,Prepaid,394,6,0.056,0,8,2,0,0
R00616,2025-04-26,1130,Home,COD,929,6,0.116,0,6,1,0,0
R03925,2025-04-26,986,Clothing,Prepaid,931,7,0.045,0,5,1,50,0
R02970,2025-04-26,1855,Beauty,COD,814,4,0.186,0,12,1,0,0
R03408,2025-04-26,1905,Clothing,COD,350,6,0.225,0,6,1,0,0
R03502,2025-04-26,2051,Clothing,COD,109,3,0.093,0,11,1,10,1
R03492,2025-04-26,2241,Home,COD,505,10,0.367,0,4,1,0,0
R00920,2025-04-26,1105,Electronics,Prepaid,591,6,0.343,0,11,2,0,0
R00099,2025-04-26,1027,Clothing,Prepaid,949,6,0.152,0,7,1,10,0
R03324,2025-04-26,2002,Clothing,COD,293,4,0.279,0,3,1,30,0
R02437,2025-04-26,779,Beauty,COD,80,4,0.267,1,9,2,5,1
R03301,2025-04-26,5533,Clothing,COD,464,9,0.086,0,7,2,10,0
R03550,2025-04-26,1695,Clothing,COD,221,5,0.057,0,9,1,0,0
R01585,2025-04-26,388,Home,COD,588,7,0.101,0,7,1,70,0
R01128,2025-04-26,971,Electronics,Prepaid,788,5,0.301,0,8,3,10,0
R02689,2025-04-26,981,Beauty,Prepaid,794,11,0.207,0,5,1,20,0
R01337,2025-04-26,1431,Clothing,Prepaid,593,4,0.289,0,2,2,10,1
R05613,2025-04-26,878,Home,COD,173,7,0.053,0,12,1,20,0
R05566,2025-04-26,2265,Electronics,Prepaid,445,6,0.13,0,5,1,30,0
R02992,2025-04-26,412,Home,COD,447,5,0.256,0,11,2,5,0
R01235,2025-04-26,2483,Clothing,Prepaid,471,9,0.151,0,2,1,5,0
R01467,2025-04-26,3948,Clothing,COD,362,8,0.133,0,5,3,5,1
R05064,2025-04-26,1862,Beauty,COD,191,8,0.097,0,11,1,50,1
R00673,2025-04-26,1480,Clothing,Prepaid,796,9,0.282,0,7,1,10,0
R01985,2025-04-26,1653,Clothing,Prepaid,102,10,0.335,0,10,1,30,0
R05183,2025-04-26,1544,Electronics,Prepaid,321,6,0.128,0,12,1,20,0
R01994,2025-04-26,399,Electronics,COD,240,10,0.209,1,10,2,5,0
R03730,2025-04-26,1943,Home,Prepaid,14,4,0.079,0,3,1,10,0
R00782,2025-04-26,5316,Beauty,Prepaid,376,7,0.413,1,5,1,5,0
R03764,2025-04-26,2216,Home,Prepaid,641,4,0.034,0,3,2,0,0
R03721,2025-04-26,192,Electronics,COD,248,10,0.064,0,4,1,50,0
R03757,2025-04-26,890,Beauty,COD,597,9,0.504,0,2,1,30,0
R05145,2025-04-26,1553,Home,Prepaid,690,6,0.523,0,3,2,20,1
R02184,2025-04-27,2625,Home,Prepaid,524,11,0.294,0,1,2,0,0
R01068,2025-04-27,1125,Home,Prepaid,277,2,0.428,0,9,2,5,0
R05420,2025-04-27,307,Clothing,COD,470,5,0.391,0,6,3,10,0
R05672,2025-04-27,1053,Electronics,COD,463,5,0.375,0,11,2,10,0
R03147,2025-04-27,1356,Beauty,COD,321,4,0.225,0,6,2,50,0
R00026,2025-04-27,5169,Clothing,Prepaid,242,6,0.287,0,9,1,0,0
R03118,2025-04-27,1679,Clothing,Prepaid,921,8,0.06,0,4,2,0,0
R00569,2025-04-27,1097,Beauty,COD,136,5,0.097,0,3,1,0,0
R00600,2025-04-27,436,Electronics,Prepaid,157,9,0.018,0,2,2,30,0
R02448,2025-04-27,2195,Electronics,COD,117,5,0.295,1,6,1,20,0
R03266,2025-04-27,1155,Beauty,COD,673,3,0.157,0,10,3,20,0
R03977,2025-04-27,3007,Beauty,Prepaid,313,10,0.081,0,5,2,0,0
R05020,2025-04-27,5590,Home,Prepaid,714,6,0.18,0,1,1,20,0
R03696,2025-04-27,540,Clothing,Prepaid,791,6,0.186,0,2,1,10,0
R04906,2025-04-27,5119,Clothing,Prepaid,438,9,0.205,0,8,1,5,0
R03577,2025-04-27,2168,Electronics,COD,729,10,0.197,1,3,1,0,1
R04995,2025-04-27,1318,Clothing,COD,151,6,0.327,0,10,1,5,0
R03647,2025-04-27,2485,Clothing,COD,292,4,0.135,0,6,1,0,0
R01715,2025-04-27,562,Home,Prepaid,296,8,0.229,0,6,3,30,0
R01717,2025-04-27,423,Electronics,Prepaid,969,9,0.075,0,2,1,10,0
R05106,2025-04-27,733,Clothing,COD,366,7,0.157,0,6,2,20,0
R03862,2025-04-27,2081,Books,Prepaid,957,2,0.119,1,12,2,0,0
R05787,2025-04-27,538,Home,Prepaid,442,8,0.137,1,5,1,10,0
R03675,2025-04-27,457,Home,COD,218,12,0.102,0,3,4,5,0
R02905,2025-04-28,379,Electronics,COD,397,6,0.225,0,1,1,0,0
R05554,2025-04-28,1717,Home,Prepaid,419,5,0.08,0,5,1,0,0
R02481,2025-04-28,624,Clothing,Prepaid,821,5,0.092,0,4,1,0,0
R01255,2025-04-28,5311,Beauty,Prepaid,50,9,0.205,0,1,2,10,0
R02015,2025-04-28,1340,Clothing,Prepaid,649,7,0.384,0,9,2,5,0
R02072,2025-04-28,1358,Electronics,COD,732,4,0.024,1,12,1,10,1
R04008,2025-04-28,390,Clothing,COD,224,9,0.083,0,8,2,10,0
R02361,2025-04-28,594,Home,Prepaid,64,6,0.157,1,4,1,10,0
R01887,2025-04-28,1517,Clothing,Prepaid,92,5,0.067,0,11,2,20,0
R02754,2025-04-28,735,Beauty,Prepaid,173,9,0.082,0,3,3,5,0
R04991,2025-04-28,1160,Home,Prepaid,953,5,0.292,0,8,1,5,0
R04560,2025-04-28,1154,Beauty,Prepaid,123,6,0.389,0,8,1,0,0
R02986,2025-04-28,1522,Electronics,COD,818,8,0.227,0,5,2,20,0
R04042,2025-04-28,1230,Clothing,Prepaid,686,7,0.086,0,2,1,0,0
R00244,2025-04-28,2113,Clothing,COD,940,10,0.474,0,10,1,0,0
R05899,2025-04-28,1593,Clothing,COD,726,6,0.339,0,9,1,30,0
R05944,2025-04-28,845,Beauty,COD,379,9,0.14,0,7,2,5,0
R00771,2025-04-28,693,Books,COD,150,10,0.124,0,8,1,50,0
R00824,2025-04-28,3108,Clothing,COD,670,4,0.463,0,5,1,50,1
R03589,2025-04-28,1213,Beauty,Prepaid,481,4,0.243,0,3,1,20,0
R05812,2025-04-28,779,Books,COD,458,5,0.181,0,3,1,0,1
R00934,2025-04-28,2105,Clothing,COD,187,5,0.019,0,11,1,30,0
R05735,2025-04-28,402,Beauty,Prepaid,218,6,0.077,0,5,1,0,0
R01089,2025-04-28,781,Clothing,COD,745,12,0.611,0,1,2,5,0
R05674,2025-04-28,1979,Clothing,Prepaid,934,5,0.072,0,2,1,0,0
R00502,2025-04-28,454,Home,Prepaid,312,9,0.369,0,5,1,5,0
R01130,2025-04-28,291,Books,COD,814,8,0.24,0,5,1,10,0
R00984,2025-04-28,1852,Clothing,Prepaid,885,7,0.052,0,9,1,30,0
R01205,2025-04-28,4622,Beauty,Prepaid,296,6,0.164,0,4,2,0,0
R01221,2025-04-28,1818,Clothing,Prepaid,826,3,0.138,1,1,2,5,1
R05522,2025-04-29,997,Electronics,COD,835,8,0.005,0,7,1,0,1
R02195,2025-04-29,1768,Beauty,Prepaid,597,3,0.103,0,6,1,0,0
R04464,2025-04-29,731,Books,COD,316,4,0.161,1,4,2,20,0
R01812,2025-04-29,1490,Home,Prepaid,455,8,0.055,0,5,1,0,0
R05553,2025-04-29,2487,Beauty,COD,294,8,0.077,0,9,1,0,0
R05994,2025-04-29,2550,Electronics,COD,240,7,0.223,0,12,3,0,1
R04181,2025-04-29,333,Clothing,Prepaid,348,7,0.32,0,9,2,0,0
R02086,2025-04-29,377,Electronics,Prepaid,663,4,0.037,0,12,2,5,0
R03963,2025-04-29,2780,Home,Prepaid,748,7,0.24,0,7,2,0,0
R00123,2025-04-29,336,Clothing,Prepaid,495,8,0.069,1,11,1,0,0
R05138,2025-04-29,2139,Clothing,Prepaid,68,4,0.407,0,11,1,0,0
R05879,2025-04-29,2292,Clothing,COD,221,4,0.045,0,10,1,0,0
R05186,2025-04-29,197,Books,COD,109,4,0.276,0,6,2,10,0
R01224,2025-04-29,2923,Clothing,Prepaid,472,6,0.373,1,8,1,20,1
R01277,2025-04-29,194,Electronics,Prepaid,894,10,0.269,1,11,2,20,0
R03794,2025-04-29,1931,Home,COD,831,8,0.323,0,4,2,20,0
R00652,2025-04-29,940,Clothing,Prepaid,918,2,0.252,0,11,1,10,0
R02930,2025-04-29,828,Clothing,Prepaid,90,4,0.181,0,8,2,30,0
R00842,2025-04-29,1234,Home,COD,686,6,0.04,0,11,1,20,0
R04437,2025-04-29,2822,Clothing,COD,594,3,0.097,0,4,3,5,0
R04679,2025-04-29,1797,Books,Prepaid,758,2,0.329,0,8,3,0,0
R01723,2025-04-29,2187,Clothing,COD,114,11,0.298,0,11,2,20,0
R01438,2025-04-29,766,Clothing,Prepaid,137,10,0.062,0,10,3,0,0
R02619,2025-04-29,940,Home,COD,39,2,0.239,0,7,2,20,0
R01398,2025-04-29,532,Beauty,COD,754,4,0.171,0,2,2,50,0
R02551,2025-04-29,1426,Clothing,COD,110,4,0.031,0,12,1,50,0
R00003,2025-04-29,1429,Clothing,Prepaid,702,3,0.251,0,9,3,30,0
R03273,2025-04-29,1970,Home,COD,547,6,0.209,0,11,1,0,0
R05361,2025-04-29,2807,Clothing,COD,184,4,0.371,0,12,3,50,0
R02258,2025-04-29,1578,Electronics,COD,916,6,0.408,0,6,2,20,0
R02396,2025-04-29,962,Electronics,Prepaid,241,9,0.106,1,2,1,10,0
R04460,2025-04-29,2286,Home,Prepaid,870,9,0.293,0,5,1,10,0
R00986,2025-04-29,376,Clothing,Prepaid,531,8,0.203,0,7,1,5,0
R02380,2025-04-29,1558,Beauty,COD,352,3,0.208,0,2,2,30,0
R01693,2025-04-29,1663,Home,COD,392,11,0.094,0,12,2,10,0
R02324,2025-04-29,3004,Clothing,Prepaid,938,7,0.357,0,3,2,50,0
R04302,2025-04-29,2666,Home,Prepaid,251,2,0.099,1,12,1,20,1
R05954,2025-04-29,427,Books,COD,932,5,0.031,0,5,3,0,0
R04902,2025-04-29,1661,Home,Prepaid,447,3,0.044,0,10,3,20,0
R05923,2025-04-29,1705,Clothing,COD,955,4,0.192,1,6,3,10,0
R05714,2025-04-30,1047,Home,COD,174,8,0.161,0,6,3,0,0
R00156,2025-04-30,983,Clothing,Prepaid,817,4,0.343,0,3,4,0,0
R04321,2025-04-30,1786,Clothing,COD,209,8,0.183,0,2,1,30,0
R05143,2025-04-30,1565,Clothing,Prepaid,828,6,0.249,0,4,2,0,0
R04400,2025-04-30,1456,Beauty,COD,132,6,0.175,0,6,1,50,0
R05015,2025-04-30,248,Clothing,Prepaid,480,3,0.231,1,4,2,10,0
R03000,2025-04-30,872,Beauty,Prepaid,762,6,0.171,1,7,1,5,0
R01597,2025-04-30,1167,Electronics,COD,729,4,0.272,0,10,3,0,0
R02050,2025-04-30,3912,Books,COD,612,8,0.46,1,7,2,20,0
R03834,2025-04-30,2709,Books,COD,773,3,0.091,1,7,1,0,0
R02897,2025-04-30,383,Clothing,COD,663,5,0.071,0,11,1,5,0
R00255,2025-04-30,911,Clothing,Prepaid,888,6,0.134,1,12,2,20,0
R02022,2025-04-30,1339,Beauty,Prepaid,235,3,0.086,0,5,1,30,0
R02023,2025-04-30,518,Beauty,Prepaid,752,6,0.081,1,3,5,10,0
R01981,2025-04-30,1587,Books,COD,457,6,0.305,0,4,3,10,0
R02584,2025-04-30,2517,Home,COD,47,5,0.271,0,4,1,0,0
R02088,2025-04-30,1572,Electronics,Prepaid,678,4,0.189,1,12,1,20,0
R00372,2025-04-30,481,Clothing,COD,978,9,0.408,0,4,1,0,0
R03929,2025-04-30,366,Clothing,COD,110,3,0.187,0,4,1,50,1
R01959,2025-04-30,4455,Electronics,Prepaid,73,6,0.343,1,3,1,5,0
R02771,2025-04-30,202,Beauty,COD,259,2,0.082,0,2,2,20,0
R03438,2025-04-30,1939,Clothing,COD,457,4,0.193,0,5,3,20,0
R00446,2025-04-30,2263,Clothing,COD,989,2,0.232,0,11,2,10,0
R03409,2025-04-30,240,Home,Prepaid,613,5,0.044,0,1,3,10,0
R00730,2025-04-30,802,Beauty,Prepaid,529,8,0.024,0,6,1,5,0
R00316,2025-04-30,2095,Clothing,Prepaid,592,2,0.086,0,4,1,20,0
R04876,2025-05-01,1704,Clothing,COD,1,8,0.18,0,8,1,5,0
R05811,2025-05-01,346,Beauty,Prepaid,83,6,0.056,0,11,3,0,0
R02084,2025-05-01,609,Clothing,Prepaid,226,9,0.084,0,10,1,10,0
R03159,2025-05-01,726,Clothing,COD,503,8,0.575,0,5,2,0,0
R05298,2025-05-01,1417,Clothing,COD,650,7,0.006,0,1,2,20,0
R00237,2025-05-01,667,Books,COD,546,2,0.046,0,2,1,10,0
R05369,2025-05-01,990,Clothing,Prepaid,243,9,0.249,0,6,1,5,1
R00822,2025-05-01,666,Home,Prepaid,126,3,0.107,0,3,2,5,1
R00122,2025-05-01,2788,Clothing,Prepaid,698,9,0.036,0,4,1,5,0
R02877,2025-05-01,4469,Home,Prepaid,418,11,0.066,0,2,3,0,0
R04489,2025-05-01,2983,Clothing,Prepaid,677,6,0.149,1,8,1,10,1
R04730,2025-05-01,397,Clothing,Prepaid,710,5,0.21,0,4,1,0,0
R00162,2025-05-01,1537,Books,Prepaid,266,7,0.072,0,11,2,30,0
R00311,2025-05-01,680,Books,COD,217,9,0.211,0,7,3,20,0
R01648,2025-05-01,2181,Clothing,Prepaid,428,3,0.413,0,7,1,70,0
R02242,2025-05-01,1575,Clothing,COD,258,6,0.195,0,7,1,10,0
R03739,2025-05-01,491,Beauty,COD,438,5,0.263,0,2,2,10,0
R05870,2025-05-01,1028,Home,COD,901,6,0.077,0,2,1,30,1
R00819,2025-05-01,688,Home,COD,264,4,0.056,0,3,2,20,0
R00479,2025-05-01,2439,Books,COD,206,6,0.188,0,5,1,5,0
R01049,2025-05-01,2988,Electronics,Prepaid,41,5,0.096,0,6,1,10,0
R05218,2025-05-01,525,Home,Prepaid,863,8,0.367,0,12,1,0,0
R02563,2025-05-01,791,Clothing,COD,216,7,0.191,0,6,1,5,1
R02102,2025-05-01,4445,Clothing,COD,138,6,0.28,1,3,1,0,0
R02722,2025-05-01,381,Clothing,Prepaid,809,5,0.2,0,4,5,10,0
R05447,2025-05-01,2452,Electronics,Prepaid,515,8,0.15,0,10,3,30,1
R05889,2025-05-01,764,Beauty,Prepaid,270,7,0.491,1,7,1,0,1
R05204,2025-05-01,1836,Home,Prepaid,321,9,0.236,1,11,2,10,0
R00108,2025-05-01,6795,Home,COD,110,5,0.225,0,11,1,10,0
R00736,2025-05-02,3942,Books,Prepaid,559,5,0.475,0,12,1,0,1
R03002,2025-05-02,1373,Clothing,COD,264,6,0.028,0,4,1,70,0
R05828,2025-05-02,583,Books,COD,16,7,0.035,0,4,2,5,0
R01306,2025-05-02,882,Clothing,Prepaid,323,3,0.246,0,8,1,50,0
R00080,2025-05-02,2498,Clothing,COD,759,6,0.195,0,11,2,20,0
R03655,2025-05-02,368,Electronics,COD,274,6,0.092,0,3,1,5,0
R04359,2025-05-02,3850,Clothing,COD,616,6,0.141,0,8,1,20,0
R02659,2025-05-02,1558,Clothing,COD,818,6,0.094,0,11,1,5,0
R00859,2025-05-02,1487,Home,Prepaid,174,9,0.089,0,8,2,10,0
R01613,2025-05-02,697,Home,Prepaid,829,6,0.077,0,12,1,30,0
R04305,2025-05-02,1112,Electronics,Prepaid,296,3,0.199,0,4,1,20,0
R03983,2025-05-02,3313,Clothing,Prepaid,292,7,0.304,0,3,3,0,0
R05376,2025-05-02,1584,Home,COD,546,3,0.073,0,8,1,20,0
R02280,2025-05-02,948,Home,COD,750,9,0.175,0,2,1,0,1
R00312,2025-05-02,1903,Books,Prepaid,539,4,0.244,1,8,1,20,0
R01132,2025-05-02,362,Home,COD,581,6,0.307,0,10,1,50,1
R03193,2025-05-02,315,Clothing,COD,308,8,0.043,0,2,2,20,0
R02932,2025-05-02,2965,Clothing,Prepaid,434,7,0.214,0,1,1,5,0
R04879,2025-05-02,2281,Books,Prepaid,768,9,0.172,0,2,2,20,0
R05403,2025-05-02,3114,Home,Prepaid,580,9,0.019,0,8,2,0,0
R02817,2025-05-02,2260,Clothing,Prepaid,855,5,0.02,0,5,2,0,0
R01427,2025-05-02,1169,Clothing,COD,907,5,0.125,1,12,2,30,1
R01813,2025-05-02,958,Electronics,COD,91,8,0.511,0,6,1,0,1
R00641,2025-05-02,885,Clothing,Prepaid,417,4,0.139,0,7,3,20,0
R03375,2025-05-02,358,Clothing,COD,496,3,0.147,0,5,2,10,0
R00283,2025-05-02,908,Clothing,Prepaid,269,4,0.136,0,8,2,0,0
R05259,2025-05-02,1244,Beauty,COD,156,4,0.47,0,6,1,5,1
R02616,2025-05-02,1373,Clothing,COD,128,3,0.517,0,1,1,0,1
R05129,2025-05-03,1875,Home,Prepaid,386,4,0.147,0,1,1,0,0
R03767,2025-05-03,2172,Beauty,COD,179,8,0.316,1,5,2,0,0
R05848,2025-05-03,3156,Home,COD,599,7,0.217,0,10,1,20,0
R05124,2025-05-03,553,Clothing,Prepaid,849,13,0.349,0,11,1,30,0
R01668,2025-05-03,475,Electronics,COD,480,7,0.137,1,5,2,0,1
R03610,2025-05-03,1422,Clothing,Prepaid,823,5,0.029,0,2,1,20,0
R05518,2025-05-03,774,Clothing,COD,230,3,0.147,0,1,1,0,0
R03390,2025-05-03,3568,Clothing,Prepaid,879,9,0.042,0,5,2,0,0
R00049,2025-05-03,930,Books,Prepaid,178,6,0.18,0,9,1,10,0
R05536,2025-05-03,2143,Clothing,Prepaid,227,6,0.443,0,9,1,20,1
R01329,2025-05-03,4498,Beauty,COD,834,6,0.276,0,9,2,0,0
R01424,2025-05-03,1350,Clothing,COD,416,3,0.088,0,2,2,20,0
R01327,2025-05-03,1009,Clothing,COD,295,9,0.709,0,11,1,0,1
R02112,2025-05-03,155,Home,Prepaid,159,8,0.019,0,6,1,0,0
R01298,2025-05-03,3108,Home,COD,165,5,0.178,0,1,3,10,0
R02468,2025-05-03,1019,Clothing,COD,397,7,0.261,0,5,1,0,1
R03233,2025-05-03,1179,Beauty,COD,98,3,0.245,0,1,3,5,0
R01274,2025-05-03,1096,Beauty,COD,775,4,0.119,0,12,4,20,1
R03519,2025-05-03,834,Clothing,COD,885,11,0.105,1,8,1,5,0
R03206,2025-05-03,3245,Home,Prepaid,210,7,0.397,0,12,4,30,0
R05598,2025-05-03,1318,Home,COD,106,5,0.491,0,5,1,5,0
R04201,2025-05-03,4887,Electronics,Prepaid,69,8,0.23,0,8,1,20,0
R01071,2025-05-03,273,Electronics,Prepaid,224,8,0.239,0,7,2,10,0
R00257,2025-05-03,3495,Clothing,Prepaid,215,9,0.016,1,9,2,0,0
R02438,2025-05-03,4909,Clothing,COD,281,5,0.229,0,11,1,0,0
R00711,2025-05-03,8771,Beauty,Prepaid,184,7,0.134,1,3,1,0,0
R04170,2025-05-03,672,Clothing,COD,691,6,0.063,0,2,3,0,0
R04999,2025-05-03,525,Clothing,COD,268,11,0.123,0,5,1,0,0
R05644,2025-05-03,483,Clothing,Prepaid,635,4,0.111,0,5,1,0,0
R02034,2025-05-03,656,Electronics,Prepaid,704,5,0.159,1,6,2,30,0
R05643,2025-05-03,884,Clothing,Prepaid,202,5,0.441,0,2,2,0,0
R03813,2025-05-03,2561,Clothing,COD,708,4,0.155,0,8,1,10,1
R04924,2025-05-03,3372,Home,Prepaid,670,10,0.284,0,8,1,20,0
R00416,2025-05-03,771,Clothing,Prepaid,37,1,0.298,0,1,1,10,1
R03984,2025-05-03,3808,Beauty,Prepaid,141,8,0.055,0,10,1,0,0
R05854,2025-05-04,1227,Home,COD,761,11,0.317,0,4,2,0,1
R00191,2025-05-04,394,Clothing,Prepaid,42,2,0.076,0,3,1,10,0
R05955,2025-05-04,1305,Electronics,Prepaid,168,5,0.286,0,11,2,5,1
R05023,2025-05-04,1327,Books,Prepaid,746,7,0.28,0,6,1,0,1
R04166,2025-05-04,765,Electronics,Prepaid,175,2,0.282,0,2,1,10,0
R05670,2025-05-04,4202,Beauty,COD,611,5,0.351,0,12,1,30,0
R01510,2025-05-04,887,Clothing,Prepaid,186,5,0.054,0,1,1,0,0
R03719,2025-05-04,1444,Home,COD,604,7,0.246,0,10,1,5,0
R01780,2025-05-04,639,Home,Prepaid,591,3,0.258,0,11,4,30,0
R03829,2025-05-04,1653,Home,Prepaid,92,2,0.04,0,7,1,70,0
R02285,2025-05-04,3343,Clothing,Prepaid,575,5,0.608,0,6,1,5,0
R00550,2025-05-04,3262,Beauty,COD,587,4,0.074,0,4,1,0,0
R05723,2025-05-04,310,Home,Prepaid,672,5,0.21,0,12,2,10,0
R04822,2025-05-04,509,Home,Prepaid,304,8,0.124,0,4,2,10,0
R03612,2025-05-04,696,Clothing,COD,844,6,0.077,0,6,1,0,0
R01973,2025-05-04,166,Clothing,Prepaid,41,6,0.168,0,11,1,0,0
R02632,2025-05-04,634,Clothing,Prepaid,518,4,0.414,0,5,1,20,0
R00813,2025-05-04,4228,Home,Prepaid,301,4,0.219,0,5,1,50,0
R05919,2025-05-04,629,Beauty,Prepaid,253,8,0.252,0,10,2,50,1
R05004,2025-05-04,2582,Clothing,COD,174,9,0.203,0,10,1,20,0
R04443,2025-05-04,399,Home,COD,208,8,0.328,0,2,2,20,0
R03192,2025-05-04,1231,Clothing,COD,921,6,0.041,1,7,2,30,0
R00827,2025-05-04,417,Clothing,Prepaid,543,3,0.399,0,7,1,5,0
R00098,2025-05-04,6334,Electronics,COD,458,7,0.362,0,11,1,50,0
R00060,2025-05-04,2529,Clothing,Prepaid,138,3,0.106,0,11,4,5,0
R01703,2025-05-04,882,Electronics,COD,726,6,0.338,1,5,1,10,1
R01696,2025-05-04,1294,Home,COD,969,6,0.226,0,3,1,0,0
R02267,2025-05-04,277,Clothing,Prepaid,89,6,0.557,1,8,2,20,1
R01149,2025-05-05,774,Electronics,COD,274,4,0.081,0,12,1,20,0
R04672,2025-05-05,293,Clothing,Prepaid,971,11,0.076,0,4,3,10,0
R01547,2025-05-05,1784,Books,Prepaid,831,3,0.022,0,10,2,5,0
R04215,2025-05-05,3895,Beauty,Prepaid,552,8,0.11,0,7,2,5,0
R02718,2025-05-05,976,Books,Prepaid,755,3,0.212,0,6,1,20,0
R03576,2025-05-05,1362,Home,COD,496,6,0.032,0,4,2,5,0
R05402,2025-05-05,917,Clothing,COD,36,6,0.189,0,11,1,50,0
R00075,2025-05-05,270,Beauty,Prepaid,185,6,0.078,0,11,2,70,0
R04029,2025-05-05,1505,Home,COD,464,9,0.285,0,7,1,5,0
R04037,2025-05-05,2808,Clothing,Prepaid,706,7,0.22,0,11,1,70,0
R03588,2025-05-05,634,Books,Prepaid,1,4,0.267,0,11,2,0,0
R04013,2025-05-05,150,Clothing,Prepaid,49,5,0.012,0,12,2,0,0
R05574,2025-05-05,321,Electronics,COD,674,4,0.292,1,5,1,30,0
R03268,2025-05-05,264,Beauty,COD,187,5,0.184,0,6,2,0,1
R03573,2025-05-05,1361,Home,Prepaid,538,0,0.497,1,6,1,0,0
R04020,2025-05-05,434,Electronics,COD,16,3,0.039,0,10,1,10,0
R04732,2025-05-05,1558,Electronics,COD,456,6,0.075,0,12,1,5,0
R05323,2025-05-05,6295,Clothing,Prepaid,287,5,0.293,0,3,1,0,0
R01062,2025-05-05,1095,Home,Prepaid,101,4,0.167,1,10,1,5,1
R05913,2025-05-05,286,Home,Prepaid,997,4,0.288,0,3,1,30,0
R02136,2025-05-05,757,Electronics,Prepaid,134,5,0.467,0,12,1,10,0
R00615,2025-05-05,1202,Home,COD,929,5,0.152,0,6,2,0,1
R00587,2025-05-05,1413,Electronics,COD,138,9,0.215,0,1,1,20,0
R03797,2025-05-05,1489,Beauty,Prepaid,167,8,0.029,0,9,1,20,0
R05066,2025-05-05,3320,Clothing,Prepaid,208,6,0.035,0,1,1,10,0
R02256,2025-05-05,1916,Beauty,COD,217,5,0.098,0,8,1,10,0
R00636,2025-05-05,1845,Clothing,COD,118,8,0.202,0,12,1,70,1
R00788,2025-05-05,1334,Clothing,COD,724,10,0.303,0,1,1,0,0
R05112,2025-05-06,2405,Clothing,COD,575,7,0.258,1,9,1,70,0
R05626,2025-05-06,155,Clothing,COD,267,1,0.265,0,9,1,10,0
R04591,2025-05-06,325,Electronics,COD,233,7,0.182,0,7,2,20,0
R01614,2025-05-06,1448,Electronics,COD,186,6,0.072,1,6,1,20,1
R00666,2025-05-06,1090,Electronics,Prepaid,92,7,0.154,0,8,1,20,1
R03976,2025-05-06,2017,Clothing,COD,521,10,0.264,0,10,3,0,1
R00422,2025-05-06,529,Electronics,COD,695,6,0.052,0,7,2,10,0
R05572,2025-05-06,389,Books,COD,638,6,0.353,0,1,1,5,0
R04571,2025-05-06,1187,Home,COD,518,3,0.272,0,5,2,0,0
R00941,2025-05-06,2024,Clothing,Prepaid,300,4,0.198,0,8,2,20,0
R03877,2025-05-06,764,Clothing,Prepaid,844,5,0.436,0,5,1,0,0
R03608,2025-05-06,1337,Clothing,Prepaid,819,7,0.166,1,10,1,0,0
R04856,2025-05-06,593,Beauty,Prepaid,47,7,0.147,0,5,1,20,0
R04501,2025-05-06,4648,Electronics,Prepaid,113,7,0.338,0,9,5,5,0
R04760,2025-05-06,360,Home,COD,874,12,0.116,0,3,1,0,0
R04805,2025-05-06,3068,Clothing,Prepaid,941,0,0.093,0,11,2,30,0
R04887,2025-05-06,800,Clothing,Prepaid,560,8,0.322,0,11,2,0,1
R05357,2025-05-06,4500,Home,COD,214,1,0.124,0,12,4,20,0
R02517,2025-05-06,643,Clothing,Prepaid,169,3,0.155,0,9,1,0,0
R01183,2025-05-06,418,Home,COD,749,10,0.555,0,1,1,10,0
R04683,2025-05-07,1302,Electronics,COD,953,5,0.334,1,11,1,10,0
R01348,2025-05-07,466,Beauty,Prepaid,32,5,0.127,1,4,3,30,1
R04745,2025-05-07,1000,Beauty,Prepaid,717,4,0.16,0,2,2,20,0
R02375,2025-05-07,2037,Home,COD,59,8,0.545,0,7,1,5,0
R02501,2025-05-07,1257,Clothing,Prepaid,962,5,0.25,0,4,1,30,0
R00043,2025-05-07,2616,Beauty,COD,824,11,0.235,0,7,1,5,0
R00875,2025-05-07,2846,Books,COD,259,5,0.234,0,5,1,0,0
R02120,2025-05-07,7163,Electronics,Prepaid,412,7,0.401,0,7,1,0,1
R04870,2025-05-07,1230,Home,Prepaid,252,6,0.318,0,8,1,20,0
R05860,2025-05-07,1059,Clothing,Prepaid,688,8,0.385,0,7,1,50,0
R00932,2025-05-07,1782,Home,Prepaid,539,4,0.209,0,8,2,20,0
R02141,2025-05-07,1225,Home,COD,167,9,0.239,0,12,1,10,0
R05516,2025-05-07,1254,Home,Prepaid,924,9,0.244,0,1,2,30,1
R02075,2025-05-07,1497,Books,Prepaid,125,5,0.151,0,4,2,10,0
R04522,2025-05-07,854,Electronics,Prepaid,388,4,0.565,0,3,2,0,0
R05269,2025-05-07,1413,Home,Prepaid,31,5,0.192,0,9,1,10,0
R03221,2025-05-07,877,Electronics,Prepaid,710,3,0.118,0,1,3,0,1
R00175,2025-05-07,2359,Home,Prepaid,523,10,0.284,1,2,1,70,1
R03105,2025-05-07,624,Electronics,Prepaid,413,9,0.043,0,1,1,20,0
R02181,2025-05-07,323,Home,COD,532,6,0.4,0,7,3,5,0
R02211,2025-05-07,3627,Electronics,Prepaid,123,2,0.237,1,9,2,10,0
R00204,2025-05-07,304,Home,COD,256,5,0.151,1,8,2,30,1
R00008,2025-05-07,893,Clothing,Prepaid,515,6,0.477,0,9,1,30,0
R01472,2025-05-07,2108,Clothing,Prepaid,739,5,0.413,1,5,1,0,0
R00086,2025-05-07,895,Clothing,COD,757,4,0.063,0,5,2,5,0
R05154,2025-05-07,1102,Beauty,COD,521,6,0.35,0,9,2,0,0
R04493,2025-05-07,891,Beauty,Prepaid,775,7,0.057,0,2,1,0,0
R01303,2025-05-07,2484,Books,Prepaid,161,10,0.1,0,10,1,0,0
R00184,2025-05-07,855,Clothing,Prepaid,417,7,0.187,0,11,2,10,0
R01733,2025-05-07,2052,Electronics,Prepaid,521,5,0.188,0,11,1,10,0
R00866,2025-05-07,2201,Clothing,COD,85,7,0.261,0,5,2,10,0
R00110,2025-05-08,3787,Books,COD,1,3,0.338,0,12,2,10,0
R05029,2025-05-08,764,Books,Prepaid,721,7,0.196,0,4,1,10,0
R00223,2025-05-08,1005,Beauty,COD,998,7,0.393,0,4,4,20,0
R05207,2025-05-08,881,Electronics,Prepaid,957,0,0.198,0,12,2,0,0
R05822,2025-05-08,764,Electronics,Prepaid,24,3,0.195,0,11,2,0,0
R05478,2025-05-08,736,Electronics,Prepaid,452,5,0.138,0,5,2,0,0
R02707,2025-05-08,983,Books,Prepaid,812,4,0.304,0,9,4,20,0
R05779,2025-05-08,1597,Beauty,Prepaid,171,8,0.147,0,4,2,20,0
R02774,2025-05-08,353,Electronics,Prepaid,15,8,0.071,0,2,1,20,0
R01539,2025-05-08,2512,Clothing,Prepaid,428,3,0.307,0,7,3,10,0
R03933,2025-05-08,1032,Home,Prepaid,870,5,0.212,1,3,2,0,0
R01064,2025-05-08,835,Home,COD,87,4,0.05,0,8,2,0,0
R03557,2025-05-08,1637,Beauty,COD,242,3,0.335,1,8,1,5,0
R04567,2025-05-08,2883,Clothing,COD,982,8,0.212,1,5,2,5,0
R04568,2025-05-08,2339,Home,COD,775,3,0.213,0,4,2,10,0
R01041,2025-05-08,583,Electronics,COD,489,3,0.517,0,9,2,5,0
R04533,2025-05-08,1037,Electronics,COD,41,3,0.202,0,6,1,5,0
R03005,2025-05-08,1152,Clothing,COD,967,3,0.21,0,4,2,0,0
R03065,2025-05-08,394,Clothing,COD,623,7,0.102,0,2,1,0,0
R04157,2025-05-08,974,Beauty,COD,8,4,0.309,0,5,3,5,1
R03068,2025-05-08,1870,Clothing,Prepaid,675,13,0.118,0,1,1,10,0
R02842,2025-05-08,304,Clothing,Prepaid,237,4,0.368,0,11,1,30,0
R01595,2025-05-08,824,Clothing,Prepaid,969,6,0.151,1,11,1,5,0
R04454,2025-05-08,1493,Home,Prepaid,438,7,0.349,0,4,1,10,0
R00982,2025-05-08,2498,Electronics,COD,741,7,0.18,0,2,1,0,0
R01194,2025-05-08,383,Beauty,Prepaid,793,4,0.011,0,2,1,0,1
R02155,2025-05-08,539,Clothing,COD,159,8,0.198,0,2,1,10,1
R05463,2025-05-09,11364,Home,Prepaid,745,1,0.126,1,5,1,50,0
R00892,2025-05-09,1612,Home,Prepaid,28,5,0.272,0,5,1,30,0
R03681,2025-05-09,986,Home,Prepaid,42,3,0.077,0,11,2,5,0
R03446,2025-05-09,3626,Clothing,COD,767,5,0.207,0,9,1,50,1
R01317,2025-05-09,447,Books,COD,672,9,0.308,0,11,2,10,0
R01894,2025-05-09,905,Clothing,Prepaid,402,8,0.175,0,6,1,20,0
R02408,2025-05-09,983,Clothing,COD,151,1,0.357,0,5,1,0,0
R04519,2025-05-09,353,Electronics,COD,774,7,0.058,0,11,1,5,0
R04695,2025-05-09,1584,Clothing,COD,629,3,0.226,0,3,3,10,0
R02245,2025-05-09,861,Electronics,Prepaid,547,7,0.177,0,5,1,0,0
R05875,2025-05-09,1190,Clothing,COD,736,5,0.142,0,12,1,30,0
R04212,2025-05-09,2144,Beauty,COD,23,7,0.15,0,5,1,0,0
R05840,2025-05-09,1486,Home,COD,559,6,0.227,0,4,2,0,0
R05956,2025-05-09,2032,Electronics,COD,829,5,0.05,0,6,1,20,0
R04584,2025-05-09,1304,Beauty,Prepaid,520,6,0.04,0,3,1,5,0
R01045,2025-05-09,5171,Electronics,COD,375,5,0.17,0,2,1,0,1
R04575,2025-05-09,3365,Clothing,Prepaid,564,6,0.557,0,6,1,5,0
R01077,2025-05-09,1582,Home,Prepaid,147,4,0.057,1,11,2,5,0
R04555,2025-05-09,1977,Home,Prepaid,623,5,0.165,0,5,1,5,0
R03931,2025-05-09,2793,Clothing,Prepaid,39,5,0.289,1,2,2,50,0
R00541,2025-05-09,439,Beauty,Prepaid,439,2,0.177,0,6,1,5,0
R03050,2025-05-09,1434,Electronics,Prepaid,409,5,0.078,0,7,2,0,0
R00906,2025-05-09,1000,Home,Prepaid,885,9,0.1,0,9,1,0,0
R03135,2025-05-09,1220,Clothing,Prepaid,657,10,0.03,0,10,3,5,0
R01600,2025-05-09,2596,Electronics,Prepaid,980,3,0.416,0,5,3,0,0
R02820,2025-05-09,819,Electronics,Prepaid,627,10,0.044,0,11,3,0,0
R03490,2025-05-09,4513,Books,COD,104,3,0.162,0,2,2,10,0
R05410,2025-05-09,2464,Home,Prepaid,492,12,0.303,0,2,2,0,0
R01522,2025-05-09,1169,Electronics,Prepaid,478,2,0.043,0,4,1,70,0
R03870,2025-05-09,1664,Home,COD,372,7,0.366,0,6,1,50,1
R03856,2025-05-09,822,Clothing,Prepaid,163,7,0.149,0,10,1,0,0
R05583,2025-05-09,488,Electronics,Prepaid,857,7,0.136,0,4,1,0,0
R02799,2025-05-09,765,Home,COD,819,5,0.264,0,2,3,5,0
R01332,2025-05-10,458,Books,Prepaid,777,3,0.141,0,2,1,0,0
R00177,2025-05-10,715,Beauty,Prepaid,987,4,0.621,0,10,1,5,0
R02131,2025-05-10,231,Clothing,COD,113,3,0.397,0,11,2,0,0
R00212,2025-05-10,1084,Home,COD,846,5,0.496,0,5,3,0,0
R04414,2025-05-10,2290,Home,COD,11,4,0.104,1,4,2,20,1
R04287,2025-05-10,1438,Beauty,Prepaid,800,7,0.187,0,5,1,30,0
R04165,2025-05-10,792,Books,COD,727,11,0.06,0,3,1,10,0
R02981,2025-05-10,1863,Electronics,Prepaid,384,8,0.023,0,5,1,0,0
R01675,2025-05-10,1356,Home,Prepaid,384,5,0.092,0,1,1,0,0
R05958,2025-05-10,628,Home,COD,285,7,0.13,0,1,2,20,0
R03151,2025-05-10,454,Beauty,COD,255,11,0.333,0,3,2,5,1
R02941,2025-05-10,5519,Home,Prepaid,628,11,0.118,0,10,2,5,0
R03554,2025-05-10,835,Clothing,Prepaid,643,4,0.059,1,9,3,70,0
R02295,2025-05-10,1423,Beauty,Prepaid,245,8,0.33,0,12,3,0,0
R00015,2025-05-10,593,Clothing,Prepaid,528,3,0.374,0,3,4,50,0
R05867,2025-05-10,1364,Clothing,COD,537,8,0.112,0,7,2,0,1
R05575,2025-05-10,617,Books,Prepaid,44,3,0.008,0,4,3,5,0
R04178,2025-05-10,4678,Books,COD,31,3,0.709,0,8,1,10,0
R04419,2025-05-10,2823,Electronics,COD,881,7,0.186,0,3,1,0,0
R00430,2025-05-10,780,Beauty,Prepaid,806,6,0.387,0,5,3,10,0
R01197,2025-05-10,2151,Clothing,COD,128,13,0.016,1,8,2,5,1
R05009,2025-05-10,1418,Beauty,Prepaid,704,5,0.042,0,9,2,30,0
R05281,2025-05-10,3457,Electronics,Prepaid,276,3,0.157,0,12,1,0,0
R03907,2025-05-10,855,Beauty,Prepaid,993,6,0.205,0,8,2,30,0
R04214,2025-05-10,697,Home,COD,619,7,0.056,0,2,1,50,0
R01276,2025-05-10,902,Clothing,COD,803,4,0.389,0,2,2,20,0
R05967,2025-05-10,528,Electronics,Prepaid,881,8,0.153,1,10,1,20,0
R02055,2025-05-10,1681,Beauty,COD,801,7,0.105,0,7,1,30,0
R05253,2025-05-10,1003,Home,Prepaid,891,7,0.482,1,5,2,70,1
R05282,2025-05-10,617,Home,COD,965,11,0.281,1,4,1,30,0
R00774,2025-05-10,570,Beauty,Prepaid,321,5,0.034,1,3,2,30,0
R02353,2025-05-10,3159,Home,COD,801,9,0.232,1,6,3,5,0
R03093,2025-05-11,2584,Home,COD,442,6,0.177,0,7,1,20,0
R00697,2025-05-11,582,Clothing,Prepaid,901,3,0.447,0,7,1,0,0
R04386,2025-05-11,543,Beauty,COD,827,10,0.089,0,10,1,20,0
R04421,2025-05-11,646,Clothing,COD,964,9,0.174,0,2,2,5,0
R01641,2025-05-11,1171,Clothing,Prepaid,458,11,0.092,1,2,1,0,0
R00681,2025-05-11,196,Home,Prepaid,159,3,0.671,1,4,1,0,1
R02938,2025-05-11,382,Electronics,Prepaid,703,7,0.044,0,3,4,5,0
R02969,2025-05-11,259,Home,Prepaid,838,7,0.338,0,10,1,30,0
R02985,2025-05-11,2667,Home,COD,273,7,0.156,0,1,1,10,0
R00461,2025-05-11,1387,Electronics,Prepaid,44,3,0.213,0,1,1,0,0
R02019,2025-05-11,839,Home,COD,266,6,0.212,0,6,1,10,0
R02598,2025-05-11,884,Electronics,Prepaid,223,4,0.032,0,3,2,10,0
R00793,2025-05-11,1446,Clothing,COD,737,8,0.324,0,3,1,0,0
R01903,2025-05-11,2942,Clothing,COD,86,12,0.457,0,3,2,10,1
R02793,2025-05-11,1891,Clothing,Prepaid,370,6,0.132,0,9,1,30,0
R02064,2025-05-11,780,Clothing,COD,176,7,0.421,0,6,1,20,0
R00174,2025-05-11,325,Books,COD,408,8,0.519,0,9,1,10,0
R04538,2025-05-11,720,Beauty,Prepaid,170,6,0.2,0,5,2,20,0
R05167,2025-05-11,1571,Home,Prepaid,891,5,0.064,0,1,1,10,0
R01750,2025-05-11,167,Clothing,COD,60,7,0.277,0,4,1,0,0
R04690,2025-05-11,2476,Electronics,COD,302,8,0.079,1,2,1,5,0
R01119,2025-05-11,2701,Clothing,Prepaid,104,7,0.249,0,12,1,30,0
R05699,2025-05-11,1978,Clothing,Prepaid,506,7,0.579,0,9,1,5,0
R03731,2025-05-11,2614,Beauty,Prepaid,844,6,0.368,0,12,1,0,0
R03939,2025-05-11,2699,Clothing,Prepaid,538,4,0.36,0,12,1,10,0
R03400,2025-05-11,860,Beauty,Prepaid,747,5,0.18,0,12,1,20,0
R04864,2025-05-11,2048,Electronics,COD,300,4,0.433,0,5,1,5,1
R04904,2025-05-11,1965,Home,Prepaid,849,5,0.071,0,12,2,5,0
R00236,2025-05-11,1431,Clothing,COD,493,5,0.154,1,10,1,0,0
R00225,2025-05-11,1048,Clothing,COD,927,3,0.171,0,3,1,0,0
R01208,2025-05-11,392,Clothing,COD,948,6,0.177,0,12,2,30,0
R04946,2025-05-11,2138,Clothing,Prepaid,740,6,0.224,0,10,2,20,0
R00727,2025-05-11,1819,Books,COD,953,5,0.355,0,8,1,30,0
R00395,2025-05-11,669,Beauty,Prepaid,419,5,0.067,0,5,3,0,0
R03641,2025-05-11,3344,Clothing,Prepaid,301,6,0.302,0,8,1,0,0
R00731,2025-05-12,904,Books,COD,28,4,0.196,0,10,1,0,0
R04852,2025-05-12,769,Beauty,Prepaid,764,5,0.109,0,11,2,30,0
R02268,2025-05-12,284,Beauty,Prepaid,764,6,0.378,1,4,1,5,0
R00318,2025-05-12,2542,Clothing,COD,208,1,0.091,0,7,2,30,0
R05135,2025-05-12,1110,Clothing,Prepaid,866,5,0.127,0,6,2,0,1
R03836,2025-05-12,1057,Clothing,COD,198,6,0.071,0,8,2,20,1
R02018,2025-05-12,1066,Electronics,COD,233,6,0.084,0,5,2,30,1
R04594,2025-05-12,1462,Beauty,COD,272,9,0.142,1,2,2,30,0
R04141,2025-05-12,2793,Electronics,Prepaid,237,6,0.236,0,3,1,30,0
R02859,2025-05-12,1054,Electronics,Prepaid,342,6,0.697,0,3,1,10,0
R03715,2025-05-12,1008,Home,COD,574,5,0.047,0,9,2,20,0
R04121,2025-05-12,2432,Electronics,COD,64,8,0.295,0,12,3,10,0
R01137,2025-05-12,150,Electronics,Prepaid,516,12,0.194,1,8,3,10,0
R03047,2025-05-12,1985,Electronics,Prepaid,397,3,0.208,0,1,2,5,0
R03245,2025-05-12,3775,Clothing,Prepaid,11,5,0.095,0,9,1,30,0
R01598,2025-05-12,2291,Clothing,Prepaid,826,4,0.084,0,5,3,5,0
R00713,2025-05-12,976,Books,Prepaid,461,7,0.067,0,12,1,5,0
R02067,2025-05-12,875,Home,Prepaid,276,4,0.189,0,3,1,10,0
R01670,2025-05-12,1522,Clothing,COD,399,6,0.032,0,8,3,20,0
R01785,2025-05-12,1377,Books,Prepaid,658,8,0.304,1,9,1,50,1
R00676,2025-05-12,1220,Beauty,COD,596,2,0.068,0,1,1,0,0
R04941,2025-05-12,873,Clothing,Prepaid,747,10,0.504,0,9,1,20,0
R01879,2025-05-12,718,Electronics,COD,784,4,0.285,0,10,2,20,0
R03354,2025-05-12,2003,Electronics,Prepaid,962,4,0.249,0,9,1,20,0
R04686,2025-05-12,467,Beauty,COD,112,4,0.364,0,8,1,10,0
R02855,2025-05-12,830,Clothing,COD,917,6,0.163,1,10,2,70,1
R05504,2025-05-12,868,Home,Prepaid,294,2,0.272,0,3,2,0,0
R03953,2025-05-12,823,Clothing,COD,171,6,0.29,0,11,2,0,0
R02691,2025-05-13,771,Electronics,COD,694,3,0.077,1,9,2,5,0
R00737,2025-05-13,1757,Clothing,COD,543,9,0.077,0,9,1,0,1
R03473,2025-05-13,1068,Books,COD,65,12,0.348,0,11,2,5,0
R00886,2025-05-13,1092,Clothing,Prepaid,538,5,0.015,0,3,2,5,0
R04133,2025-05-13,502,Clothing,COD,23,8,0.013,0,7,2,5,0
R03031,2025-05-13,1855,Electronics,COD,433,7,0.284,0,2,2,20,0
R01349,2025-05-13,350,Electronics,COD,406,8,0.13,0,8,1,0,0
R03946,2025-05-13,594,Beauty,Prepaid,168,4,0.218,0,2,2,20,0
R02057,2025-05-13,6510,Electronics,COD,371,6,0.393,0,5,1,0,1
R03999,2025-05-13,1416,Beauty,Prepaid,463,4,0.319,0,6,1,30,0
R02573,2025-05-13,1010,Electronics,COD,496,6,0.254,0,2,1,20,0
R03958,2025-05-13,2759,Electronics,COD,241,12,0.173,0,8,3,5,0
R05616,2025-05-13,1769,Home,COD,545,4,0.097,0,6,2,50,0
R05191,2025-05-13,464,Home,COD,343,6,0.231,0,9,2,0,0
R01218,2025-05-13,1865,Clothing,COD,911,5,0.123,0,9,2,10,0
R05791,2025-05-13,1588,Beauty,Prepaid,342,9,0.431,0,1,2,5,0
R00760,2025-05-13,817,Clothing,COD,432,8,0.277,1,3,1,10,0
R01232,2025-05-13,1207,Clothing,Prepaid,250,11,0.235,1,2,1,70,0
R01573,2025-05-13,343,Clothing,COD,400,7,0.081,0,2,2,5,0
R05407,2025-05-13,2933,Clothing,COD,931,9,0.094,0,4,1,30,0
R03680,2025-05-13,686,Electronics,Prepaid,58,7,0.18,0,10,1,20,0
R03280,2025-05-13,3094,Clothing,Prepaid,370,3,0.164,0,2,1,0,0
R02400,2025-05-13,937,Clothing,Prepaid,720,7,0.132,0,9,1,0,0
R02087,2025-05-13,3603,Beauty,Prepaid,382,2,0.176,0,7,1,0,0
R03934,2025-05-13,643,Home,Prepaid,329,8,0.447,0,5,3,5,0
R04932,2025-05-13,1402,Electronics,Prepaid,884,3,0.155,0,1,3,20,0
R01033,2025-05-13,590,Home,Prepaid,880,1,0.193,1,2,2,5,0
R04600,2025-05-13,194,Home,Prepaid,303,4,0.566,0,5,2,30,1
R02709,2025-05-13,229,Clothing,Prepaid,800,4,0.156,0,1,2,10,1
R01724,2025-05-13,1914,Home,COD,473,4,0.24,1,2,3,0,0
R01009,2025-05-13,2130,Clothing,COD,880,9,0.296,0,5,2,5,0
R01714,2025-05-13,2679,Books,COD,27,5,0.126,0,5,1,0,1
R00317,2025-05-13,969,Home,Prepaid,725,6,0.023,0,2,2,70,1
R03851,2025-05-13,1366,Books,Prepaid,440,5,0.315,0,12,2,0,0
R04279,2025-05-13,1564,Home,COD,37,8,0.193,0,10,1,0,0
R02965,2025-05-13,2472,Home,COD,374,6,0.061,1,5,2,20,1
R05294,2025-05-13,1003,Clothing,Prepaid,1,5,0.298,0,9,1,0,0
R04445,2025-05-14,3797,Clothing,COD,56,8,0.176,0,12,2,0,0
R01591,2025-05-14,631,Clothing,COD,633,1,0.08,0,12,2,0,1
R01602,2025-05-14,1296,Books,Prepaid,540,6,0.132,1,10,3,70,0
R00739,2025-05-14,650,Beauty,Prepaid,984,3,0.073,0,4,1,50,0
R01002,2025-05-14,669,Electronics,Prepaid,51,7,0.064,0,12,2,50,0
R00557,2025-05-14,1111,Electronics,COD,731,8,0.138,1,9,3,5,1
R00215,2025-05-14,1926,Clothing,COD,289,3,0.32,0,11,1,20,0
R00432,2025-05-14,961,Electronics,COD,723,4,0.083,0,11,1,0,0
R00603,2025-05-14,1321,Electronics,Prepaid,779,6,0.086,0,8,1,10,0
R02344,2025-05-14,932,Home,COD,289,2,0.38,0,2,1,70,0
R03930,2025-05-14,1386,Books,Prepaid,357,9,0.372,0,4,2,0,0
R02058,2025-05-14,346,Electronics,COD,74,4,0.292,0,6,1,5,0
R05337,2025-05-14,5379,Beauty,COD,241,4,0.702,0,8,1,0,1
R04091,2025-05-14,3200,Electronics,COD,123,7,0.266,0,1,1,5,0
R04705,2025-05-14,1131,Electronics,COD,737,4,0.098,0,1,1,5,0
R04669,2025-05-14,495,Home,Prepaid,110,8,0.19,0,8,1,20,0
R05660,2025-05-14,604,Electronics,COD,884,9,0.282,0,7,2,10,0
R03014,2025-05-14,1280,Home,COD,540,5,0.306,0,12,1,50,1
R05372,2025-05-14,2003,Electronics,COD,241,2,0.02,1,12,2,0,0
R03195,2025-05-14,472,Clothing,COD,782,5,0.066,0,8,3,20,0
R05652,2025-05-14,1267,Books,COD,604,5,0.226,0,9,2,0,0
R04069,2025-05-14,1600,Electronics,COD,130,6,0.581,0,3,2,30,0
R01861,2025-05-14,346,Electronics,COD,662,1,0.04,0,12,2,0,0
R03650,2025-05-14,656,Clothing,COD,404,5,0.315,0,3,1,10,1
R01860,2025-05-14,1315,Clothing,Prepaid,843,3,0.253,0,6,4,10,0
R00757,2025-05-14,712,Clothing,Prepaid,766,3,0.005,1,8,4,0,0
R00662,2025-05-14,953,Books,Prepaid,127,5,0.025,0,11,1,0,0
R00377,2025-05-14,1175,Clothing,Prepaid,128,5,0.37,0,2,3,30,0
R04307,2025-05-14,587,Clothing,Prepaid,589,4,0.264,1,3,1,20,0
R03541,2025-05-14,1119,Beauty,COD,235,9,0.005,1,11,3,20,0
R03388,2025-05-14,463,Clothing,Prepaid,239,1,0.303,1,2,2,20,1
R01281,2025-05-14,999,Clothing,Prepaid,652,5,0.063,0,8,1,0,0
R05586,2025-05-14,906,Electronics,COD,354,7,0.404,0,8,1,5,0
R01449,2025-05-14,2090,Electronics,COD,115,9,0.163,0,6,1,0,0
R00471,2025-05-14,2890,Electronics,Prepaid,683,4,0.114,0,8,2,0,0
R00805,2025-05-14,1048,Clothing,COD,576,6,0.455,1,11,2,30,1
R03229,2025-05-14,1662,Electronics,Prepaid,135,7,0.248,0,8,1,0,0
R00013,2025-05-14,571,Beauty,Prepaid,116,3,0.291,0,6,3,20,1
R00631,2025-05-14,784,Clothing,Prepaid,125,3,0.136,0,9,3,20,0
R05873,2025-05-14,493,Clothing,Prepaid,54,7,0.314,0,12,1,5,0
R03267,2025-05-14,1511,Clothing,Prepaid,152,5,0.245,0,8,1,50,0
R01282,2025-05-14,1867,Electronics,Prepaid,457,2,0.335,0,3,2,30,1
R05358,2025-05-15,573,Clothing,Prepaid,591,5,0.438,0,12,2,0,0
R05965,2025-05-15,889,Electronics,Prepaid,245,4,0.04,1,9,1,0,0
R03362,2025-05-15,1824,Home,Prepaid,77,4,0.011,0,10,3,0,0
R01966,2025-05-15,625,Clothing,COD,794,4,0.083,1,11,1,10,0
R01394,2025-05-15,1470,Home,Prepaid,678,4,0.023,0,12,1,0,0
R03020,2025-05-15,1370,Books,COD,63,8,0.022,0,9,2,5,0
R04647,2025-05-15,1775,Clothing,Prepaid,209,7,0.172,0,11,2,0,0
R01513,2025-05-15,523,Beauty,COD,34,4,0.17,0,3,3,0,0
R00062,2025-05-15,399,Electronics,Prepaid,812,1,0.084,0,8,1,10,0
R03626,2025-05-15,1703,Books,Prepaid,912,6,0.273,1,4,2,0,0
R01036,2025-05-15,489,Electronics,Prepaid,175,8,0.298,0,5,2,0,0
R02125,2025-05-15,1978,Electronics,Prepaid,53,4,0.114,0,5,2,30,0
R04339,2025-05-15,1058,Clothing,Prepaid,992,2,0.106,0,11,1,30,0
R05375,2025-05-15,9366,Home,COD,714,4,0.286,0,10,1,10,0
R01742,2025-05-15,1970,Clothing,Prepaid,236,8,0.268,0,7,3,0,1
R05927,2025-05-15,1223,Beauty,Prepaid,10,3,0.119,0,8,2,30,0
R03494,2025-05-15,1496,Clothing,Prepaid,631,10,0.247,0,3,2,30,0
R02172,2025-05-15,945,Home,Prepaid,858,5,0.026,0,1,2,0,0
R01845,2025-05-15,1158,Electronics,COD,721,4,0.643,1,7,1,0,1
R03263,2025-05-15,1884,Clothing,Prepaid,34,2,0.55,0,2,1,0,0
R01139,2025-05-15,954,Home,COD,792,6,0.253,0,12,2,20,0
R00878,2025-05-15,984,Books,Prepaid,366,6,0.152,0,6,1,30,0
R05891,2025-05-15,883,Beauty,Prepaid,743,8,0.251,0,12,1,5,0
R01722,2025-05-15,1051,Electronics,COD,941,5,0.322,0,4,2,10,0
R03849,2025-05-15,428,Clothing,COD,306,3,0.233,0,11,1,5,0
R02115,2025-05-15,1588,Clothing,Prepaid,783,3,0.165,0,8,2,0,0
R04193,2025-05-15,1236,Electronics,COD,414,1,0.25,0,6,3,0,1
R05308,2025-05-15,325,Home,Prepaid,710,3,0.273,0,5,2,5,0
R02638,2025-05-15,701,Home,Prepaid,792,8,0.195,0,7,2,0,0
R00059,2025-05-15,1149,Clothing,COD,261,4,0.3,0,1,1,0,1
R05971,2025-05-15,1814,Beauty,Prepaid,250,4,0.474,0,1,1,10,0
R05452,2025-05-15,1279,Clothing,Prepaid,993,4,0.51,1,10,3,0,0
R02403,2025-05-16,1095,Electronics,COD,847,1,0.462,0,3,1,50,1
R02044,2025-05-16,2203,Electronics,COD,991,8,0.353,0,3,2,0,1
R04559,2025-05-16,1684,Beauty,Prepaid,697,4,0.174,0,10,3,5,0
R05146,2025-05-16,844,Home,Prepaid,491,9,0.309,0,9,1,30,0
R02352,2025-05-16,660,Beauty,COD,768,9,0.269,0,7,1,5,0
R00512,2025-05-16,1228,Home,COD,530,3,0.07,0,6,2,20,0
R03053,2025-05-16,681,Beauty,COD,477,3,0.452,0,6,1,10,0
R03457,2025-05-16,1810,Electronics,COD,299,3,0.153,1,5,1,0,1
R03466,2025-05-16,1071,Beauty,Prepaid,428,2,0.352,1,6,1,30,0
R00391,2025-05-16,1292,Clothing,Prepaid,955,4,0.094,0,5,1,0,0
R03252,2025-05-16,477,Clothing,COD,253,5,0.48,0,7,1,0,1
R03472,2025-05-16,4107,Home,COD,361,4,0.174,0,7,1,5,0
R02987,2025-05-16,308,Clothing,COD,227,6,0.009,0,9,2,0,0
R05126,2025-05-16,1325,Electronics,Prepaid,702,5,0.201,1,11,2,0,0
R03723,2025-05-16,374,Electronics,COD,610,7,0.05,0,4,1,20,0
R02043,2025-05-16,1630,Clothing,Prepaid,244,5,0.103,0,8,1,0,0
R02099,2025-05-16,2673,Beauty,COD,23,9,0.045,0,3,3,30,0
R04815,2025-05-16,1782,Electronics,Prepaid,18,5,0.222,0,5,1,0,0
R05718,2025-05-16,663,Clothing,Prepaid,303,4,0.135,0,1,1,0,0
R04997,2025-05-16,1105,Clothing,COD,603,10,0.037,0,2,1,0,0
R03028,2025-05-16,2906,Clothing,Prepaid,714,7,0.271,0,1,2,0,0
R02049,2025-05-16,5833,Clothing,COD,996,6,0.202,0,6,1,0,0
R03076,2025-05-16,2699,Electronics,Prepaid,521,4,0.052,1,5,1,30,0
R03768,2025-05-16,3596,Electronics,COD,967,6,0.392,0,6,1,20,0
R03167,2025-05-16,722,Home,Prepaid,902,6,0.388,0,9,2,0,0
R04778,2025-05-16,1610,Beauty,Prepaid,789,5,0.488,0,10,1,0,0
R02294,2025-05-16,1104,Home,Prepaid,366,6,0.259,0,8,1,70,0
R03366,2025-05-16,928,Electronics,Prepaid,29,8,0.51,0,6,3,10,0
R00895,2025-05-16,242,Books,Prepaid,451,8,0.1,0,5,3,10,0
R04845,2025-05-16,2089,Clothing,Prepaid,480,4,0.255,0,10,2,5,0
R03183,2025-05-16,561,Beauty,Prepaid,382,12,0.091,0,3,2,30,0
R02325,2025-05-16,655,Clothing,COD,261,9,0.143,0,4,2,10,0
R00463,2025-05-16,5283,Clothing,COD,990,5,0.344,0,7,1,20,0
R00360,2025-05-16,497,Home,COD,606,10,0.238,0,5,1,0,1
R03615,2025-05-16,1253,Books,COD,121,8,0.22,0,11,1,0,0
R04202,2025-05-16,3192,Electronics,COD,866,13,0.253,1,11,2,30,0
R04470,2025-05-16,1124,Home,COD,829,2,0.132,0,4,2,5,0
R05741,2025-05-16,1566,Clothing,Prepaid,968,6,0.186,1,8,1,20,0
R00378,2025-05-16,2466,Books,COD,884,5,0.009,0,8,2,0,0
R05523,2025-05-16,988,Books,COD,996,6,0.21,1,6,2,10,0
R01899,2025-05-16,514,Beauty,COD,542,7,0.546,0,7,2,5,0
R01984,2025-05-16,3836,Clothing,COD,756,5,0.308,0,2,2,5,0
R01234,2025-05-16,737,Beauty,COD,74,7,0.011,0,2,2,0,0
R03569,2025-05-17,713,Home,Prepaid,928,10,0.067,0,8,1,5,0
R04315,2025-05-17,314,Clothing,COD,519,5,0.093,0,3,4,10,0
R00493,2025-05-17,2572,Beauty,Prepaid,472,3,0.039,0,12,4,5,0
R04806,2025-05-17,320,Home,COD,333,8,0.221,0,11,2,70,1
R01378,2025-05-17,932,Clothing,COD,489,4,0.16,0,1,1,5,0
R04784,2025-05-17,1834,Clothing,COD,882,5,0.101,0,5,1,5,1
R05599,2025-05-17,3842,Electronics,Prepaid,214,5,0.327,0,3,3,10,0
R05999,2025-05-17,660,Books,COD,610,6,0.419,0,11,1,0,0
R04899,2025-05-17,997,Books,COD,960,6,0.336,0,4,1,50,0
R04546,2025-05-17,446,Clothing,Prepaid,728,7,0.004,0,11,4,50,1
R01065,2025-05-17,1782,Clothing,Prepaid,300,6,0.128,0,11,2,70,0
R01098,2025-05-17,775,Home,Prepaid,732,6,0.242,0,11,1,0,0
R05208,2025-05-17,285,Clothing,Prepaid,978,8,0.166,1,8,2,0,0
R04534,2025-05-17,487,Clothing,Prepaid,392,8,0.259,0,1,2,50,0
R03991,2025-05-17,2270,Clothing,Prepaid,344,5,0.31,0,9,1,10,0
R05550,2025-05-17,792,Home,COD,809,5,0.063,0,12,1,5,0
R03992,2025-05-17,686,Clothing,COD,450,0,0.053,0,9,1,30,0
R01667,2025-05-17,780,Beauty,COD,235,5,0.055,0,4,1,20,0
R03282,2025-05-17,2578,Clothing,Prepaid,381,7,0.048,0,9,3,30,0
R01073,2025-05-17,2939,Electronics,COD,286,5,0.137,0,3,2,50,0
R04880,2025-05-17,382,Books,COD,197,10,0.334,0,11,3,0,0
R02429,2025-05-17,1088,Books,COD,30,8,0.437,0,8,1,0,0
R01790,2025-05-17,1138,Home,COD,324,7,0.178,0,7,2,70,0
R02348,2025-05-17,395,Beauty,COD,816,10,0.158,0,12,1,0,0
R03096,2025-05-17,1440,Electronics,COD,742,8,0.027,0,1,2,50,1
R05641,2025-05-17,1413,Clothing,Prepaid,232,8,0.05,1,5,2,0,0
R02514,2025-05-17,1810,Clothing,COD,633,11,0.248,0,11,1,5,0
R04604,2025-05-17,327,Home,COD,623,7,0.08,1,1,3,20,0
R04065,2025-05-17,590,Electronics,COD,274,11,0.283,0,3,1,30,0
R02362,2025-05-17,1598,Clothing,Prepaid,875,6,0.455,0,7,2,5,0
R03708,2025-05-17,1743,Electronics,COD,878,10,0.116,0,11,1,0,0
R04264,2025-05-17,1312,Clothing,COD,832,8,0.149,0,8,1,0,0
R01995,2025-05-17,731,Home,Prepaid,276,4,0.113,1,6,1,20,0
R02503,2025-05-17,2604,Clothing,Prepaid,219,9,0.057,0,12,1,50,0
R03585,2025-05-17,726,Electronics,Prepaid,249,5,0.095,0,2,4,50,1
R02606,2025-05-17,1700,Electronics,COD,698,9,0.454,0,5,2,50,1
R00051,2025-05-18,3400,Beauty,COD,938,12,0.235,1,3,1,5,0
R04043,2025-05-18,685,Clothing,COD,709,4,0.197,0,2,1,20,0
R00234,2025-05-18,342,Clothing,Prepaid,196,7,0.18,0,1,2,5,0
R00042,2025-05-18,468,Books,COD,844,3,0.015,0,1,2,0,0
R02783,2025-05-18,1223,Electronics,Prepaid,476,11,0.053,0,1,1,70,0
R02365,2025-05-18,2447,Beauty,Prepaid,360,8,0.393,0,6,1,20,0
R01868,2025-05-18,504,Clothing,COD,722,7,0.354,0,10,1,0,1
R05284,2025-05-18,1207,Electronics,Prepaid,144,12,0.272,0,8,1,30,1
R05710,2025-05-18,1378,Electronics,Prepaid,538,5,0.089,0,12,1,50,0
R04629,2025-05-18,696,Clothing,Prepaid,743,4,0.111,0,2,1,10,0
R04337,2025-05-18,586,Home,COD,523,4,0.271,0,9,1,0,0
R03346,2025-05-18,1309,Home,COD,492,12,0.05,0,1,2,0,0
R03784,2025-05-18,5986,Clothing,Prepaid,66,5,0.352,0,1,2,5,0
R00247,2025-05-18,2530,Electronics,Prepaid,336,4,0.122,0,1,2,10,0
R03634,2025-05-18,376,Home,COD,160,6,0.069,0,2,2,20,0
R00014,2025-05-18,954,Home,COD,232,8,0.211,0,10,1,5,1
R05107,2025-05-18,642,Clothing,Prepaid,803,6,0.222,0,12,1,20,0
R03700,2025-05-18,271,Electronics,Prepaid,5,5,0.242,0,6,2,5,0
R04772,2025-05-18,2418,Clothing,COD,440,5,0.239,0,4,2,0,0
R04860,2025-05-18,651,Beauty,Prepaid,471,5,0.343,0,7,1,0,0
R01204,2025-05-18,2031,Home,Prepaid,629,3,0.164,0,9,4,5,0
R03048,2025-05-18,2305,Clothing,COD,331,13,0.337,1,1,1,20,1
R03133,2025-05-18,491,Home,COD,446,8,0.186,0,10,1,20,0
R05669,2025-05-18,509,Home,COD,325,4,0.278,0,8,3,50,0
R02605,2025-05-18,348,Electronics,COD,751,10,0.251,1,5,1,0,0
R01674,2025-05-18,473,Clothing,Prepaid,792,8,0.191,0,2,2,30,0
R01301,2025-05-18,776,Electronics,COD,675,7,0.413,1,12,2,10,0
R05689,2025-05-18,1241,Clothing,Prepaid,29,13,0.363,0,2,3,10,1
R04239,2025-05-18,782,Electronics,COD,427,9,0.53,0,3,1,30,0
R05571,2025-05-18,1559,Home,Prepaid,259,10,0.069,1,4,3,0,0
R02422,2025-05-18,1766,Electronics,COD,338,4,0.307,0,6,4,30,0
R05687,2025-05-18,634,Beauty,COD,387,2,0.126,0,2,1,30,0
R04846,2025-05-19,584,Clothing,COD,177,4,0.47,1,1,2,0,1
R00489,2025-05-19,763,Clothing,Prepaid,769,8,0.05,0,6,2,5,0
R03582,2025-05-19,1204,Home,COD,68,4,0.069,0,11,1,5,0
R00423,2025-05-19,1185,Home,Prepaid,376,9,0.342,0,8,2,0,0
R00657,2025-05-19,1644,Clothing,COD,296,8,0.344,0,6,1,50,0
R03906,2025-05-19,719,Beauty,Prepaid,363,7,0.428,0,9,1,10,0
R04349,2025-05-19,684,Clothing,Prepaid,993,7,0.165,0,2,1,5,0
R02174,2025-05-19,1013,Clothing,Prepaid,618,8,0.347,0,12,1,20,0
R04053,2025-05-19,961,Electronics,COD,631,8,0.019,0,1,2,50,0
R00089,2025-05-19,3353,Electronics,Prepaid,837,6,0.39,0,11,4,0,0
R04733,2025-05-19,1016,Clothing,COD,537,7,0.432,1,4,1,5,0
R00742,2025-05-19,962,Clothing,COD,773,10,0.06,1,10,1,70,1
R04278,2025-05-19,2974,Home,Prepaid,174,5,0.372,0,1,2,5,0
R04286,2025-05-19,1658,Books,Prepaid,72,5,0.174,1,2,3,0,1
R05182,2025-05-19,1630,Beauty,Prepaid,301,8,0.11,0,3,1,0,0
R05635,2025-05-19,1799,Clothing,COD,557,6,0.307,0,3,1,0,0
R03145,2025-05-19,1530,Home,COD,863,4,0.27,0,12,1,10,0
R04709,2025-05-19,564,Electronics,Prepaid,522,7,0.121,0,10,2,20,0
R02176,2025-05-19,1982,Clothing,Prepaid,570,5,0.052,0,12,2,30,0
R04289,2025-05-19,196,Home,Prepaid,441,8,0.083,0,1,1,20,0
R05698,2025-05-19,748,Electronics,Prepaid,144,5,0.373,1,12,2,0,1
R03112,2025-05-19,591,Electronics,COD,189,5,0.263,1,3,2,20,1
R05319,2025-05-19,1796,Clothing,Prepaid,668,7,0.476,0,11,1,10,0
R00207,2025-05-19,1156,Clothing,Prepaid,789,7,0.169,0,10,1,10,0
R02943,2025-05-19,3022,Clothing,COD,551,5,0.356,0,9,1,50,1
R04747,2025-05-19,1040,Electronics,Prepaid,260,3,0.3,0,11,2,50,0
R01671,2025-05-19,2470,Clothing,COD,515,3,0.147,0,5,1,50,0
R02107,2025-05-19,7989,Clothing,Prepaid,620,4,0.466,0,9,2,0,1
R02843,2025-05-19,475,Clothing,Prepaid,972,8,0.326,1,9,1,0,0
R04841,2025-05-19,2259,Beauty,COD,423,6,0.225,0,8,1,30,0
R05488,2025-05-19,1114,Clothing,Prepaid,520,4,0.371,0,6,1,50,0
R04080,2025-05-19,2001,Books,Prepaid,132,4,0.022,0,7,1,5,0
R03187,2025-05-19,3690,Home,COD,724,6,0.119,0,7,2,20,0
R01275,2025-05-19,1042,Clothing,COD,179,6,0.016,0,1,1,10,0
R04576,2025-05-19,2595,Books,Prepaid,696,2,0.398,0,7,1,5,0
R02937,2025-05-19,939,Clothing,Prepaid,334,9,0.268,0,4,3,0,1
R00714,2025-05-19,868,Beauty,Prepaid,785,6,0.389,0,10,1,20,0
R04636,2025-05-19,1839,Clothing,COD,376,5,0.137,0,3,1,0,0
R01134,2025-05-19,833,Electronics,Prepaid,351,4,0.388,1,6,1,5,0
R00128,2025-05-19,2315,Clothing,Prepaid,693,6,0.522,0,9,2,0,0
R02281,2025-05-19,2050,Books,COD,620,6,0.655,0,2,1,0,0
R03247,2025-05-19,1051,Books,Prepaid,886,4,0.046,0,3,2,0,0
R04423,2025-05-19,218,Clothing,Prepaid,477,5,0.505,0,5,1,20,0
R01822,2025-05-19,3783,Clothing,COD,813,6,0.041,0,2,1,20,0
R03226,2025-05-20,378,Clothing,COD,411,4,0.264,0,3,1,5,1
R01870,2025-05-20,1741,Home,Prepaid,123,8,0.047,0,7,1,50,0
R05228,2025-05-20,5429,Clothing,COD,552,8,0.054,0,12,1,5,0
R00911,2025-05-20,314,Electronics,COD,67,9,0.067,0,3,1,0,0
R03157,2025-05-20,644,Electronics,Prepaid,559,6,0.223,0,3,1,50,0
R03203,2025-05-20,150,Electronics,Prepaid,49,11,0.133,0,5,1,10,0
R04298,2025-05-20,2339,Clothing,COD,759,5,0.245,0,12,1,50,0
R05600,2025-05-20,491,Electronics,Prepaid,205,3,0.163,0,3,1,50,0
R04429,2025-05-20,2210,Home,COD,837,9,0.177,0,10,4,10,0
R01558,2025-05-20,1174,Home,COD,19,6,0.323,0,5,2,0,0
R00864,2025-05-20,1544,Electronics,Prepaid,627,7,0.481,0,9,2,5,0
R05005,2025-05-20,1146,Beauty,COD,148,7,0.266,0,10,1,0,0
R04306,2025-05-20,2374,Electronics,COD,969,8,0.075,0,11,1,30,1
R01825,2025-05-20,431,Electronics,COD,623,8,0.273,0,3,2,30,0
R03627,2025-05-20,2224,Home,Prepaid,89,6,0.336,0,10,2,20,0
R00645,2025-05-20,861,Clothing,Prepaid,4,7,0.076,0,8,1,0,0
R05497,2025-05-20,297,Clothing,Prepaid,392,3,0.218,0,12,1,5,0
R04504,2025-05-20,759,Electronics,COD,381,7,0.432,0,6,2,0,0
R04974,2025-05-20,613,Clothing,COD,202,7,0.078,0,9,1,30,0
R02922,2025-05-20,1263,Clothing,Prepaid,917,8,0.091,0,2,1,5,0
R03432,2025-05-20,933,Electronics,Prepaid,856,4,0.215,1,11,2,0,0
R05047,2025-05-20,1412,Home,Prepaid,622,4,0.216,0,10,2,10,0
R00173,2025-05-20,656,Home,COD,31,5,0.364,0,2,1,10,1
R00370,2025-05-20,357,Electronics,Prepaid,93,5,0.097,0,8,2,0,0
R01058,2025-05-20,862,Books,COD,868,7,0.014,0,7,2,30,0
R00320,2025-05-20,1054,Clothing,COD,832,6,0.119,0,5,2,5,0
R02121,2025-05-20,1930,Home,Prepaid,222,9,0.109,0,1,2,20,0
R03678,2025-05-20,504,Beauty,Prepaid,895,5,0.212,0,8,2,5,0
R01061,2025-05-20,1558,Books,Prepaid,799,5,0.159,0,12,1,5,0
R01148,2025-05-20,2431,Home,COD,897,7,0.149,0,5,1,10,0
R02995,2025-05-20,1321,Home,COD,727,10,0.512,0,7,2,30,0
R04083,2025-05-20,991,Beauty,COD,547,6,0.351,0,6,1,10,0
R03847,2025-05-20,1248,Clothing,COD,997,4,0.203,0,8,1,0,0
R01775,2025-05-20,906,Clothing,COD,895,4,0.086,0,8,2,10,0
R02575,2025-05-20,1846,Clothing,Prepaid,530,3,0.307,0,9,3,30,0
R01691,2025-05-20,2343,Electronics,Prepaid,85,4,0.076,0,7,3,0,0
R04915,2025-05-21,2077,Books,Prepaid,432,6,0.274,0,8,2,5,1
R03544,2025-05-21,518,Electronics,Prepaid,97,2,0.135,0,2,1,20,0
R01731,2025-05-21,3716,Clothing,Prepaid,506,6,0.158,0,4,1,50,0
R03387,2025-05-21,1031,Clothing,COD,489,5,0.223,0,10,1,0,0
R01242,2025-05-21,10307,Beauty,COD,320,11,0.605,0,12,1,10,0
R00002,2025-05-21,4498,Home,COD,355,7,0.35,0,10,2,10,0
R01914,2025-05-21,1499,Books,Prepaid,624,6,0.035,0,8,2,30,0
R02662,2025-05-21,13714,Clothing,COD,474,6,0.385,0,9,1,0,0
R00734,2025-05-21,961,Home,COD,262,3,0.04,0,7,2,50,0
R03001,2025-05-21,3021,Electronics,Prepaid,164,5,0.304,0,3,1,5,0
R02449,2025-05-21,2832,Electronics,Prepaid,848,3,0.099,0,12,1,10,0
R02447,2025-05-21,340,Beauty,Prepaid,360,5,0.209,1,11,1,0,0
R05841,2025-05-21,1840,Clothing,COD,764,13,0.469,1,9,1,0,0
R00210,2025-05-21,824,Clothing,Prepaid,507,4,0.136,1,3,1,0,0
R01611,2025-05-21,2390,Beauty,COD,729,8,0.468,0,6,1,0,0
R00602,2025-05-21,3012,Clothing,COD,602,5,0.065,0,1,2,0,0
R00815,2025-05-21,1063,Electronics,Prepaid,893,4,0.427,0,10,1,5,1
R03866,2025-05-21,592,Electronics,Prepaid,209,7,0.067,0,10,1,10,0
R01278,2025-05-21,1949,Beauty,Prepaid,838,9,0.307,0,4,1,0,0
R00402,2025-05-21,2179,Beauty,Prepaid,926,6,0.173,0,12,1,50,0
R03224,2025-05-21,1644,Clothing,Prepaid,528,13,0.498,0,9,2,0,0
R05495,2025-05-21,1528,Home,COD,836,5,0.227,0,12,3,0,0
R03223,2025-05-21,1320,Home,Prepaid,678,3,0.289,0,12,1,20,0
R01339,2025-05-21,2225,Electronics,COD,86,4,0.074,0,1,3,30,0
R02212,2025-05-21,330,Clothing,Prepaid,660,5,0.207,0,1,1,50,1
R05904,2025-05-21,429,Electronics,COD,752,0,0.453,0,5,2,70,0
R04276,2025-05-21,1757,Beauty,Prepaid,173,5,0.215,0,6,1,30,0
R00836,2025-05-21,296,Electronics,COD,738,6,0.164,0,2,2,5,0
R02096,2025-05-21,539,Electronics,Prepaid,0,10,0.21,0,9,3,0,1
R00050,2025-05-21,2785,Clothing,COD,830,7,0.379,0,11,1,5,0
R02320,2025-05-21,1796,Clothing,COD,69,7,0.234,0,2,1,0,0
R01469,2025-05-21,999,Books,Prepaid,967,5,0.175,0,3,2,10,0
R05019,2025-05-22,2742,Clothing,COD,25,3,0.162,0,7,2,0,0
R00112,2025-05-22,1295,Clothing,COD,789,7,0.148,0,9,1,10,0
R05074,2025-05-22,235,Electronics,Prepaid,377,8,0.038,0,7,1,5,0
R00107,2025-05-22,1705,Clothing,COD,931,10,0.072,0,11,2,20,0
R02603,2025-05-22,913,Beauty,COD,562,5,0.084,0,3,1,0,0
R04953,2025-05-22,2143,Beauty,Prepaid,381,2,0.052,1,10,2,0,0
R04225,2025-05-22,423,Home,Prepaid,687,3,0.206,0,6,1,30,0
R01212,2025-05-22,1186,Electronics,COD,892,6,0.214,1,1,1,20,0
R05371,2025-05-22,466,Electronics,Prepaid,913,9,0.098,0,11,1,5,0
R03429,2025-05-22,2017,Electronics,Prepaid,197,6,0.277,0,7,1,20,0
R03074,2025-05-22,2080,Clothing,COD,140,7,0.302,0,10,1,0,0
R00613,2025-05-22,1337,Home,Prepaid,777,6,0.12,0,2,3,20,0
R00766,2025-05-22,1802,Beauty,Prepaid,585,3,0.256,0,8,1,20,0
R01313,2025-05-22,4270,Clothing,Prepaid,380,8,0.122,0,2,2,50,0
R02858,2025-05-22,1635,Electronics,Prepaid,621,6,0.345,1,2,1,10,0
R05355,2025-05-22,608,Electronics,Prepaid,446,8,0.174,0,1,1,0,0
R03480,2025-05-22,2171,Electronics,Prepaid,199,9,0.414,0,9,2,10,0
R00025,2025-05-22,514,Clothing,Prepaid,251,4,0.305,0,6,1,30,0
R00160,2025-05-22,621,Clothing,COD,513,6,0.142,0,3,2,0,0
R02988,2025-05-22,1192,Electronics,COD,848,7,0.025,0,10,4,5,1
R01726,2025-05-22,6916,Clothing,Prepaid,881,6,0.222,0,7,1,0,0
R03565,2025-05-22,329,Electronics,COD,840,4,0.371,0,10,2,0,0
R00278,2025-05-22,760,Electronics,COD,127,7,0.276,0,1,1,0,0
R04072,2025-05-22,951,Clothing,COD,330,5,0.435,0,3,1,30,0
R00598,2025-05-22,4378,Beauty,COD,865,8,0.102,0,7,1,20,0
R00806,2025-05-22,323,Clothing,Prepaid,532,7,0.212,0,2,1,0,0
R01441,2025-05-22,959,Clothing,COD,499,7,0.094,1,6,1,5,0
R01498,2025-05-22,1376,Electronics,Prepaid,778,4,0.257,0,4,4,50,0
R05185,2025-05-22,843,Electronics,Prepaid,106,6,0.287,0,9,3,30,0
R01416,2025-05-22,903,Beauty,Prepaid,243,5,0.332,0,7,2,10,0
R00918,2025-05-22,1717,Electronics,COD,800,6,0.085,0,6,2,0,0
R03326,2025-05-22,364,Clothing,COD,483,3,0.304,0,8,1,50,0
R05492,2025-05-22,427,Books,Prepaid,468,7,0.421,0,2,1,20,0
R00690,2025-05-22,419,Electronics,COD,565,7,0.208,0,9,2,70,0
R03350,2025-05-22,601,Home,COD,666,4,0.451,0,11,1,0,0
R03055,2025-05-23,992,Clothing,Prepaid,845,4,0.175,0,10,1,0,0
R00476,2025-05-23,1956,Electronics,Prepaid,374,6,0.28,0,4,2,20,0
R05563,2025-05-23,1350,Beauty,Prepaid,701,12,0.048,0,2,1,0,0
R03382,2025-05-23,3174,Beauty,COD,151,2,0.364,0,8,2,5,1
R00106,2025-05-23,4620,Home,Prepaid,633,7,0.043,0,2,1,5,0
R04362,2025-05-23,4066,Beauty,COD,111,4,0.41,0,9,2,10,1
R05871,2025-05-23,3090,Electronics,Prepaid,584,5,0.064,0,11,1,30,0
R01430,2025-05-23,1565,Clothing,Prepaid,868,5,0.161,0,12,2,10,0
R02648,2025-05-23,1488,Clothing,COD,90,10,0.154,0,1,1,5,0
R00725,2025-05-23,2796,Beauty,Prepaid,565,4,0.1,0,3,2,0,0
R05454,2025-05-23,2725,Books,Prepaid,206,3,0.108,0,7,2,0,0
R03422,2025-05-23,1224,Electronics,COD,830,11,0.454,0,5,1,0,0
R03323,2025-05-23,1236,Beauty,COD,160,7,0.144,1,1,2,50,1
R05217,2025-05-23,1014,Beauty,Prepaid,984,7,0.015,0,8,1,20,0
R04613,2025-05-23,6709,Home,Prepaid,190,1,0.155,0,9,2,30,0
R04125,2025-05-23,465,Clothing,Prepaid,931,3,0.215,0,6,1,20,0
R00249,2025-05-23,1325,Beauty,Prepaid,784,7,0.222,0,6,2,0,0
R00990,2025-05-23,1947,Books,COD,283,4,0.29,0,4,2,10,0
R00955,2025-05-23,426,Clothing,Prepaid,545,6,0.097,0,11,1,10,0
R02284,2025-05-23,886,Electronics,COD,36,5,0.096,0,1,2,20,0
R05682,2025-05-23,2480,Home,Prepaid,225,5,0.217,0,3,1,10,0
R00213,2025-05-23,2088,Beauty,COD,160,5,0.208,0,2,1,70,0
R02009,2025-05-23,3033,Home,COD,786,6,0.145,0,10,1,0,0
R04084,2025-05-23,1894,Clothing,Prepaid,576,9,0.275,0,4,2,10,1
R00016,2025-05-23,935,Home,Prepaid,528,9,0.047,0,7,1,10,0
R03967,2025-05-23,1235,Electronics,Prepaid,507,7,0.175,0,2,2,20,0
R03915,2025-05-23,926,Beauty,COD,301,3,0.325,0,8,1,50,0
R03396,2025-05-24,835,Beauty,COD,673,6,0.087,0,1,1,70,0
R03130,2025-05-24,1666,Clothing,Prepaid,974,4,0.249,0,8,1,10,0
R02702,2025-05-24,639,Clothing,Prepaid,676,5,0.055,0,7,2,10,0
R03154,2025-05-24,642,Clothing,Prepaid,496,3,0.346,0,2,2,5,1
R04712,2025-05-24,799,Beauty,Prepaid,5,6,0.136,0,12,1,0,0
R02236,2025-05-24,1136,Home,Prepaid,663,8,0.08,0,10,4,5,0
R00639,2025-05-24,1523,Beauty,Prepaid,866,5,0.31,0,9,1,10,0
R02801,2025-05-24,772,Electronics,Prepaid,29,6,0.229,0,5,1,0,0
R01414,2025-05-24,3987,Clothing,Prepaid,426,4,0.123,1,5,1,5,1
R00135,2025-05-24,466,Home,COD,228,2,0.197,0,7,1,0,0
R00692,2025-05-24,2917,Home,COD,920,7,0.254,0,12,2,20,0
R02725,2025-05-24,1797,Beauty,COD,815,5,0.199,1,11,2,10,0
R01461,2025-05-24,1941,Electronics,Prepaid,514,2,0.41,0,9,2,5,0
R02809,2025-05-24,2494,Clothing,COD,516,2,0.04,0,4,1,0,0
R01617,2025-05-24,6470,Clothing,COD,841,8,0.37,0,10,4,0,1
R01980,2025-05-24,3746,Books,Prepaid,975,1,0.291,0,12,1,30,0
R04908,2025-05-24,800,Beauty,COD,943,3,0.251,1,3,2,0,0
R01133,2025-05-24,150,Electronics,Prepaid,635,7,0.118,0,7,2,0,0
R02671,2025-05-24,1512,Home,COD,758,8,0.161,0,5,1,10,0
R01254,2025-05-24,508,Electronics,COD,211,10,0.261,0,9,1,10,0
R00261,2025-05-24,1110,Clothing,Prepaid,896,8,0.113,0,4,5,50,1
R00745,2025-05-24,1048,Clothing,Prepaid,117,9,0.333,0,6,1,0,0
R04804,2025-05-24,1480,Electronics,Prepaid,604,3,0.044,0,8,1,5,0
R03483,2025-05-24,1309,Beauty,COD,721,5,0.237,1,6,1,20,0
R05982,2025-05-24,655,Home,Prepaid,799,4,0.104,0,5,1,0,0
R04516,2025-05-24,347,Electronics,Prepaid,358,1,0.148,0,1,2,20,0
R02547,2025-05-24,1922,Books,Prepaid,691,9,0.27,1,4,2,20,0
R00559,2025-05-24,1510,Home,Prepaid,816,7,0.054,1,5,2,0,0
R04099,2025-05-24,1580,Clothing,Prepaid,780,8,0.285,0,9,2,0,0
R01986,2025-05-24,590,Clothing,COD,317,8,0.157,0,2,2,30,0
R03385,2025-05-25,1943,Clothing,Prepaid,374,4,0.333,0,8,1,30,0
R05617,2025-05-25,343,Home,COD,765,5,0.522,0,1,1,5,0
R04909,2025-05-25,6284,Electronics,Prepaid,302,9,0.253,0,1,2,20,0
R03296,2025-05-25,913,Beauty,Prepaid,239,6,0.304,0,11,1,10,1
R04271,2025-05-25,687,Beauty,COD,533,1,0.182,0,1,1,5,0
R03571,2025-05-25,481,Home,Prepaid,826,4,0.139,1,6,1,0,0
R04005,2025-05-25,2669,Beauty,COD,709,7,0.101,1,6,1,30,0
R05896,2025-05-25,1938,Clothing,Prepaid,300,7,0.381,0,4,2,30,0
R00591,2025-05-25,1257,Beauty,Prepaid,973,8,0.604,0,6,3,0,1
R05473,2025-05-25,1446,Electronics,COD,887,4,0.2,0,12,2,5,1
R03564,2025-05-25,3224,Books,Prepaid,394,2,0.245,0,7,2,10,0
R03752,2025-05-25,1454,Clothing,COD,706,8,0.029,0,5,3,10,0
R04308,2025-05-25,1178,Beauty,COD,372,7,0.392,0,12,1,0,0
R05544,2025-05-25,828,Books,Prepaid,264,10,0.036,0,1,3,5,0
R00105,2025-05-25,433,Home,Prepaid,988,4,0.489,0,9,1,0,0
R01284,2025-05-25,430,Clothing,Prepaid,831,5,0.192,0,11,2,20,0
R00484,2025-05-25,1843,Home,Prepaid,835,3,0.207,0,11,1,10,0
R02206,2025-05-25,3197,Clothing,COD,693,7,0.261,0,12,1,0,0
R01012,2025-05-25,545,Clothing,Prepaid,171,8,0.057,0,3,1,20,0
R03393,2025-05-25,356,Clothing,Prepaid,544,7,0.149,0,9,2,5,0
R05512,2025-05-25,735,Electronics,Prepaid,222,8,0.2,0,7,1,50,1
R02257,2025-05-25,2396,Home,COD,868,8,0.324,0,6,1,5,0
R00716,2025-05-25,597,Beauty,Prepaid,369,2,0.102,0,3,1,10,0
R03481,2025-05-25,1667,Beauty,Prepaid,696,4,0.028,0,3,2,0,0
R00860,2025-05-25,846,Clothing,Prepaid,480,7,0.043,0,6,1,5,0
R05909,2025-05-25,3024,Electronics,COD,474,9,0.552,0,7,2,30,0
R05296,2025-05-25,3223,Electronics,Prepaid,348,9,0.099,1,4,1,20,1
R02902,2025-05-25,705,Clothing,COD,922,5,0.114,0,9,2,5,0
R02983,2025-05-25,495,Beauty,Prepaid,143,2,0.267,0,2,1,20,0
R01578,2025-05-25,522,Clothing,COD,805,8,0.124,0,7,1,10,0
R02899,2025-05-25,870,Electronics,COD,722,5,0.366,1,4,1,50,1
R00686,2025-05-25,1056,Clothing,COD,924,7,0.205,0,9,2,0,0
R01736,2025-05-25,923,Beauty,Prepaid,217,7,0.166,1,1,1,70,0
R04525,2025-05-25,2187,Clothing,COD,337,2,0.343,0,1,1,10,0
R01684,2025-05-25,1197,Home,Prepaid,529,7,0.082,0,5,1,0,0
R02005,2025-05-25,1533,Clothing,Prepaid,235,6,0.01,0,6,2,0,0
R05362,2025-05-25,291,Books,COD,440,4,0.114,0,1,2,50,0
R05922,2025-05-25,320,Beauty,Prepaid,356,10,0.333,0,1,2,50,1
R05155,2025-05-25,532,Home,COD,672,5,0.081,0,3,2,0,1
R04467,2025-05-25,654,Clothing,COD,460,6,0.178,0,10,1,5,0
R02567,2025-05-25,4261,Home,Prepaid,10,6,0.042,0,1,1,10,0
R02557,2025-05-25,4812,Clothing,COD,932,6,0.441,0,12,1,20,0
R02832,2025-05-25,281,Clothing,COD,429,6,0.075,0,7,1,10,1
R00071,2025-05-25,845,Clothing,COD,400,7,0.096,0,9,1,0,0
R03037,2025-05-26,1231,Books,Prepaid,401,6,0.092,0,11,2,5,0
R04753,2025-05-26,414,Books,Prepaid,200,11,0.269,0,4,1,0,0
R03057,2025-05-26,1519,Clothing,COD,600,3,0.077,0,10,1,20,0
R00852,2025-05-26,715,Clothing,Prepaid,766,3,0.186,0,1,2,30,0
R01260,2025-05-26,1102,Clothing,Prepaid,0,3,0.368,0,1,1,20,0
R01199,2025-05-26,3580,Clothing,Prepaid,509,3,0.179,0,2,2,0,0
R05332,2025-05-26,1375,Home,Prepaid,13,5,0.032,0,11,1,5,0
R00551,2025-05-26,908,Beauty,Prepaid,174,8,0.267,1,3,2,0,0
R04288,2025-05-26,1174,Clothing,Prepaid,355,2,0.113,0,7,1,10,0
R00103,2025-05-26,461,Books,Prepaid,358,6,0.18,0,12,1,0,0
R00596,2025-05-26,1238,Books,Prepaid,733,4,0.341,0,12,2,20,0
R04975,2025-05-26,1034,Beauty,COD,88,4,0.307,0,11,1,0,0
R01749,2025-05-26,1848,Beauty,COD,378,5,0.138,0,6,2,20,0
R04976,2025-05-26,746,Beauty,Prepaid,265,4,0.162,0,4,1,10,0
R03818,2025-05-26,898,Clothing,Prepaid,585,8,0.293,1,5,3,50,1
R03803,2025-05-26,583,Electronics,COD,461,6,0.357,1,1,2,10,1
R01087,2025-05-26,424,Electronics,Prepaid,632,8,0.104,0,10,1,10,0
R00428,2025-05-26,2544,Beauty,COD,161,9,0.049,0,8,3,5,1
R00092,2025-05-26,1478,Books,Prepaid,321,6,0.59,0,6,1,5,0
R02296,2025-05-26,1451,Home,Prepaid,293,6,0.126,0,8,2,20,0
R02545,2025-05-26,1043,Electronics,COD,66,7,0.416,1,7,1,0,1
R02535,2025-05-26,684,Beauty,COD,626,9,0.168,0,10,2,5,0
R05421,2025-05-26,958,Clothing,Prepaid,549,2,0.304,0,11,1,20,0
R05215,2025-05-26,680,Clothing,COD,925,4,0.094,1,6,1,5,0
R05393,2025-05-26,3234,Electronics,COD,756,9,0.099,0,9,1,70,0
R02497,2025-05-26,1112,Books,COD,752,6,0.084,0,1,1,5,0
R00654,2025-05-26,1003,Clothing,Prepaid,239,2,0.102,0,5,4,10,0
R04309,2025-05-26,1151,Clothing,COD,537,7,0.17,0,10,3,0,0
R04810,2025-05-26,891,Clothing,Prepaid,885,7,0.034,0,11,1,20,0
R02571,2025-05-26,1447,Clothing,Prepaid,294,7,0.152,1,5,1,5,0
R03300,2025-05-26,322,Books,COD,979,3,0.171,0,12,2,10,0
R00472,2025-05-26,150,Electronics,COD,257,3,0.099,0,1,1,0,0
R02093,2025-05-26,522,Electronics,Prepaid,648,6,0.011,0,9,1,0,0
R02532,2025-05-26,528,Beauty,COD,808,5,0.107,0,1,3,20,0
R01219,2025-05-27,993,Books,COD,243,8,0.315,0,7,2,5,0
R03198,2025-05-27,3953,Clothing,COD,511,2,0.354,0,4,2,0,1
R02935,2025-05-27,905,Clothing,Prepaid,122,4,0.089,0,12,1,5,0
R04206,2025-05-27,2733,Electronics,COD,841,5,0.442,1,11,1,0,0
R05444,2025-05-27,1769,Electronics,COD,275,4,0.386,0,12,1,50,1
R00336,2025-05-27,370,Electronics,Prepaid,849,7,0.16,1,10,1,0,0
R00291,2025-05-27,739,Electronics,COD,235,3,0.027,1,9,3,20,1
R05045,2025-05-27,1110,Books,Prepaid,609,4,0.116,0,4,1,30,0
R03833,2025-05-27,3059,Clothing,COD,907,8,0.096,0,7,1,10,0
R04054,2025-05-27,4566,Electronics,COD,510,9,0.072,1,9,1,5,0
R05079,2025-05-27,2080,Books,COD,586,1,0.286,1,6,1,0,0
R00837,2025-05-27,411,Home,COD,837,4,0.181,0,3,1,10,0
R02684,2025-05-27,782,Home,Prepaid,727,7,0.139,0,10,2,0,0
R03246,2025-05-27,227,Clothing,Prepaid,668,5,0.209,0,12,1,20,0
R03769,2025-05-27,1296,Beauty,Prepaid,106,6,0.057,0,10,2,5,0
R03713,2025-05-27,597,Clothing,Prepaid,7,1,0.029,0,2,1,0,0
R05589,2025-05-27,554,Electronics,Prepaid,790,8,0.359,0,2,1,0,0
R03868,2025-05-27,680,Clothing,Prepaid,573,8,0.29,0,3,2,70,0
R02161,2025-05-27,1224,Books,COD,882,7,0.138,0,10,1,20,0
R01334,2025-05-27,1368,Electronics,COD,646,4,0.215,0,7,2,0,0
R00227,2025-05-27,2022,Home,Prepaid,198,8,0.126,0,6,1,10,0
R02748,2025-05-27,1477,Books,COD,159,4,0.2,0,7,1,0,0
R03508,2025-05-27,1000,Clothing,Prepaid,138,7,0.062,0,5,1,10,0
R01001,2025-05-27,1112,Home,Prepaid,567,3,0.159,0,6,2,5,0
R03010,2025-05-27,1093,Beauty,Prepaid,306,9,0.153,0,3,1,0,0
R04392,2025-05-28,496,Clothing,Prepaid,742,5,0.175,0,2,1,0,1
R05121,2025-05-28,799,Electronics,Prepaid,834,6,0.147,0,10,2,5,0
R01965,2025-05-28,679,Clothing,Prepaid,991,6,0.179,0,4,2,0,0
R02196,2025-05-28,848,Books,Prepaid,813,2,0.12,0,12,2,10,0
R05539,2025-05-28,3282,Clothing,Prepaid,585,4,0.036,0,12,2,5,0
R04970,2025-05-28,1699,Clothing,Prepaid,717,4,0.089,0,10,1,5,0
R03078,2025-05-28,1276,Electronics,Prepaid,877,11,0.396,0,11,2,10,0
R02159,2025-05-28,1530,Electronics,COD,53,10,0.291,0,5,1,0,0
R00741,2025-05-28,1203,Clothing,Prepaid,402,5,0.473,0,11,1,30,0
R03401,2025-05-28,1266,Clothing,Prepaid,984,7,0.165,0,1,5,10,0
R05886,2025-05-28,1398,Clothing,Prepaid,143,6,0.146,1,5,2,5,1
R05408,2025-05-28,1051,Home,Prepaid,1,10,0.046,0,5,2,0,0
R05706,2025-05-28,224,Electronics,COD,442,8,0.116,0,5,1,0,0
R00514,2025-05-28,1794,Books,Prepaid,505,5,0.182,0,11,2,20,0
R01574,2025-05-28,4015,Electronics,COD,246,4,0.218,0,7,1,0,1
R01843,2025-05-28,1264,Clothing,COD,466,5,0.006,0,1,3,5,0
R01426,2025-05-28,629,Electronics,Prepaid,952,4,0.15,0,8,1,10,0
R03208,2025-05-28,787,Clothing,COD,836,7,0.17,0,2,2,5,0
R01535,2025-05-28,541,Electronics,COD,127,3,0.233,0,4,3,5,1
R00885,2025-05-28,712,Books,COD,951,8,0.381,0,6,4,10,0
R00166,2025-05-28,796,Home,COD,322,3,0.336,0,4,2,5,1
R05658,2025-05-28,885,Electronics,COD,113,7,0.126,0,7,1,10,0
R05306,2025-05-28,1207,Clothing,Prepaid,294,10,0.107,1,5,2,20,0
R01964,2025-05-29,927,Clothing,Prepaid,610,6,0.069,1,10,3,5,0
R02338,2025-05-29,1328,Home,Prepaid,228,6,0.418,1,1,2,0,0
R05238,2025-05-29,3192,Electronics,Prepaid,828,7,0.442,0,11,1,20,0
R00849,2025-05-29,220,Clothing,COD,135,12,0.26,0,6,1,10,0
R02372,2025-05-29,860,Books,COD,552,6,0.042,1,9,1,30,0
R02334,2025-05-29,5067,Clothing,COD,788,7,0.262,0,8,1,10,1
R00867,2025-05-29,9332,Home,COD,937,4,0.385,0,6,2,10,0
R01025,2025-05-29,4075,Beauty,COD,606,3,0.232,1,6,3,30,0
R02326,2025-05-29,604,Clothing,COD,651,4,0.008,0,12,1,5,0
R05224,2025-05-29,567,Books,Prepaid,265,4,0.283,0,11,2,20,0
R02288,2025-05-29,1363,Electronics,Prepaid,110,4,0.123,0,7,1,70,0
R02945,2025-05-29,3140,Clothing,COD,7,2,0.339,0,4,2,50,0
R05356,2025-05-29,507,Beauty,Prepaid,913,8,0.236,0,5,1,20,0
R05952,2025-05-29,2552,Electronics,Prepaid,228,3,0.247,0,12,1,30,0
R05833,2025-05-29,3714,Clothing,Prepaid,247,10,0.167,0,4,1,30,0
R02516,2025-05-29,1317,Books,COD,400,8,0.018,1,7,1,5,0
R03169,2025-05-29,213,Electronics,COD,375,8,0.271,0,12,1,5,1
R03364,2025-05-29,642,Clothing,Prepaid,469,6,0.051,0,4,1,20,0
R05394,2025-05-29,383,Home,Prepaid,889,4,0.243,1,9,1,0,0
R03082,2025-05-29,457,Clothing,Prepaid,938,5,0.265,0,3,3,30,0
R03455,2025-05-29,1820,Home,Prepaid,27,12,0.498,0,10,2,20,0
R02984,2025-05-29,1274,Clothing,COD,386,6,0.185,0,9,2,70,0
R01264,2025-05-29,625,Beauty,COD,746,6,0.497,0,9,1,0,0
R04374,2025-05-29,3231,Beauty,Prepaid,528,5,0.099,0,8,1,10,0
R05189,2025-05-29,213,Home,Prepaid,588,7,0.372,0,10,2,70,0
R01231,2025-05-29,2634,Books,Prepaid,407,8,0.18,0,12,2,0,0
R00028,2025-05-29,273,Beauty,Prepaid,212,7,0.314,0,2,2,50,1
R05984,2025-05-29,657,Beauty,Prepaid,256,7,0.248,1,9,1,10,0
R04998,2025-05-29,10015,Electronics,Prepaid,401,8,0.511,0,10,1,5,0
R05278,2025-05-29,1715,Beauty,COD,659,6,0.086,0,3,2,20,0
R00149,2025-05-29,595,Beauty,COD,314,5,0.073,0,10,2,0,0
R02873,2025-05-29,2796,Clothing,Prepaid,683,10,0.035,0,5,1,5,0
R05427,2025-05-30,5579,Beauty,COD,496,5,0.397,0,1,1,5,0
R01040,2025-05-30,726,Beauty,Prepaid,576,6,0.282,1,4,1,10,0
R05148,2025-05-30,2820,Clothing,Prepaid,534,7,0.193,0,1,1,20,0
R01923,2025-05-30,150,Clothing,Prepaid,911,6,0.131,0,12,2,10,0
R00524,2025-05-30,3165,Electronics,Prepaid,407,7,0.033,0,2,1,5,0
R01587,2025-05-30,783,Electronics,Prepaid,908,7,0.219,0,12,5,5,0
R05668,2025-05-30,631,Home,Prepaid,257,9,0.065,0,8,2,10,0
R00794,2025-05-30,3915,Clothing,COD,81,7,0.342,0,7,1,0,0
R01603,2025-05-30,1482,Books,Prepaid,153,7,0.569,1,6,2,20,1
R05283,2025-05-30,834,Electronics,Prepaid,267,8,0.158,1,9,1,0,1
R00433,2025-05-30,371,Books,Prepaid,204,4,0.234,0,7,2,0,0
R05291,2025-05-30,2017,Beauty,Prepaid,529,8,0.112,0,7,1,0,0
R00038,2025-05-30,1491,Clothing,Prepaid,424,4,0.349,1,11,2,5,1
R02081,2025-05-30,1960,Clothing,Prepaid,163,2,0.232,0,9,1,0,0
R01987,2025-05-30,706,Home,COD,843,5,0.193,1,11,1,0,0
R02424,2025-05-30,830,Clothing,COD,678,7,0.218,0,1,1,5,0
R04735,2025-05-30,387,Beauty,Prepaid,900,2,0.564,0,11,1,0,0
R04243,2025-05-30,1935,Home,Prepaid,900,6,0.091,0,5,2,20,0
R03890,2025-05-30,1017,Home,Prepaid,406,6,0.219,0,4,1,5,0
R03521,2025-05-30,2272,Books,COD,377,6,0.069,0,3,1,5,0
R03523,2025-05-30,1021,Clothing,Prepaid,624,8,0.042,0,11,3,5,0
R04637,2025-05-30,1123,Electronics,COD,813,6,0.063,0,7,2,0,1
R02610,2025-05-30,2155,Home,COD,353,7,0.206,0,8,1,10,0
R04623,2025-05-30,585,Clothing,Prepaid,268,12,0.461,0,12,3,5,0
R02406,2025-05-30,1099,Home,COD,701,8,0.202,0,9,1,20,0
R03540,2025-05-30,1408,Beauty,Prepaid,905,5,0.236,1,5,1,5,0
R04356,2025-05-30,238,Electronics,Prepaid,401,7,0.081,0,4,1,10,0
R05993,2025-05-30,3870,Clothing,COD,402,2,0.056,0,11,1,20,1
R00605,2025-05-30,1804,Books,COD,587,6,0.285,0,10,2,0,0
R04862,2025-05-30,475,Clothing,Prepaid,98,6,0.263,0,5,1,10,0
R04666,2025-05-30,616,Electronics,COD,837,3,0.504,0,2,1,10,1
R04223,2025-05-30,1631,Electronics,Prepaid,475,6,0.123,0,9,2,5,0
R04934,2025-05-30,1119,Clothing,Prepaid,845,4,0.06,0,4,2,20,0
R00302,2025-05-30,304,Clothing,COD,242,7,0.023,0,3,3,0,0
R00553,2025-05-30,1062,Electronics,Prepaid,17,4,0.103,0,3,2,0,0
R03067,2025-05-31,1359,Electronics,COD,791,5,0.26,0,11,1,10,0
R00545,2025-05-31,1560,Clothing,Prepaid,361,3,0.119,0,7,1,5,0
R00084,2025-05-31,2184,Beauty,COD,464,3,0.213,0,6,1,10,0
R04722,2025-05-31,2033,Beauty,COD,304,6,0.122,0,3,1,30,0
R03740,2025-05-31,322,Clothing,Prepaid,160,3,0.032,0,10,2,10,0
R00101,2025-05-31,195,Books,COD,967,3,0.226,0,10,2,10,0
R03625,2025-05-31,2217,Clothing,Prepaid,356,6,0.563,1,1,3,20,1
R00388,2025-05-31,681,Books,Prepaid,849,5,0.407,0,2,1,5,0
R04661,2025-05-31,1067,Electronics,Prepaid,86,3,0.2,0,1,1,5,0
R00090,2025-05-31,1010,Books,COD,689,3,0.261,1,4,2,0,1
R02822,2025-05-31,522,Beauty,COD,943,6,0.197,0,4,1,50,0
R03440,2025-05-31,7064,Home,COD,718,6,0.157,0,9,3,0,1
R05008,2025-05-31,555,Beauty,Prepaid,8,7,0.048,0,11,2,10,0
R05087,2025-05-31,4538,Books,COD,546,6,0.332,0,10,2,10,0
R02455,2025-05-31,1005,Books,Prepaid,839,6,0.371,0,4,4,20,0
R03127,2025-05-31,845,Clothing,COD,182,9,0.179,0,2,2,30,0
R04073,2025-05-31,3398,Clothing,Prepaid,459,7,0.17,0,4,2,5,0
R00482,2025-05-31,978,Home,COD,720,5,0.184,0,7,2,0,0
R03630,2025-05-31,611,Home,Prepaid,51,7,0.289,0,12,1,20,0
R02246,2025-05-31,1338,Home,Prepaid,404,6,0.242,0,12,1,10,0
R05883,2025-05-31,2486,Home,COD,508,7,0.104,0,8,1,30,1
R05963,2025-05-31,723,Home,COD,658,5,0.033,0,6,1,0,0
R05657,2025-05-31,1681,Clothing,Prepaid,609,6,0.173,0,8,1,0,0
R01971,2025-05-31,1435,Home,Prepaid,217,6,0.202,0,12,3,20,0
R04539,2025-05-31,494,Clothing,COD,924,9,0.021,0,8,2,20,0
R03381,2025-05-31,999,Home,Prepaid,365,1,0.454,0,2,1,30,0
R02286,2025-05-31,1099,Clothing,COD,874,6,0.031,0,8,1,30,1
R05058,2025-05-31,658,Clothing,COD,673,5,0.021,1,10,2,10,0
R03190,2025-05-31,3469,Home,COD,484,4,0.287,0,8,1,5,0
R04675,2025-05-31,1503,Electronics,Prepaid,790,4,0.036,0,6,2,0,0
R00582,2025-05-31,296,Beauty,COD,136,3,0.164,0,11,1,10,1
R05265,2025-05-31,1043,Home,Prepaid,265,7,0.382,0,9,1,0,0
R00611,2025-05-31,611,Home,Prepaid,838,7,0.499,0,2,1,10,0
R00334,2025-05-31,665,Clothing,Prepaid,39,6,0.269,0,11,2,50,1
R05032,2025-06-01,1344,Electronics,Prepaid,683,5,0.094,0,6,1,30,0
R01097,2025-06-01,1011,Home,COD,436,5,0.407,0,4,1,20,0
R00589,2025-06-01,1350,Beauty,Prepaid,94,7,0.113,0,9,2,10,0
R02784,2025-06-01,1283,Beauty,Prepaid,769,2,0.101,0,3,1,10,0
R01086,2025-06-01,722,Books,Prepaid,470,7,0.291,0,2,1,5,0
R01080,2025-06-01,1409,Electronics,Prepaid,767,5,0.186,0,3,1,0,0
R02790,2025-06-01,973,Electronics,COD,784,7,0.262,1,8,1,70,1
R02208,2025-06-01,2225,Books,Prepaid,575,7,0.195,0,11,1,70,0
R04847,2025-06-01,2276,Electronics,Prepaid,466,6,0.074,0,2,1,10,0
R01933,2025-06-01,896,Beauty,Prepaid,961,5,0.151,0,1,1,10,0
R01865,2025-06-01,992,Home,Prepaid,687,7,0.544,0,12,1,0,0
R03230,2025-06-01,490,Electronics,Prepaid,905,5,0.341,0,2,1,20,0
R05203,2025-06-01,342,Clothing,Prepaid,442,8,0.074,0,7,1,30,0
R02704,2025-06-01,675,Beauty,Prepaid,615,9,0.189,1,4,1,5,0
R03148,2025-06-01,195,Clothing,Prepaid,381,4,0.327,0,8,1,0,0
R05164,2025-06-01,2852,Clothing,Prepaid,262,3,0.1,0,4,3,5,0
R04973,2025-06-01,3274,Electronics,COD,677,11,0.23,0,9,2,10,0
R01969,2025-06-01,2656,Clothing,Prepaid,557,7,0.373,0,5,1,0,0
R03507,2025-06-01,1954,Books,Prepaid,163,6,0.28,0,8,2,5,1
R01659,2025-06-01,531,Home,Prepaid,452,6,0.418,0,9,2,5,0
R00019,2025-06-01,891,Clothing,Prepaid,264,8,0.231,1,4,2,5,0
R04943,2025-06-01,1498,Home,Prepaid,884,5,0.03,0,8,2,0,0
R05935,2025-06-01,767,Beauty,Prepaid,153,3,0.149,0,4,1,20,0
R01650,2025-06-01,1038,Electronics,COD,136,8,0.052,0,1,3,0,0
R03051,2025-06-01,1458,Electronics,Prepaid,617,6,0.348,0,8,1,20,0
R05582,2025-06-01,2064,Electronics,COD,307,6,0.237,0,5,1,0,0
R05731,2025-06-01,811,Clothing,Prepaid,930,7,0.261,0,8,1,0,0
R00868,2025-06-01,2906,Clothing,Prepaid,446,6,0.342,0,10,1,5,0
R01016,2025-06-01,2350,Electronics,COD,153,5,0.177,0,2,1,70,0
R01961,2025-06-01,515,Clothing,COD,267,9,0.364,0,10,2,10,1
R02863,2025-06-01,4072,Home,Prepaid,290,8,0.217,0,12,3,30,0
R04891,2025-06-01,1213,Electronics,Prepaid,343,7,0.138,1,2,1,10,0
R04483,2025-06-01,866,Electronics,COD,678,3,0.27,0,12,2,0,1
R00816,2025-06-01,3080,Electronics,COD,152,4,0.111,0,4,2,0,0
R05506,2025-06-01,598,Clothing,Prepaid,121,11,0.752,0,5,3,20,1
R04696,2025-06-01,7625,Home,COD,102,3,0.132,0,9,1,10,0
R04366,2025-06-01,1411,Clothing,COD,876,9,0.104,1,6,2,10,0
R01500,2025-06-02,1654,Beauty,Prepaid,214,5,0.06,0,2,1,0,0
R00723,2025-06-02,896,Beauty,Prepaid,284,4,0.427,0,7,1,20,0
R05484,2025-06-02,372,Electronics,COD,714,5,0.138,1,10,1,20,1
R05538,2025-06-02,1142,Books,Prepaid,992,6,0.04,0,11,1,5,0
R00459,2025-06-02,906,Clothing,Prepaid,264,8,0.141,1,6,1,0,0
R04785,2025-06-02,622,Electronics,Prepaid,585,6,0.16,0,12,1,5,0
R03231,2025-06-02,468,Books,Prepaid,428,9,0.634,0,12,2,50,0
R04280,2025-06-02,392,Home,Prepaid,43,2,0.186,0,3,1,20,0
R03459,2025-06-02,2058,Electronics,Prepaid,464,5,0.399,0,2,1,10,0
R01144,2025-06-02,2493,Electronics,COD,457,5,0.307,0,5,1,5,1
R05453,2025-06-02,3999,Clothing,COD,761,8,0.106,0,1,1,10,0
R03572,2025-06-02,1105,Electronics,Prepaid,692,7,0.215,1,11,1,5,0
R01126,2025-06-02,534,Clothing,COD,812,4,0.093,1,4,1,10,0
R02451,2025-06-02,596,Clothing,Prepaid,71,5,0.173,0,2,4,10,0
R01093,2025-06-02,1275,Beauty,COD,264,10,0.15,0,4,3,10,0
R01024,2025-06-02,1795,Books,Prepaid,629,6,0.256,0,4,2,0,0
R04548,2025-06-02,2672,Clothing,COD,101,4,0.433,0,7,1,0,0
R04108,2025-06-02,1188,Home,COD,458,6,0.091,0,8,2,10,0
R02457,2025-06-02,1137,Clothing,COD,963,3,0.322,1,7,3,50,0
R01125,2025-06-02,1992,Books,COD,574,8,0.039,0,8,2,10,1
R04002,2025-06-02,211,Books,Prepaid,760,7,0.635,0,10,1,20,0
R02168,2025-06-02,4005,Beauty,Prepaid,757,6,0.061,0,7,1,30,0
R04919,2025-06-02,172,Books,COD,178,9,0.176,0,8,1,10,0
R05011,2025-06-02,3705,Books,Prepaid,659,8,0.014,0,2,2,0,0
R04641,2025-06-02,1343,Clothing,COD,266,2,0.268,1,7,1,10,0
R05322,2025-06-02,1366,Electronics,Prepaid,381,5,0.08,0,6,2,10,1
R01599,2025-06-02,1515,Clothing,COD,718,6,0.162,0,3,2,10,1
R00513,2025-06-02,1461,Books,COD,192,1,0.205,0,1,1,20,0
R02826,2025-06-02,1333,Clothing,COD,975,6,0.33,0,5,1,10,0
R00093,2025-06-02,1487,Beauty,COD,533,10,0.337,0,8,2,0,0
R00590,2025-06-02,4374,Clothing,COD,630,5,0.151,1,7,1,30,0
R02439,2025-06-02,2670,Books,Prepaid,242,4,0.193,0,1,1,20,0
R05733,2025-06-02,374,Electronics,COD,823,8,0.177,0,5,3,20,0
R00963,2025-06-02,699,Home,COD,844,9,0.076,0,9,1,0,0
R04897,2025-06-03,2971,Home,COD,797,6,0.117,1,7,2,20,0
R01007,2025-06-03,5883,Electronics,COD,589,11,0.384,0,3,1,30,0
R04781,2025-06-03,234,Beauty,COD,658,13,0.159,0,5,1,0,0
R01657,2025-06-03,639,Beauty,Prepaid,242,7,0.172,0,6,2,5,0
R03710,2025-06-03,1390,Clothing,COD,34,8,0.113,0,7,1,5,0
R03918,2025-06-03,6340,Home,Prepaid,512,3,0.058,1,10,1,20,0
R00856,2025-06-03,873,Clothing,COD,759,7,0.154,0,6,1,0,0
R00477,2025-06-03,1256,Beauty,Prepaid,761,5,0.245,0,5,1,5,0
R03936,2025-06-03,428,Home,COD,140,4,0.031,0,6,2,10,0
R04327,2025-06-03,2137,Books,Prepaid,965,5,0.226,0,9,2,10,0
R03998,2025-06-03,1726,Electronics,COD,121,8,0.101,0,4,1,0,0
R00780,2025-06-03,850,Books,Prepaid,334,8,0.042,1,4,1,10,0
R02919,2025-06-03,5227,Beauty,Prepaid,564,5,0.119,0,5,2,0,0
R02319,2025-06-03,1707,Electronics,Prepaid,559,5,0.051,0,1,1,20,0
R00865,2025-06-03,2324,Books,COD,171,4,0.024,0,12,1,30,0
R02036,2025-06-03,831,Clothing,Prepaid,285,7,0.168,1,6,1,0,0
R00775,2025-06-03,496,Beauty,Prepaid,961,6,0.321,0,3,1,10,0
R05300,2025-06-03,8229,Electronics,Prepaid,547,7,0.191,0,7,2,30,0
R02621,2025-06-03,2484,Electronics,Prepaid,889,5,0.291,0,5,3,30,0
R04762,2025-06-03,828,Books,Prepaid,381,2,0.028,0,8,1,30,0
R03334,2025-06-03,2775,Electronics,COD,660,4,0.28,0,3,2,10,0
R05590,2025-06-03,1584,Home,Prepaid,837,3,0.501,0,9,2,0,0
R00650,2025-06-03,271,Beauty,Prepaid,646,9,0.272,0,8,1,10,0
R02149,2025-06-03,1295,Beauty,COD,563,4,0.24,0,5,1,0,0
R01548,2025-06-03,268,Clothing,COD,253,5,0.119,0,3,1,0,0
R01884,2025-06-03,1845,Electronics,Prepaid,199,8,0.352,0,2,3,0,0
R01158,2025-06-03,525,Clothing,Prepaid,11,10,0.06,0,11,1,0,0
R01163,2025-06-03,248,Beauty,COD,952,3,0.106,0,12,2,0,0
R00361,2025-06-03,651,Clothing,COD,867,7,0.141,0,4,2,70,0
R04839,2025-06-03,357,Beauty,Prepaid,374,9,0.285,1,12,1,20,1
R03629,2025-06-03,1709,Clothing,COD,311,11,0.093,0,6,1,0,0
R04857,2025-06-03,350,Clothing,Prepaid,738,11,0.071,1,12,2,5,0
R01863,2025-06-03,3383,Clothing,COD,641,6,0.2,0,6,2,10,0
R01844,2025-06-03,527,Electronics,Prepaid,155,9,0.454,0,10,1,20,0
R03156,2025-06-03,219,Clothing,COD,959,5,0.178,0,7,1,30,0
R04475,2025-06-03,1930,Electronics,COD,490,6,0.231,0,12,1,0,1
R03778,2025-06-03,2249,Electronics,COD,102,3,0.046,0,7,2,0,0
R03806,2025-06-03,3198,Beauty,COD,373,5,0.08,0,12,2,0,0
R03316,2025-06-03,12041,Electronics,COD,207,4,0.128,0,3,2,30,0
R05595,2025-06-03,2471,Clothing,COD,10,5,0.088,0,1,1,0,1
R04057,2025-06-03,808,Beauty,COD,179,3,0.032,0,5,2,5,0
R00297,2025-06-03,938,Beauty,COD,375,5,0.229,0,4,1,5,0
R02673,2025-06-04,1443,Electronics,Prepaid,231,8,0.206,0,8,1,10,0
R01560,2025-06-04,697,Home,Prepaid,355,3,0.057,0,1,2,20,0
R01347,2025-06-04,845,Beauty,Prepaid,137,10,0.361,0,8,2,0,0
R01552,2025-06-04,643,Home,COD,810,5,0.432,0,8,1,20,0
R05181,2025-06-04,376,Clothing,Prepaid,97,9,0.321,0,4,1,5,0
R00125,2025-06-04,1937,Clothing,Prepaid,691,2,0.238,0,1,2,20,0
R03332,2025-06-04,2665,Books,Prepaid,637,4,0.525,0,10,2,0,1
R04319,2025-06-04,3564,Electronics,Prepaid,48,1,0.355,0,5,1,0,0
R02994,2025-06-04,1716,Books,COD,956,6,0.035,0,10,1,10,0
R05401,2025-06-04,560,Electronics,COD,928,5,0.241,0,11,2,10,1
R00643,2025-06-04,684,Beauty,Prepaid,918,8,0.38,0,9,1,0,0
R01401,2025-06-04,2485,Beauty,Prepaid,637,7,0.082,0,4,1,0,0
R04704,2025-06-04,871,Home,Prepaid,433,8,0.059,0,12,2,0,0
R01896,2025-06-04,3695,Electronics,Prepaid,786,5,0.344,0,3,3,0,0
R01465,2025-06-04,520,Clothing,COD,515,5,0.462,0,9,3,30,0
R05364,2025-06-04,1047,Electronics,Prepaid,372,5,0.026,0,5,1,20,0
R01856,2025-06-04,668,Books,COD,721,5,0.239,0,4,3,10,0
R05836,2025-06-04,1776,Clothing,COD,703,5,0.082,0,4,1,20,0
R00151,2025-06-04,3917,Clothing,COD,455,6,0.047,0,8,1,20,0
R02672,2025-06-04,1961,Beauty,Prepaid,642,7,0.084,1,4,1,0,0
R00146,2025-06-04,2404,Home,Prepaid,409,6,0.095,0,1,2,30,0
R02640,2025-06-04,2675,Home,Prepaid,807,7,0.161,0,2,2,0,0
R00560,2025-06-04,1810,Electronics,Prepaid,86,6,0.273,0,7,1,0,0
R01127,2025-06-04,1159,Electronics,COD,940,3,0.197,1,12,1,20,0
R01314,2025-06-04,807,Beauty,Prepaid,155,8,0.189,0,10,1,10,0
R01310,2025-06-04,2625,Home,COD,731,8,0.312,0,4,1,10,1
R02512,2025-06-04,728,Electronics,Prepaid,665,10,0.335,0,3,3,30,0
R04148,2025-06-04,1149,Beauty,COD,122,4,0.095,0,11,2,0,0
R04971,2025-06-04,3045,Home,Prepaid,647,3,0.159,0,8,1,30,0
R00882,2025-06-04,596,Books,COD,73,6,0.184,0,9,2,5,1
R01150,2025-06-04,583,Electronics,Prepaid,411,8,0.257,1,7,3,0,1
R03966,2025-06-04,1991,Home,Prepaid,288,12,0.132,1,10,3,5,0
R05997,2025-06-04,1642,Beauty,Prepaid,351,5,0.556,0,12,3,5,1
R04067,2025-06-04,1256,Home,Prepaid,162,10,0.08,0,12,1,30,0
R02150,2025-06-04,1475,Clothing,Prepaid,633,6,0.161,0,8,2,30,0
R02655,2025-06-04,4838,Clothing,COD,968,12,0.042,0,8,2,0,0
R00835,2025-06-04,486,Clothing,Prepaid,209,5,0.081,0,7,1,20,0
R02377,2025-06-04,331,Clothing,Prepaid,348,4,0.257,1,10,1,0,1
R04184,2025-06-04,5707,Electronics,COD,896,7,0.178,0,10,1,50,0
R04451,2025-06-05,974,Clothing,COD,276,9,0.362,1,8,1,0,0
R01247,2025-06-05,1279,Beauty,COD,391,6,0.11,0,1,1,5,0
R03732,2025-06-05,823,Electronics,COD,824,5,0.178,0,8,4,0,0
R02153,2025-06-05,1399,Electronics,COD,338,7,0.439,1,3,1,0,1
R04558,2025-06-05,432,Clothing,Prepaid,247,4,0.282,0,6,1,0,0
R02332,2025-06-05,3086,Beauty,Prepaid,643,3,0.211,0,2,2,5,0
R02098,2025-06-05,2345,Home,Prepaid,905,7,0.089,1,7,2,30,0
R03578,2025-06-05,843,Beauty,Prepaid,337,4,0.279,0,5,2,5,0
R05430,2025-06-05,342,Home,Prepaid,396,7,0.608,0,10,3,0,0
R00668,2025-06-05,508,Clothing,Prepaid,685,4,0.224,0,2,2,30,0
R00232,2025-06-05,238,Clothing,Prepaid,97,4,0.146,0,2,1,0,1
R00610,2025-06-05,3473,Clothing,COD,98,6,0.149,0,8,1,30,0
R05236,2025-06-05,517,Clothing,COD,241,4,0.171,0,7,2,10,1
R02482,2025-06-05,686,Clothing,Prepaid,635,6,0.14,0,6,2,0,0
R05663,2025-06-05,796,Books,Prepaid,270,10,0.163,0,12,2,5,0
R04142,2025-06-05,194,Home,COD,889,9,0.319,0,10,1,20,0
R03107,2025-06-05,459,Books,Prepaid,409,11,0.438,0,12,1,5,0
R03264,2025-06-05,564,Home,COD,167,6,0.209,0,2,1,10,0
R00037,2025-06-05,286,Home,Prepaid,33,4,0.218,1,9,1,10,0
R01042,2025-06-05,1484,Beauty,Prepaid,720,11,0.215,0,8,1,10,1
R01292,2025-06-05,8399,Clothing,Prepaid,764,3,0.241,0,6,1,0,0
R03379,2025-06-05,2537,Clothing,Prepaid,686,11,0.169,0,4,1,10,0
R00006,2025-06-05,486,Beauty,Prepaid,9,8,0.062,0,9,1,20,0
R04333,2025-06-05,3744,Electronics,Prepaid,957,3,0.048,0,12,1,5,0
R02198,2025-06-05,3450,Electronics,COD,255,8,0.241,0,2,1,10,0
R02869,2025-06-05,1114,Clothing,COD,400,6,0.057,0,12,1,0,1
R03962,2025-06-05,3299,Clothing,Prepaid,415,8,0.24,0,4,2,5,0
R03985,2025-06-05,1616,Clothing,COD,749,7,0.369,0,3,1,0,0
R04312,2025-06-05,1824,Clothing,Prepaid,253,8,0.224,0,12,2,30,0
R05156,2025-06-05,742,Books,Prepaid,958,8,0.197,0,12,1,10,0
R01735,2025-06-05,2407,Books,COD,968,5,0.233,0,6,1,0,1
R01419,2025-06-05,420,Clothing,COD,321,4,0.339,0,1,1,0,0
R05489,2025-06-05,6350,Beauty,COD,148,7,0.08,1,3,1,10,0
R03339,2025-06-05,1437,Clothing,Prepaid,184,3,0.164,0,11,1,5,0
R01706,2025-06-05,618,Clothing,Prepaid,420,4,0.379,0,7,2,5,0
R04944,2025-06-06,7146,Electronics,COD,599,4,0.102,0,6,2,0,0
R00829,2025-06-06,956,Books,Prepaid,967,10,0.038,0,10,4,0,0
R04149,2025-06-06,2456,Home,Prepaid,903,8,0.225,0,9,3,10,0
R05288,2025-06-06,2038,Books,COD,816,6,0.205,0,11,1,0,0
R02903,2025-06-06,860,Clothing,Prepaid,467,6,0.351,0,10,4,20,0
R01325,2025-06-06,1187,Clothing,COD,653,3,0.087,0,1,5,0,1
R02906,2025-06-06,7149,Beauty,Prepaid,646,10,0.156,0,3,1,10,0
R04749,2025-06-06,4236,Clothing,COD,223,6,0.083,0,4,1,30,0
R03456,2025-06-06,1952,Beauty,Prepaid,337,3,0.161,0,11,2,0,0
R01734,2025-06-06,1251,Clothing,Prepaid,215,7,0.067,0,11,1,20,0
R03120,2025-06-06,454,Clothing,COD,562,4,0.243,0,4,4,0,0
R05173,2025-06-06,2146,Home,Prepaid,69,8,0.292,0,2,2,10,0
R00427,2025-06-06,2758,Clothing,COD,150,8,0.259,1,5,1,0,0
R01521,2025-06-06,1531,Clothing,Prepaid,189,3,0.317,0,10,1,70,0
R05989,2025-06-06,877,Clothing,Prepaid,572,12,0.229,0,11,3,0,0
R02601,2025-06-06,2591,Electronics,Prepaid,888,3,0.114,0,6,3,20,0
R01280,2025-06-06,2123,Home,Prepaid,212,4,0.39,0,2,1,5,0
R02558,2025-06-06,4288,Clothing,Prepaid,855,7,0.196,0,8,2,5,0
R02818,2025-06-06,781,Clothing,COD,311,1,0.045,0,11,3,30,1
R03470,2025-06-06,1013,Beauty,COD,951,6,0.092,0,2,1,50,1
R01589,2025-06-06,3582,Home,COD,489,6,0.118,0,10,1,0,0
R05187,2025-06-06,844,Electronics,COD,949,2,0.338,0,4,1,10,0
R03463,2025-06-06,1074,Home,COD,446,7,0.218,0,12,2,10,0
R03881,2025-06-06,1775,Clothing,COD,740,7,0.198,0,4,1,5,0
R01486,2025-06-06,692,Clothing,Prepaid,879,6,0.317,0,3,2,0,0
R01214,2025-06-06,1021,Clothing,Prepaid,36,6,0.314,0,2,1,10,0
R01509,2025-06-06,1489,Beauty,COD,822,9,0.218,1,2,1,20,1
R03873,2025-06-06,500,Electronics,COD,237,5,0.2,0,1,1,10,0
R02847,2025-06-06,1085,Books,Prepaid,258,3,0.123,0,11,2,30,0
R04694,2025-06-06,914,Clothing,COD,981,13,0.078,0,1,1,0,0
R04426,2025-06-07,460,Clothing,COD,375,7,0.123,0,10,2,30,0
R03841,2025-06-07,1131,Home,Prepaid,86,8,0.252,0,11,1,20,0
R01023,2025-06-07,619,Clothing,COD,353,7,0.119,0,12,1,50,0
R05797,2025-06-07,750,Electronics,Prepaid,987,2,0.557,0,4,2,30,1
R02390,2025-06-07,2662,Books,COD,901,7,0.04,0,3,3,5,0
R00921,2025-06-07,390,Clothing,COD,665,8,0.038,0,11,1,10,0
R04540,2025-06-07,1134,Clothing,Prepaid,45,6,0.412,0,4,3,0,0
R04550,2025-06-07,1766,Clothing,COD,8,2,0.137,0,3,1,20,0
R04609,2025-06-07,744,Clothing,COD,58,8,0.189,0,12,1,0,0
R02879,2025-06-07,1575,Home,COD,463,7,0.101,0,2,1,0,1
R04479,2025-06-07,1180,Electronics,Prepaid,589,7,0.43,0,8,1,10,0
R05025,2025-06-07,631,Clothing,Prepaid,254,5,0.297,0,12,2,10,0
R04754,2025-06-07,825,Beauty,COD,519,5,0.315,0,3,1,20,0
R00504,2025-06-07,2161,Home,COD,875,9,0.353,0,12,2,30,0
R04674,2025-06-07,1406,Electronics,COD,281,8,0.097,0,12,1,0,0
R05823,2025-06-07,1811,Home,COD,534,3,0.275,0,7,1,5,0
R02756,2025-06-07,1024,Home,Prepaid,764,4,0.248,0,1,2,20,0
R05119,2025-06-07,3081,Electronics,Prepaid,712,3,0.4,0,5,1,10,0
R03340,2025-06-07,2163,Home,Prepaid,181,4,0.428,1,5,1,0,0
R02105,2025-06-07,1061,Beauty,Prepaid,312,7,0.126,0,5,2,5,0
R04817,2025-06-07,890,Electronics,Prepaid,299,5,0.234,1,9,2,30,0
R05400,2025-06-07,409,Beauty,Prepaid,282,5,0.233,1,3,2,20,1
R03160,2025-06-07,635,Books,Prepaid,237,11,0.374,0,6,3,50,0
R02797,2025-06-07,1302,Electronics,Prepaid,999,7,0.129,0,6,2,10,0
R05514,2025-06-07,268,Books,Prepaid,888,5,0.149,1,2,3,20,1
R00492,2025-06-07,1848,Clothing,Prepaid,163,3,0.38,0,7,2,10,1
R04922,2025-06-08,559,Electronics,Prepaid,284,8,0.374,0,8,3,30,0
R03905,2025-06-08,926,Electronics,COD,946,7,0.051,1,5,1,20,0
R01943,2025-06-08,1831,Home,Prepaid,881,4,0.179,0,11,2,30,0
R05900,2025-06-08,1107,Clothing,Prepaid,888,3,0.157,0,8,1,0,0
R02710,2025-06-08,3428,Home,Prepaid,204,6,0.115,0,7,4,0,0
R03358,2025-06-08,1440,Books,COD,717,6,0.34,0,1,2,20,0
R01408,2025-06-08,805,Electronics,Prepaid,905,5,0.073,1,10,2,20,0
R01716,2025-06-08,645,Clothing,COD,671,6,0.114,0,11,2,0,0
R00781,2025-06-08,2809,Clothing,COD,172,11,0.16,0,7,1,0,0
R02678,2025-06-08,1120,Home,Prepaid,226,6,0.233,0,2,2,20,0
R02001,2025-06-08,715,Clothing,Prepaid,858,6,0.1,0,2,1,0,0
R03418,2025-06-08,1167,Clothing,COD,384,7,0.464,0,9,1,0,0
R00396,2025-06-08,2858,Books,Prepaid,843,7,0.112,0,3,1,0,0
R01245,2025-06-08,774,Home,COD,836,6,0.067,0,3,1,30,0
R01658,2025-06-08,745,Clothing,Prepaid,729,5,0.302,0,9,2,0,0
R04472,2025-06-08,913,Beauty,Prepaid,309,3,0.081,0,1,2,10,0
R05390,2025-06-08,551,Home,COD,482,4,0.442,0,6,2,20,0
R05386,2025-06-08,1497,Electronics,Prepaid,1,5,0.279,0,10,2,0,0
R05960,2025-06-08,1898,Home,COD,206,4,0.211,0,1,1,50,0
R05242,2025-06-08,356,Books,COD,273,2,0.201,0,11,1,5,0
R02227,2025-06-08,565,Clothing,COD,202,6,0.255,1,9,1,0,0
R02386,2025-06-08,539,Beauty,COD,438,4,0.021,0,8,2,20,0
R02142,2025-06-08,873,Home,COD,386,6,0.256,0,5,1,30,0
R01898,2025-06-08,367,Electronics,Prepaid,576,9,0.11,0,11,1,5,0
R01824,2025-06-08,947,Home,COD,711,2,0.123,0,1,1,0,0
R00558,2025-06-08,1163,Books,Prepaid,577,7,0.022,0,2,1,50,0
R05624,2025-06-08,270,Home,Prepaid,619,4,0.222,0,12,1,30,0
R05837,2025-06-08,373,Home,Prepaid,638,5,0.271,0,7,1,5,0
R05845,2025-06-08,3304,Beauty,COD,909,9,0.118,0,11,1,0,0
R03548,2025-06-09,732,Electronics,COD,933,4,0.088,0,1,1,0,0
R03579,2025-06-09,1332,Books,COD,769,2,0.267,0,3,1,30,0
R03428,2025-06-09,2832,Electronics,Prepaid,945,7,0.079,0,1,5,5,0
R01371,2025-06-09,691,Clothing,COD,647,8,0.226,0,1,1,0,1
R01141,2025-06-09,1495,Electronics,COD,218,8,0.155,1,11,1,50,1
R03581,2025-06-09,3520,Beauty,COD,475,4,0.136,0,12,2,5,0
R05510,2025-06-09,388,Beauty,Prepaid,197,8,0.124,0,3,1,5,0
R00517,2025-06-09,2246,Home,Prepaid,398,6,0.552,0,12,2,20,0
R00812,2025-06-09,1338,Clothing,COD,969,2,0.201,0,10,3,5,0
R05751,2025-06-09,2582,Home,COD,600,5,0.299,0,3,1,30,0
R04330,2025-06-09,1336,Electronics,Prepaid,718,6,0.135,0,1,2,0,0
R05647,2025-06-09,1385,Home,COD,475,6,0.442,0,12,2,0,0
R01634,2025-06-09,444,Clothing,Prepaid,17,9,0.298,0,6,1,20,0
R01713,2025-06-09,883,Home,Prepaid,351,6,0.184,0,1,1,20,0
R03046,2025-06-09,1017,Electronics,Prepaid,588,9,0.292,0,3,1,0,0
R04139,2025-06-09,680,Home,COD,221,11,0.32,0,9,1,0,0
R01201,2025-06-09,910,Clothing,Prepaid,997,7,0.397,0,7,1,20,0
R05783,2025-06-09,2531,Books,Prepaid,69,6,0.126,1,8,1,50,0
R03239,2025-06-09,1610,Beauty,Prepaid,941,6,0.273,0,3,2,5,0
R02304,2025-06-09,613,Clothing,Prepaid,222,5,0.135,0,8,1,30,0
R05021,2025-06-09,933,Clothing,Prepaid,637,8,0.026,0,11,1,0,0
R02652,2025-06-09,151,Electronics,Prepaid,403,7,0.114,0,11,1,5,0
R01792,2025-06-09,402,Clothing,Prepaid,295,8,0.147,0,6,1,5,0
R01815,2025-06-09,923,Electronics,COD,877,5,0.35,0,6,1,0,0
R02701,2025-06-09,1777,Beauty,COD,817,5,0.177,0,4,1,0,0
R02651,2025-06-09,389,Beauty,COD,681,6,0.345,0,5,1,20,1
R04990,2025-06-09,934,Beauty,COD,979,7,0.064,0,11,1,0,0
R05868,2025-06-09,2029,Electronics,COD,591,8,0.433,0,4,3,5,0
R05292,2025-06-09,704,Books,COD,561,5,0.299,0,8,1,50,0
R01893,2025-06-09,558,Electronics,Prepaid,666,7,0.404,0,8,1,0,1
R04865,2025-06-09,2305,Beauty,COD,109,3,0.151,0,8,1,10,1
R00565,2025-06-10,4065,Books,Prepaid,880,3,0.247,0,12,1,10,0
R00375,2025-06-10,193,Electronics,Prepaid,66,9,0.207,0,2,1,10,0
R04728,2025-06-10,386,Clothing,Prepaid,880,8,0.131,0,12,2,0,0
R05266,2025-06-10,1272,Books,Prepaid,377,6,0.438,0,3,2,10,0
R01375,2025-06-10,1503,Home,Prepaid,794,10,0.261,0,2,1,0,0
R02757,2025-06-10,1151,Clothing,Prepaid,844,5,0.151,0,9,1,10,0
R01004,2025-06-10,381,Clothing,COD,477,9,0.153,1,1,2,0,0
R04713,2025-06-10,507,Electronics,Prepaid,795,5,0.081,0,7,1,0,0
R02498,2025-06-10,226,Clothing,Prepaid,157,2,0.223,0,2,1,10,0
R05693,2025-06-10,2085,Clothing,Prepaid,967,1,0.163,0,7,1,20,0
R01912,2025-06-10,1112,Electronics,Prepaid,928,3,0.72,0,5,2,5,0
R04469,2025-06-10,1902,Beauty,COD,64,7,0.163,0,9,2,5,0
R02240,2025-06-10,2550,Home,COD,735,5,0.198,1,7,3,10,0
R05222,2025-06-10,1403,Beauty,COD,61,4,0.347,0,7,1,0,0
R04701,2025-06-10,1747,Clothing,Prepaid,979,6,0.033,0,2,1,10,0
R01324,2025-06-10,1482,Clothing,Prepaid,545,1,0.274,0,11,1,5,0
R04574,2025-06-10,675,Electronics,Prepaid,540,4,0.221,1,12,1,5,0
R03506,2025-06-10,543,Clothing,COD,495,8,0.523,0,8,1,5,1
R03474,2025-06-10,1217,Home,COD,236,8,0.087,0,1,4,0,1
R04012,2025-06-10,980,Books,Prepaid,407,6,0.331,0,8,1,10,0
R02091,2025-06-10,2772,Electronics,Prepaid,234,7,0.083,0,12,2,10,0
R00035,2025-06-10,3705,Books,Prepaid,946,3,0.184,0,2,5,30,0
R05091,2025-06-10,971,Clothing,Prepaid,544,7,0.072,0,2,1,30,0
R05546,2025-06-10,1300,Electronics,Prepaid,496,5,0.192,0,9,3,0,0
R04717,2025-06-10,3550,Electronics,Prepaid,244,2,0.073,0,12,1,30,1
R00904,2025-06-10,2176,Electronics,Prepaid,571,3,0.236,0,6,1,30,1
R01752,2025-06-10,1912,Electronics,COD,919,10,0.261,0,2,1,10,0
R02042,2025-06-11,1433,Clothing,COD,938,4,0.406,0,4,2,10,0
R03030,2025-06-11,592,Clothing,Prepaid,549,5,0.112,0,4,1,0,0
R05743,2025-06-11,768,Clothing,Prepaid,881,8,0.05,0,5,1,0,0
R00358,2025-06-11,1091,Electronics,Prepaid,791,3,0.114,0,11,2,0,0
R00362,2025-06-11,2305,Electronics,COD,783,10,0.285,0,8,1,5,1
R01692,2025-06-11,4093,Clothing,Prepaid,669,4,0.263,0,7,1,50,0
R04334,2025-06-11,629,Home,COD,581,8,0.402,0,2,2,10,0
R04808,2025-06-11,3602,Clothing,COD,208,8,0.282,0,9,2,20,0
R01389,2025-06-11,2082,Home,COD,106,6,0.151,0,4,1,5,1
R00389,2025-06-11,460,Electronics,COD,540,6,0.13,1,5,1,50,0
R02452,2025-06-11,2960,Home,Prepaid,474,6,0.24,0,3,1,20,0
R01606,2025-06-11,8091,Clothing,COD,791,5,0.226,0,10,1,10,0
R03820,2025-06-11,2472,Books,Prepaid,450,5,0.559,0,12,2,20,0
R03162,2025-06-11,1588,Home,Prepaid,935,9,0.214,0,2,1,70,0
R00048,2025-06-11,754,Home,COD,432,6,0.075,0,3,2,20,0
R05184,2025-06-11,2695,Clothing,COD,66,8,0.2,1,7,3,10,1
R02446,2025-06-11,815,Clothing,COD,887,9,0.104,0,2,1,10,1
R03126,2025-06-11,942,Clothing,Prepaid,266,5,0.181,0,8,1,5,1
R05460,2025-06-11,1905,Electronics,COD,838,7,0.075,0,5,2,50,0
R02471,2025-06-11,1223,Home,COD,786,9,0.215,0,11,1,20,0
R03795,2025-06-11,1270,Home,COD,582,4,0.439,0,4,1,10,0
R04406,2025-06-11,498,Clothing,Prepaid,238,8,0.198,0,8,1,5,0
R02300,2025-06-11,1538,Clothing,Prepaid,826,12,0.197,0,12,1,10,0
R02061,2025-06-11,1061,Clothing,COD,129,8,0.122,0,3,1,0,0
R00579,2025-06-11,813,Beauty,COD,159,5,0.095,0,10,4,0,0
R04863,2025-06-11,632,Clothing,COD,128,10,0.41,0,8,2,30,0
R00364,2025-06-11,1998,Home,Prepaid,509,8,0.122,0,3,1,20,0
R05414,2025-06-11,3348,Clothing,Prepaid,434,13,0.157,0,7,1,5,0
R00304,2025-06-12,649,Books,Prepaid,715,5,0.021,0,11,2,10,0
R05461,2025-06-12,11793,Books,Prepaid,636,7,0.113,0,1,2,30,0
R03831,2025-06-12,1084,Electronics,COD,427,4,0.141,0,8,1,5,0
R05334,2025-06-12,364,Home,COD,364,9,0.214,0,10,3,5,1
R04597,2025-06-12,694,Clothing,COD,771,6,0.284,0,8,1,0,1
R04933,2025-06-12,1491,Clothing,Prepaid,890,9,0.293,0,10,1,0,0
R04190,2025-06-12,1302,Home,Prepaid,389,7,0.044,0,3,2,20,0
R04282,2025-06-12,956,Clothing,COD,157,4,0.283,0,5,1,5,0
R04620,2025-06-12,1450,Beauty,Prepaid,455,6,0.052,0,2,1,70,0
R02978,2025-06-12,823,Electronics,Prepaid,233,3,0.006,0,6,1,20,0
R00828,2025-06-12,637,Clothing,Prepaid,217,5,0.176,0,3,3,0,0
R04450,2025-06-12,450,Electronics,COD,490,5,0.271,0,4,1,0,0
R00095,2025-06-12,4114,Electronics,COD,29,2,0.27,0,1,2,0,0
R01384,2025-06-12,333,Electronics,Prepaid,589,7,0.034,0,5,2,20,0
R04433,2025-06-12,664,Home,COD,223,6,0.021,0,2,1,5,0
R04565,2025-06-12,827,Clothing,Prepaid,660,7,0.267,0,3,2,0,0
R03243,2025-06-12,450,Clothing,Prepaid,498,7,0.332,0,8,2,30,0
R01304,2025-06-12,2853,Electronics,Prepaid,145,5,0.077,0,7,2,0,0
R01471,2025-06-12,2772,Books,COD,8,4,0.265,0,2,1,0,0
R04850,2025-06-12,2844,Home,COD,844,10,0.343,1,5,2,0,1
R01878,2025-06-12,1355,Home,Prepaid,462,3,0.139,0,5,2,0,0
R01557,2025-06-12,1516,Beauty,COD,793,5,0.166,0,2,3,5,0
R01632,2025-06-12,5510,Electronics,COD,227,8,0.214,0,1,1,20,0
R02838,2025-06-12,231,Electronics,Prepaid,52,5,0.084,0,1,1,5,0
R00740,2025-06-12,2490,Electronics,Prepaid,768,6,0.367,0,8,1,30,0
R04081,2025-06-13,178,Beauty,COD,664,10,0.079,0,12,2,0,0
R01732,2025-06-13,684,Books,COD,632,7,0.583,1,11,1,5,1
R01037,2025-06-13,1992,Clothing,Prepaid,709,4,0.114,0,12,1,0,1
R02778,2025-06-13,1423,Electronics,COD,439,7,0.254,1,7,2,0,0
R03518,2025-06-13,2013,Home,COD,552,2,0.121,0,11,1,50,0
R00220,2025-06-13,1420,Clothing,COD,55,4,0.337,0,6,3,10,0
R01315,2025-06-13,618,Clothing,Prepaid,471,8,0.14,1,5,1,0,1
R03826,2025-06-13,2266,Electronics,Prepaid,842,3,0.062,0,10,3,0,0
R05249,2025-06-13,584,Electronics,COD,277,6,0.046,1,8,1,0,0
R02939,2025-06-13,2778,Home,COD,44,12,0.138,0,8,1,30,0
R01826,2025-06-13,601,Electronics,Prepaid,773,8,0.142,0,4,1,10,0
R00067,2025-06-13,312,Electronics,COD,185,7,0.366,0,7,2,20,0
R05619,2025-06-13,5409,Clothing,COD,935,4,0.071,0,12,1,5,1
R01206,2025-06-13,6207,Beauty,Prepaid,520,7,0.337,0,3,1,0,0
R00345,2025-06-13,2697,Electronics,Prepaid,175,3,0.293,0,12,4,20,0
R03109,2025-06-13,872,Electronics,COD,84,8,0.07,0,2,2,50,1
R05056,2025-06-13,1547,Home,COD,525,4,0.135,1,3,1,10,0
R04981,2025-06-13,1764,Electronics,Prepaid,468,5,0.194,0,4,2,50,0
R03910,2025-06-13,1251,Electronics,COD,649,4,0.407,0,4,2,0,0
R01428,2025-06-13,1655,Clothing,Prepaid,657,6,0.104,1,10,1,0,0
R05240,2025-06-13,822,Electronics,COD,400,6,0.141,0,12,1,20,1
R00592,2025-06-13,343,Clothing,COD,25,6,0.14,0,9,1,0,0
R03704,2025-06-13,275,Clothing,Prepaid,446,6,0.174,0,5,2,0,0
R02989,2025-06-13,237,Books,Prepaid,16,7,0.088,0,5,1,0,0
R00179,2025-06-13,3000,Clothing,Prepaid,779,7,0.096,0,9,1,0,0
R03298,2025-06-14,542,Home,COD,36,5,0.052,0,6,2,30,0
R03590,2025-06-14,1271,Electronics,Prepaid,30,4,0.267,0,5,3,0,1
R03750,2025-06-14,1853,Home,COD,473,6,0.013,0,11,2,10,0
R02693,2025-06-14,873,Electronics,COD,522,7,0.688,0,6,1,0,0
R05071,2025-06-14,945,Electronics,Prepaid,692,4,0.284,1,2,1,0,0
R02068,2025-06-14,889,Electronics,COD,957,4,0.009,0,4,2,30,0
R04823,2025-06-14,2120,Clothing,COD,70,2,0.021,0,2,2,30,0
R01390,2025-06-14,3980,Home,COD,988,4,0.146,0,11,3,5,0
R01287,2025-06-14,591,Books,Prepaid,697,8,0.28,1,5,2,0,0
R01108,2025-06-14,5246,Home,Prepaid,161,7,0.072,1,2,1,5,0
R01154,2025-06-14,643,Electronics,COD,962,4,0.24,0,2,4,0,1
R00202,2025-06-14,1096,Books,Prepaid,493,10,0.23,0,2,1,10,0
R04207,2025-06-14,3853,Electronics,COD,414,3,0.63,0,2,1,0,0
R05513,2025-06-14,1428,Electronics,Prepaid,89,5,0.187,0,2,2,0,0
R02114,2025-06-14,1014,Books,COD,522,8,0.174,0,5,1,5,0
R00840,2025-06-14,1491,Clothing,Prepaid,600,4,0.307,0,12,1,20,0
R00843,2025-06-14,3552,Home,COD,265,4,0.132,0,10,2,10,0
R05311,2025-06-14,1408,Beauty,COD,356,1,0.45,0,7,1,0,0
R05243,2025-06-14,561,Books,Prepaid,27,4,0.228,0,11,1,5,1
R03128,2025-06-14,271,Clothing,Prepaid,618,1,0.097,0,1,1,5,0
R03095,2025-06-14,769,Books,Prepaid,197,8,0.375,0,3,3,0,0
R04514,2025-06-14,248,Home,Prepaid,939,7,0.23,0,10,1,30,0
R05925,2025-06-14,917,Electronics,COD,695,6,0.046,0,11,3,10,0
R02287,2025-06-14,5301,Beauty,Prepaid,322,9,0.206,0,6,1,20,0
R01569,2025-06-14,213,Electronics,COD,397,5,0.246,0,12,1,30,0
R05037,2025-06-15,3120,Electronics,Prepaid,666,6,0.099,0,9,3,5,0
R02531,2025-06-15,882,Electronics,Prepaid,395,8,0.101,1,3,2,0,0
R01948,2025-06-15,620,Beauty,Prepaid,576,4,0.154,0,7,1,5,0
R05865,2025-06-15,3250,Clothing,COD,970,8,0.671,0,10,3,5,0
R00324,2025-06-15,4387,Beauty,Prepaid,959,6,0.141,0,5,1,5,0
R02796,2025-06-15,604,Home,Prepaid,294,3,0.134,1,5,1,10,0
R05908,2025-06-15,1747,Beauty,COD,313,6,0.078,0,7,1,0,0
R02164,2025-06-15,1153,Electronics,Prepaid,23,8,0.009,0,5,3,50,1
R01354,2025-06-15,569,Clothing,Prepaid,407,7,0.169,0,6,1,30,0
R04153,2025-06-15,624,Books,COD,428,9,0.116,0,2,1,70,0
R05239,2025-06-15,1494,Home,Prepaid,116,8,0.407,1,11,1,30,0
R04515,2025-06-15,2097,Home,COD,709,8,0.138,0,11,1,20,0
R05050,2025-06-15,951,Home,COD,90,4,0.142,1,5,1,0,0
R00529,2025-06-15,272,Beauty,Prepaid,221,5,0.158,1,11,1,0,0
R05920,2025-06-15,3465,Beauty,Prepaid,211,11,0.128,0,12,2,20,0
R05054,2025-06-15,623,Home,Prepaid,970,4,0.122,0,12,1,20,0
R04249,2025-06-15,2642,Beauty,Prepaid,726,3,0.033,1,4,2,5,0
R00943,2025-06-15,3434,Clothing,Prepaid,166,6,0.286,0,7,4,10,0
R03202,2025-06-15,1664,Electronics,Prepaid,566,7,0.11,1,7,1,30,0
R05987,2025-06-15,182,Clothing,Prepaid,987,8,0.343,0,7,2,70,0
R02633,2025-06-15,4357,Electronics,COD,205,3,0.178,0,3,2,10,0
R04335,2025-06-15,904,Electronics,Prepaid,56,10,0.097,0,7,2,20,0
R01708,2025-06-15,361,Electronics,Prepaid,486,10,0.024,0,12,2,0,0
R00642,2025-06-15,654,Clothing,COD,847,6,0.118,0,6,4,30,0
R02101,2025-06-15,2949,Home,Prepaid,327,10,0.165,0,2,2,10,0
R05877,2025-06-15,364,Beauty,Prepaid,436,4,0.401,1,1,1,30,0
R03384,2025-06-15,2113,Beauty,COD,6,6,0.016,0,10,3,50,0
R01507,2025-06-15,170,Electronics,Prepaid,363,7,0.558,0,1,3,20,0
R05325,2025-06-15,448,Beauty,Prepaid,797,5,0.217,0,10,1,0,0
R02113,2025-06-15,790,Beauty,COD,411,5,0.488,1,6,2,0,0
R02785,2025-06-15,741,Clothing,Prepaid,498,4,0.37,0,10,1,70,0
R02894,2025-06-15,2268,Beauty,Prepaid,644,6,0.285,1,9,2,5,1
R02305,2025-06-15,3363,Clothing,Prepaid,433,4,0.176,0,9,1,0,0
R05192,2025-06-15,1843,Beauty,Prepaid,475,6,0.102,0,12,2,0,0
R01951,2025-06-15,1159,Clothing,COD,46,5,0.268,0,4,2,5,0
R02383,2025-06-16,5125,Beauty,Prepaid,712,9,0.156,1,7,3,10,0
R01006,2025-06-16,1019,Clothing,COD,873,2,0.122,0,10,1,50,0
R00061,2025-06-16,2060,Home,Prepaid,252,8,0.153,0,2,2,0,0
R03658,2025-06-16,844,Books,Prepaid,630,7,0.057,0,2,3,5,0
R05524,2025-06-16,8138,Electronics,Prepaid,377,7,0.068,0,12,2,5,0
R05749,2025-06-16,216,Beauty,Prepaid,611,8,0.136,0,7,3,10,0
R00969,2025-06-16,339,Electronics,COD,540,3,0.121,0,10,1,10,1
R02014,2025-06-16,4374,Home,COD,853,10,0.087,0,9,2,30,0
R04959,2025-06-16,883,Clothing,Prepaid,283,7,0.074,0,3,1,50,0
R03402,2025-06-16,1832,Clothing,Prepaid,669,5,0.1,0,4,3,20,0
R04731,2025-06-16,5473,Home,Prepaid,711,3,0.034,0,12,3,10,0
R00669,2025-06-16,430,Electronics,Prepaid,460,9,0.401,0,6,1,20,0
R00153,2025-06-16,1602,Electronics,Prepaid,269,3,0.731,0,6,1,30,1
R02961,2025-06-16,941,Clothing,Prepaid,164,8,0.12,0,7,2,30,0
R01705,2025-06-16,2588,Clothing,COD,481,5,0.323,0,8,1,5,0
R05295,2025-06-16,902,Home,COD,203,3,0.218,1,10,1,5,0
R03445,2025-06-16,1792,Clothing,Prepaid,330,5,0.068,0,11,1,5,0
R00733,2025-06-16,1995,Home,Prepaid,702,2,0.278,0,7,1,20,0
R02625,2025-06-16,786,Clothing,Prepaid,406,3,0.117,0,4,1,30,0
R00715,2025-06-16,704,Beauty,COD,548,4,0.224,0,8,4,0,0
R01170,2025-06-16,536,Electronics,COD,832,8,0.118,0,5,3,10,0
R04869,2025-06-16,936,Home,COD,629,3,0.304,0,7,1,0,0
R04430,2025-06-16,400,Books,Prepaid,956,2,0.091,0,10,1,0,0
R03749,2025-06-16,692,Electronics,COD,134,2,0.149,0,12,2,10,0
R01564,2025-06-16,498,Beauty,COD,511,7,0.255,0,8,2,5,1
R05223,2025-06-16,3795,Clothing,Prepaid,729,4,0.042,0,2,2,0,0
R03520,2025-06-16,912,Clothing,COD,582,6,0.197,0,9,1,50,0
R01081,2025-06-16,2301,Electronics,Prepaid,77,6,0.086,0,3,1,20,0
R03330,2025-06-16,978,Clothing,Prepaid,670,5,0.19,0,9,1,5,1
R04431,2025-06-16,770,Beauty,Prepaid,478,7,0.707,0,6,1,20,1
R05443,2025-06-16,1606,Clothing,COD,402,9,0.027,0,7,1,20,0
R00804,2025-06-16,355,Clothing,Prepaid,394,6,0.219,0,8,2,0,0
R03201,2025-06-16,1334,Electronics,Prepaid,780,2,0.052,0,5,3,5,0
R04640,2025-06-16,5901,Electronics,COD,462,4,0.332,0,4,2,70,0
R00530,2025-06-16,1885,Electronics,COD,779,8,0.173,0,4,1,10,0
R01972,2025-06-16,892,Clothing,Prepaid,422,5,0.117,0,7,1,20,0
R01530,2025-06-16,780,Electronics,Prepaid,639,6,0.554,0,3,3,10,0
R04829,2025-06-16,732,Beauty,COD,214,7,0.099,0,8,2,5,0
R03845,2025-06-16,2948,Home,COD,262,9,0.01,0,3,1,30,0
R01103,2025-06-16,871,Electronics,Prepaid,452,9,0.044,0,10,2,10,0
R02533,2025-06-17,776,Electronics,COD,57,3,0.095,0,11,1,10,0
R05818,2025-06-17,2695,Beauty,Prepaid,242,5,0.189,1,7,1,50,0
R04543,2025-06-17,3286,Home,COD,807,4,0.113,0,8,2,10,0
R01679,2025-06-17,943,Clothing,COD,907,10,0.033,0,6,1,0,0
R03801,2025-06-17,2008,Electronics,Prepaid,548,8,0.131,0,8,1,30,0
R05160,2025-06-17,745,Electronics,Prepaid,597,6,0.118,1,8,2,30,0
R00577,2025-06-17,7690,Beauty,COD,270,10,0.333,0,6,1,10,1
R05931,2025-06-17,626,Home,COD,766,5,0.316,0,10,2,10,0
R01067,2025-06-17,1878,Clothing,COD,681,7,0.035,0,4,2,0,0
R03943,2025-06-17,1556,Electronics,Prepaid,52,5,0.049,0,2,1,30,0
R00024,2025-06-17,773,Home,Prepaid,997,11,0.037,0,6,1,10,0
R00527,2025-06-17,714,Clothing,Prepaid,978,6,0.195,0,7,2,5,0
R05869,2025-06-17,435,Electronics,Prepaid,871,6,0.103,0,12,2,0,0
R05312,2025-06-17,1031,Clothing,COD,595,5,0.35,0,4,1,30,1
R02570,2025-06-17,2468,Beauty,Prepaid,852,5,0.09,0,10,2,5,0
R02612,2025-06-17,818,Home,Prepaid,3,4,0.12,0,7,2,0,1
R00421,2025-06-17,1188,Beauty,COD,256,11,0.249,0,1,1,20,0
R02166,2025-06-17,395,Home,Prepaid,924,3,0.292,0,4,2,0,0
R04295,2025-06-17,2799,Home,COD,338,4,0.099,0,10,1,0,0
R02624,2025-06-17,3236,Home,Prepaid,14,13,0.158,0,12,1,20,0
R05640,2025-06-17,1227,Clothing,Prepaid,483,3,0.144,0,11,2,20,0
R04988,2025-06-17,1888,Books,Prepaid,33,4,0.295,0,1,1,5,0
R00499,2025-06-17,967,Electronics,Prepaid,845,11,0.334,1,12,2,5,0
R01182,2025-06-17,1113,Clothing,Prepaid,108,9,0.373,0,3,1,0,0
R01623,2025-06-17,456,Home,Prepaid,634,4,0.457,0,11,2,20,0
R00586,2025-06-17,569,Beauty,Prepaid,467,3,0.245,0,10,2,30,0
R03892,2025-06-17,724,Clothing,Prepaid,59,4,0.187,1,4,1,5,0
R01990,2025-06-17,473,Clothing,Prepaid,872,6,0.245,0,7,2,10,0
R03642,2025-06-17,384,Beauty,Prepaid,490,7,0.404,0,5,1,5,0
R05983,2025-06-17,791,Home,Prepaid,826,4,0.475,0,12,2,0,0
R03495,2025-06-17,456,Beauty,Prepaid,665,6,0.186,0,9,1,0,0
R03900,2025-06-17,1364,Books,COD,840,6,0.078,0,7,3,5,0
R00862,2025-06-17,2553,Clothing,Prepaid,739,2,0.171,1,1,3,20,0
R00438,2025-06-17,1079,Clothing,Prepaid,858,5,0.195,0,7,3,5,0
R00452,2025-06-17,2288,Electronics,COD,809,6,0.014,0,5,2,5,0
R04979,2025-06-17,848,Books,Prepaid,741,6,0.753,0,11,1,30,0
R00264,2025-06-17,2672,Electronics,Prepaid,531,7,0.159,1,6,1,0,1
R04232,2025-06-17,1186,Clothing,Prepaid,426,5,0.219,0,3,1,5,0
R01262,2025-06-17,1323,Beauty,Prepaid,453,2,0.115,0,10,3,10,0
R04369,2025-06-17,2138,Books,Prepaid,851,5,0.116,1,12,2,5,0
R03605,2025-06-17,215,Home,COD,32,10,0.096,0,6,2,10,0
R03276,2025-06-17,1058,Home,COD,341,5,0.353,0,1,2,20,0
R03972,2025-06-17,626,Electronics,COD,692,10,0.093,1,10,1,20,0
R02831,2025-06-17,1136,Home,COD,181,10,0.056,0,9,2,20,0
R05901,2025-06-18,1881,Clothing,Prepaid,804,7,0.511,0,10,1,70,0
R02572,2025-06-18,1061,Clothing,Prepaid,895,5,0.166,0,12,2,30,0
R04088,2025-06-18,591,Clothing,COD,406,9,0.384,0,2,1,10,0
R05804,2025-06-18,918,Clothing,COD,317,14,0.071,1,12,5,0,0
R04851,2025-06-18,1410,Electronics,Prepaid,38,6,0.207,1,2,2,10,0
R03734,2025-06-18,766,Beauty,Prepaid,722,7,0.469,0,8,1,70,1
R04840,2025-06-18,150,Clothing,Prepaid,3,8,0.293,0,11,3,50,1
R02228,2025-06-18,2390,Clothing,Prepaid,512,7,0.225,0,11,1,0,0
R04132,2025-06-18,1655,Home,Prepaid,526,5,0.119,0,6,1,5,0
R02493,2025-06-18,1115,Clothing,COD,804,6,0.247,0,4,1,10,0
R01143,2025-06-18,1658,Clothing,COD,127,8,0.044,0,7,1,50,0
R02413,2025-06-18,585,Clothing,Prepaid,669,4,0.151,0,8,1,5,0
R05977,2025-06-18,769,Clothing,COD,878,4,0.288,0,2,1,5,0
R05651,2025-06-18,870,Clothing,Prepaid,450,4,0.049,0,12,1,30,0
R02500,2025-06-18,6178,Clothing,COD,720,9,0.03,0,1,3,20,0
R05738,2025-06-18,1235,Clothing,Prepaid,991,4,0.128,0,4,2,0,0
R03643,2025-06-18,554,Clothing,COD,530,7,0.123,0,8,1,20,0
R03896,2025-06-18,749,Clothing,Prepaid,131,6,0.304,0,9,1,10,0
R04820,2025-06-18,2994,Electronics,Prepaid,670,9,0.137,0,12,1,0,0
R00722,2025-06-18,2303,Electronics,Prepaid,630,8,0.39,0,2,1,0,0
R00491,2025-06-18,769,Home,COD,442,9,0.084,0,7,1,5,0
R04989,2025-06-18,649,Home,Prepaid,392,9,0.431,1,12,2,5,0
R00693,2025-06-18,1364,Clothing,Prepaid,525,7,0.19,0,11,1,20,1
R05157,2025-06-18,605,Beauty,Prepaid,388,7,0.56,0,5,2,20,0
R01977,2025-06-18,964,Electronics,Prepaid,567,11,0.029,0,9,1,0,0
R03313,2025-06-18,955,Books,COD,928,3,0.34,0,11,2,30,0
R02675,2025-06-18,3342,Electronics,COD,682,4,0.243,0,4,2,0,1
R04380,2025-06-18,3301,Electronics,Prepaid,825,3,0.169,0,12,1,0,0
R00470,2025-06-18,1922,Books,COD,613,8,0.006,1,5,1,50,0
R02733,2025-06-18,360,Home,Prepaid,726,10,0.275,0,5,1,70,0
R04292,2025-06-18,499,Clothing,Prepaid,793,2,0.281,0,7,1,10,0
R05948,2025-06-18,784,Home,Prepaid,182,8,0.055,0,11,2,50,0
R01516,2025-06-18,4071,Clothing,COD,215,6,0.165,0,12,2,0,0
R04273,2025-06-18,897,Clothing,Prepaid,454,2,0.091,0,2,1,30,0
R04268,2025-06-18,591,Home,COD,554,7,0.046,0,3,1,5,0
R04436,2025-06-18,2624,Electronics,Prepaid,733,5,0.153,0,9,1,20,0
R03114,2025-06-18,418,Books,COD,632,8,0.11,0,3,1,10,0
R01533,2025-06-18,2237,Home,COD,606,3,0.101,0,4,2,10,0
R02887,2025-06-18,1713,Clothing,Prepaid,234,4,0.447,0,1,2,5,0
R03003,2025-06-18,1486,Home,COD,272,5,0.152,0,9,1,5,0
R01273,2025-06-18,1906,Beauty,Prepaid,730,2,0.061,0,3,1,0,0
R01751,2025-06-18,1283,Clothing,COD,138,10,0.327,0,10,1,20,1
R05248,2025-06-18,1073,Clothing,COD,180,10,0.643,0,10,1,5,1
R02862,2025-06-18,720,Clothing,Prepaid,820,6,0.188,0,4,2,0,1
R02169,2025-06-19,918,Clothing,Prepaid,248,5,0.352,0,10,2,0,0
R02942,2025-06-19,1399,Home,Prepaid,446,9,0.363,0,5,1,5,0
R05949,2025-06-19,1184,Electronics,Prepaid,153,4,0.121,0,10,2,30,1
R01447,2025-06-19,749,Electronics,Prepaid,27,7,0.195,0,11,3,0,0
R00319,2025-06-19,436,Clothing,Prepaid,470,5,0.161,0,2,2,10,0
R04477,2025-06-19,822,Electronics,Prepaid,759,8,0.103,0,5,1,0,1
R02148,2025-06-19,210,Electronics,COD,296,8,0.306,0,3,2,20,0
R00754,2025-06-19,2282,Beauty,COD,987,7,0.252,0,7,3,10,0
R00286,2025-06-19,5242,Home,COD,543,5,0.432,0,2,1,5,1
R03352,2025-06-19,2465,Books,Prepaid,450,2,0.548,0,12,1,0,0
R00382,2025-06-19,368,Beauty,COD,497,2,0.298,0,7,4,10,0
R02289,2025-06-19,1116,Clothing,COD,851,8,0.115,0,6,2,50,0
R01443,2025-06-19,3394,Beauty,Prepaid,773,6,0.1,1,6,2,10,0
R03921,2025-06-19,4249,Beauty,Prepaid,411,1,0.391,0,1,2,5,0
R02953,2025-06-19,1644,Electronics,COD,784,10,0.069,0,9,2,5,1
R02458,2025-06-19,805,Home,COD,638,4,0.154,0,8,1,10,0
R03743,2025-06-19,496,Clothing,COD,29,6,0.08,0,11,2,0,1
R05197,2025-06-19,925,Home,COD,252,3,0.405,0,1,1,30,0
R04404,2025-06-19,1374,Electronics,Prepaid,70,4,0.409,0,10,1,20,1
R01766,2025-06-19,1864,Clothing,COD,537,5,0.174,0,7,2,0,0
R02695,2025-06-19,1515,Beauty,COD,59,6,0.313,0,10,1,0,0
R02782,2025-06-19,427,Books,Prepaid,272,3,0.797,0,4,2,0,0
R05016,2025-06-19,9044,Clothing,COD,651,6,0.141,0,10,1,10,1
R03172,2025-06-19,2081,Electronics,Prepaid,180,6,0.235,0,3,1,5,0
R00764,2025-06-19,1256,Clothing,COD,764,5,0.323,1,2,1,20,0
R02791,2025-06-19,939,Beauty,Prepaid,459,3,0.302,0,4,2,0,0
R05399,2025-06-19,2701,Books,COD,775,5,0.438,1,12,2,10,0
R02233,2025-06-19,2198,Electronics,COD,459,6,0.174,0,12,1,20,0
R02878,2025-06-19,1159,Clothing,COD,526,4,0.285,1,2,1,50,1
R00409,2025-06-19,1280,Electronics,Prepaid,728,11,0.243,0,4,1,20,0
R05578,2025-06-19,716,Clothing,COD,486,7,0.207,0,6,2,0,1
R00680,2025-06-19,360,Clothing,COD,720,4,0.076,0,1,3,50,0
R02631,2025-06-19,932,Electronics,Prepaid,694,6,0.243,0,5,1,10,0
R03553,2025-06-19,272,Beauty,Prepaid,349,6,0.006,0,5,1,50,0
R05099,2025-06-19,1456,Electronics,Prepaid,576,7,0.052,0,11,2,10,0
R03439,2025-06-19,2942,Beauty,Prepaid,321,5,0.217,0,9,1,0,0
R00181,2025-06-19,698,Books,COD,144,2,0.46,1,1,2,70,1
R04208,2025-06-19,2093,Clothing,Prepaid,314,13,0.001,1,8,1,30,0
R00348,2025-06-19,3288,Home,Prepaid,780,8,0.131,0,9,2,0,0
R02649,2025-06-19,1518,Electronics,COD,109,8,0.169,0,10,3,0,1
R01109,2025-06-20,1715,Books,Prepaid,98,8,0.245,0,3,2,5,0
R01910,2025-06-20,4358,Clothing,Prepaid,77,6,0.171,0,9,1,30,0
R01874,2025-06-20,1368,Home,COD,305,6,0.044,0,9,1,0,0
R03705,2025-06-20,2842,Electronics,COD,91,7,0.169,0,7,2,30,0
R02097,2025-06-20,1804,Home,COD,65,5,0.324,0,6,1,70,0
R02828,2025-06-20,2068,Clothing,COD,755,3,0.065,0,3,2,10,1
R00081,2025-06-20,1714,Clothing,Prepaid,575,8,0.437,0,6,1,10,0
R04074,2025-06-20,3310,Electronics,COD,857,6,0.055,1,9,4,0,1
R01837,2025-06-20,4459,Clothing,COD,107,2,0.255,0,6,1,30,0
R05397,2025-06-20,1039,Electronics,Prepaid,431,6,0.249,0,9,1,5,0
R03310,2025-06-20,282,Home,COD,684,4,0.051,1,9,3,50,1
R05014,2025-06-20,1005,Electronics,Prepaid,621,5,0.221,1,9,1,5,0
R04381,2025-06-20,1619,Electronics,COD,113,8,0.53,0,11,2,5,0
R05712,2025-06-20,1663,Clothing,Prepaid,187,9,0.18,0,2,1,0,0
R01681,2025-06-20,5549,Books,Prepaid,822,4,0.249,0,1,2,20,0
R05198,2025-06-20,299,Clothing,COD,668,8,0.365,0,3,1,0,0
R01689,2025-06-20,2504,Beauty,Prepaid,597,10,0.087,0,6,1,5,0
R00936,2025-06-20,793,Clothing,COD,453,5,0.117,0,9,1,5,0
R03688,2025-06-20,1707,Beauty,COD,525,5,0.19,0,9,1,5,0
R04960,2025-06-20,1625,Books,COD,13,6,0.067,0,7,1,0,0
R03956,2025-06-20,3327,Electronics,COD,711,6,0.231,0,10,1,10,1
R05776,2025-06-20,620,Clothing,COD,509,6,0.375,0,1,1,20,0
R02713,2025-06-20,641,Books,COD,675,6,0.08,1,5,4,10,0
R04965,2025-06-20,385,Clothing,Prepaid,841,6,0.117,0,9,1,5,0
R03186,2025-06-21,1293,Home,COD,274,6,0.197,0,5,2,0,1
R01727,2025-06-21,1075,Beauty,Prepaid,534,8,0.145,0,3,2,5,0
R02221,2025-06-21,1242,Clothing,COD,428,10,0.301,0,10,1,20,1
R05108,2025-06-21,735,Beauty,COD,318,6,0.225,1,6,2,5,0
R04438,2025-06-21,609,Electronics,COD,829,7,0.105,0,9,1,10,0
R03961,2025-06-21,2016,Electronics,COD,948,2,0.479,0,8,2,20,1
R04602,2025-06-21,3804,Books,COD,421,4,0.167,0,3,4,10,0
R02918,2025-06-21,486,Beauty,Prepaid,561,8,0.125,0,2,2,5,0
R02908,2025-06-21,2542,Home,Prepaid,779,7,0.378,0,7,2,0,0
R02028,2025-06-21,833,Clothing,Prepaid,144,4,0.133,0,12,1,5,0
R00383,2025-06-21,1008,Books,Prepaid,553,3,0.368,0,9,2,0,0
R04237,2025-06-21,1326,Electronics,COD,849,9,0.652,0,6,1,30,0
R03441,2025-06-21,1924,Electronics,Prepaid,500,14,0.224,1,5,1,0,0
R04468,2025-06-21,150,Clothing,Prepaid,648,8,0.394,0,10,2,0,0
R02397,2025-06-21,502,Clothing,Prepaid,177,8,0.541,0,3,2,70,0
R00763,2025-06-21,483,Clothing,Prepaid,262,12,0.1,0,3,2,0,0
R00571,2025-06-21,1542,Beauty,COD,98,6,0.203,1,4,2,10,0
R02620,2025-06-21,2809,Clothing,COD,97,3,0.086,0,12,1,10,0
R02054,2025-06-21,629,Clothing,COD,27,6,0.264,0,12,1,50,0
R04911,2025-06-21,338,Books,Prepaid,353,5,0.371,0,7,2,0,0
R00926,2025-06-21,344,Home,Prepaid,479,5,0.186,1,5,2,0,0
R03462,2025-06-21,4851,Home,COD,158,8,0.397,0,6,2,0,0
R00949,2025-06-21,2665,Beauty,Prepaid,215,8,0.402,0,9,1,30,1
R05382,2025-06-21,2804,Home,COD,784,6,0.151,0,7,1,0,0
R00965,2025-06-21,2948,Electronics,COD,518,5,0.114,0,9,2,5,0
R05501,2025-06-21,792,Clothing,COD,301,7,0.222,0,6,1,70,0
R05532,2025-06-21,4089,Clothing,COD,741,4,0.005,0,2,2,0,0
R04723,2025-06-21,3334,Clothing,Prepaid,470,8,0.237,0,8,1,0,0
R02744,2025-06-21,3932,Beauty,COD,264,6,0.161,0,3,1,30,0
R04122,2025-06-21,2309,Clothing,Prepaid,838,5,0.169,0,7,1,0,0
R00640,2025-06-21,1777,Electronics,COD,773,4,0.027,0,9,2,20,0
R02528,2025-06-21,2785,Clothing,Prepaid,432,9,0.216,0,12,2,30,0
R05057,2025-06-21,2738,Home,Prepaid,984,6,0.298,0,10,2,20,0
R04687,2025-06-21,2639,Electronics,Prepaid,544,8,0.271,1,12,3,5,0
R01421,2025-06-21,620,Clothing,COD,669,2,0.094,0,2,2,0,0
R00694,2025-06-21,1709,Electronics,COD,912,5,0.256,0,10,3,5,1
R05673,2025-06-22,356,Books,Prepaid,421,6,0.154,0,11,2,5,0
R00671,2025-06-22,637,Electronics,COD,648,4,0.065,0,6,1,0,0
R04643,2025-06-22,1285,Clothing,COD,302,5,0.495,1,4,2,5,1
R01784,2025-06-22,1379,Home,COD,457,4,0.175,0,4,1,0,0
R01832,2025-06-22,2489,Clothing,COD,381,5,0.397,0,12,2,10,1
R04199,2025-06-22,1945,Home,COD,26,8,0.223,0,11,1,0,0
R05006,2025-06-22,4148,Home,Prepaid,263,11,0.203,0,11,1,0,0
R03902,2025-06-22,1257,Electronics,Prepaid,287,4,0.112,0,9,1,5,0
R01440,2025-06-22,374,Clothing,COD,839,3,0.375,0,7,3,20,0
R02122,2025-06-22,759,Clothing,Prepaid,695,5,0.057,0,2,2,0,0
R02165,2025-06-22,3203,Home,Prepaid,358,11,0.164,0,2,3,5,0
R02389,2025-06-22,1820,Electronics,COD,207,1,0.119,0,10,2,5,0
R00293,2025-06-22,4038,Home,Prepaid,414,4,0.194,0,10,4,10,0
R00448,2025-06-22,1782,Beauty,Prepaid,554,4,0.141,0,9,4,10,0
R03840,2025-06-22,187,Beauty,Prepaid,495,9,0.002,0,6,1,0,0
R01934,2025-06-22,1730,Clothing,Prepaid,318,3,0.044,0,8,1,10,0
R02387,2025-06-22,599,Clothing,COD,610,11,0.275,1,1,2,30,0
R00340,2025-06-22,1441,Electronics,COD,334,4,0.09,0,6,1,5,0
R01295,2025-06-22,642,Beauty,COD,232,3,0.153,0,3,2,20,0
R04006,2025-06-22,586,Electronics,Prepaid,435,5,0.119,0,12,2,30,0
R01930,2025-06-22,1310,Clothing,COD,731,5,0.109,0,10,1,0,0
R00776,2025-06-22,1117,Electronics,COD,457,2,0.129,0,7,1,0,0
R05200,2025-06-22,2004,Clothing,Prepaid,332,2,0.216,0,5,1,0,0
R01269,2025-06-22,995,Beauty,Prepaid,31,8,0.342,0,1,1,50,1
R03575,2025-06-22,2419,Electronics,Prepaid,624,4,0.161,1,9,1,0,0
R04599,2025-06-22,978,Electronics,COD,458,3,0.217,0,2,3,20,0
R04982,2025-06-23,2973,Beauty,COD,703,4,0.225,1,6,2,70,1
R03004,2025-06-23,346,Clothing,Prepaid,229,7,0.414,0,5,1,50,0
R03383,2025-06-23,1429,Home,Prepaid,56,9,0.325,0,12,2,5,0
R05070,2025-06-23,1414,Books,Prepaid,15,7,0.274,0,3,2,0,0
R00684,2025-06-23,821,Electronics,COD,174,2,0.222,1,10,2,10,0
R01939,2025-06-23,482,Home,COD,434,4,0.104,0,2,1,5,0
R03036,2025-06-23,258,Beauty,Prepaid,55,6,0.308,0,4,2,0,0
R03635,2025-06-23,1014,Beauty,COD,728,4,0.221,0,10,1,0,0
R00751,2025-06-23,1905,Clothing,Prepaid,765,8,0.059,0,12,2,10,0
R03488,2025-06-23,870,Home,COD,579,6,0.08,1,12,2,0,0
R05648,2025-06-23,361,Clothing,Prepaid,934,2,0.522,0,12,1,5,0
R04937,2025-06-23,657,Clothing,Prepaid,768,3,0.161,1,2,1,10,0
R00683,2025-06-23,1717,Electronics,Prepaid,441,1,0.191,0,5,1,0,0
R01376,2025-06-23,1124,Clothing,Prepaid,438,6,0.175,0,7,3,20,0
R02731,2025-06-23,395,Clothing,Prepaid,2,5,0.236,0,12,2,0,1
R00274,2025-06-23,2373,Home,Prepaid,116,3,0.733,0,6,1,10,0
R01083,2025-06-23,1665,Home,COD,660,1,0.312,0,10,3,20,1
R05715,2025-06-23,830,Clothing,Prepaid,436,8,0.241,0,7,1,0,0
R00195,2025-06-23,429,Home,Prepaid,846,7,0.026,0,3,2,0,0
R04095,2025-06-23,3627,Home,COD,865,3,0.22,0,12,2,0,0
R03211,2025-06-23,1820,Clothing,Prepaid,785,4,0.27,1,5,1,10,0
R02770,2025-06-23,1556,Beauty,COD,754,3,0.037,0,6,1,30,0
R00649,2025-06-23,415,Clothing,COD,158,3,0.209,0,5,2,30,1
R02543,2025-06-23,851,Home,COD,282,7,0.145,0,6,1,50,1
R01054,2025-06-23,639,Electronics,COD,140,4,0.422,0,5,2,20,0
R03645,2025-06-23,1167,Home,COD,723,8,0.246,0,9,2,0,0
R03753,2025-06-23,2867,Beauty,Prepaid,828,6,0.096,0,12,1,0,0
R04872,2025-06-23,1414,Clothing,COD,335,9,0.155,0,4,1,0,1
R02117,2025-06-23,457,Home,COD,110,4,0.18,1,6,1,20,0
R03839,2025-06-23,287,Books,Prepaid,31,6,0.317,0,5,1,20,0
R01810,2025-06-23,2075,Home,Prepaid,319,14,0.096,0,5,4,0,0
R05898,2025-06-23,940,Clothing,COD,918,6,0.114,0,2,2,5,0
R01448,2025-06-23,1893,Electronics,COD,799,5,0.291,1,10,3,10,0
R05244,2025-06-23,777,Electronics,COD,409,4,0.541,0,1,1,10,0
R00515,2025-06-23,1780,Books,COD,917,4,0.212,1,5,2,5,0
R00451,2025-06-23,1178,Home,Prepaid,636,7,0.139,0,8,1,5,0
R03398,2025-06-23,1002,Clothing,COD,678,9,0.712,1,3,2,20,1
R02837,2025-06-24,202,Beauty,Prepaid,840,5,0.17,0,7,1,70,0
R02143,2025-06-24,1353,Clothing,Prepaid,66,6,0.171,0,12,3,20,0
R01243,2025-06-24,1291,Electronics,COD,446,9,0.103,0,3,3,50,1
R01377,2025-06-24,2250,Home,Prepaid,102,10,0.136,0,7,1,0,0
R00466,2025-06-24,570,Beauty,COD,905,6,0.072,0,12,3,10,0
R03214,2025-06-24,1071,Home,Prepaid,446,5,0.017,0,7,2,5,0
R02677,2025-06-24,579,Clothing,COD,782,4,0.087,0,10,2,0,1
R02513,2025-06-24,2785,Electronics,Prepaid,955,5,0.073,0,6,1,0,0
R00999,2025-06-24,758,Clothing,COD,636,7,0.082,1,11,2,20,0
R04510,2025-06-24,1765,Home,Prepaid,887,4,0.123,0,9,1,0,0
R02668,2025-06-24,1181,Beauty,Prepaid,899,6,0.059,0,10,1,20,0
R03664,2025-06-24,314,Beauty,Prepaid,96,4,0.549,0,7,2,20,0
R02670,2025-06-24,1002,Beauty,Prepaid,396,2,0.18,0,9,1,0,0
R05431,2025-06-24,340,Clothing,COD,95,3,0.152,1,1,2,30,0
R01210,2025-06-24,2286,Clothing,COD,495,6,0.075,0,2,1,0,1
R01700,2025-06-24,389,Beauty,Prepaid,336,5,0.088,0,3,3,70,0
R04987,2025-06-24,1793,Books,COD,933,8,0.855,0,1,2,5,1
R00200,2025-06-24,525,Books,Prepaid,977,6,0.185,0,8,1,0,0
R03689,2025-06-24,470,Electronics,COD,729,7,0.228,1,10,2,10,1
R01223,2025-06-24,3332,Clothing,Prepaid,374,3,0.277,1,3,2,5,0
R01369,2025-06-24,784,Clothing,Prepaid,37,4,0.399,0,3,2,10,1
R02363,2025-06-24,1983,Clothing,Prepaid,40,7,0.188,0,9,1,0,1
R00853,2025-06-24,826,Electronics,COD,680,4,0.171,0,6,1,5,0
R00337,2025-06-24,825,Electronics,COD,498,6,0.218,0,11,2,10,0
R04357,2025-06-24,316,Home,COD,754,9,0.311,0,4,1,50,0
R00503,2025-06-24,1107,Clothing,Prepaid,489,9,0.145,0,1,2,30,0
R05975,2025-06-24,919,Clothing,COD,249,7,0.295,0,2,2,0,1
R02814,2025-06-24,525,Home,Prepaid,769,4,0.645,1,4,2,5,0
R05053,2025-06-24,1351,Books,Prepaid,57,7,0.167,0,10,3,0,0
R00797,2025-06-25,1948,Home,COD,860,4,0.15,0,2,2,5,0
R00609,2025-06-25,2239,Clothing,Prepaid,364,4,0.112,0,11,2,70,0
R05814,2025-06-25,481,Books,COD,119,7,0.085,0,11,3,70,1
R05924,2025-06-25,1007,Electronics,COD,671,8,0.116,0,1,2,10,0
R03283,2025-06-25,2255,Electronics,Prepaid,174,12,0.333,0,8,1,50,0
R01233,2025-06-25,406,Home,COD,203,8,0.211,0,7,1,5,0
R03516,2025-06-25,306,Electronics,Prepaid,449,10,0.233,0,9,1,10,0
R03511,2025-06-25,8498,Beauty,COD,868,8,0.085,1,12,2,10,1
R04793,2025-06-25,2538,Clothing,COD,242,5,0.082,0,11,2,5,1
R02579,2025-06-25,1401,Beauty,Prepaid,640,6,0.577,0,7,2,5,1
R04325,2025-06-25,5799,Home,Prepaid,177,7,0.459,0,1,2,5,0
R02589,2025-06-25,2726,Electronics,COD,918,6,0.143,0,7,1,0,0
R04360,2025-06-25,200,Home,COD,996,10,0.106,0,1,2,10,0
R04364,2025-06-25,3881,Beauty,Prepaid,154,5,0.059,0,7,2,5,0
R00046,2025-06-25,1334,Books,COD,536,5,0.382,0,8,1,0,0
R02599,2025-06-25,702,Home,Prepaid,996,7,0.348,1,11,1,5,0
R02611,2025-06-25,890,Clothing,COD,368,3,0.132,0,6,1,50,0
R04761,2025-06-25,5427,Electronics,Prepaid,306,5,0.053,0,7,1,5,0
R00064,2025-06-25,2452,Beauty,Prepaid,18,6,0.06,0,1,1,20,0
R04582,2025-06-25,3376,Beauty,COD,353,7,0.009,0,1,2,5,0
R05422,2025-06-25,1190,Beauty,Prepaid,466,4,0.483,1,11,3,10,0
R02806,2025-06-25,448,Home,Prepaid,588,14,0.114,0,12,1,0,0
R01567,2025-06-25,3920,Beauty,COD,591,6,0.337,0,1,2,0,1
R00861,2025-06-25,1910,Electronics,COD,265,11,0.52,0,10,1,10,0
R01226,2025-06-25,1373,Beauty,Prepaid,810,11,0.198,0,9,2,0,0
R02840,2025-06-25,686,Clothing,COD,429,9,0.451,0,3,2,30,0
R02542,2025-06-25,514,Electronics,COD,166,5,0.154,0,11,2,0,0
R03908,2025-06-25,808,Beauty,Prepaid,154,7,0.434,1,8,1,70,1
R00959,2025-06-25,1648,Clothing,COD,713,5,0.316,0,11,1,20,0
R03663,2025-06-25,1006,Clothing,Prepaid,661,8,0.03,0,3,1,20,1
R00404,2025-06-25,311,Books,Prepaid,418,8,0.66,0,6,1,20,0
R03944,2025-06-25,781,Home,Prepaid,362,4,0.334,0,3,4,0,0
R00208,2025-06-25,664,Clothing,COD,221,4,0.302,0,7,1,20,0
R03949,2025-06-25,487,Home,COD,197,11,0.045,0,3,1,20,0
R00355,2025-06-25,2047,Electronics,Prepaid,60,4,0.066,1,12,2,50,0
R01955,2025-06-25,1835,Clothing,Prepaid,995,7,0.464,0,11,2,0,0
R00417,2025-06-25,1868,Home,COD,662,11,0.021,0,11,2,10,1
R05094,2025-06-25,1939,Books,Prepaid,138,1,0.256,1,7,3,0,0
R04136,2025-06-25,4448,Home,Prepaid,435,6,0.025,1,11,1,20,0
R03912,2025-06-25,1876,Home,COD,760,5,0.139,0,8,1,10,0
R00441,2025-06-26,687,Clothing,Prepaid,41,5,0.066,1,6,1,20,0
R02750,2025-06-26,513,Books,Prepaid,987,5,0.155,0,2,1,10,0
R01649,2025-06-26,1321,Clothing,COD,55,7,0.057,0,12,1,30,0
R04921,2025-06-26,806,Home,Prepaid,213,6,0.114,1,4,1,0,0
R02388,2025-06-26,163,Clothing,Prepaid,117,2,0.076,0,4,1,30,0
R04835,2025-06-26,1196,Home,Prepaid,520,5,0.215,0,4,2,0,0
R04824,2025-06-26,496,Clothing,Prepaid,60,5,0.108,0,8,1,0,0
R01797,2025-06-26,2735,Clothing,COD,430,11,0.214,0,3,1,10,0
R00012,2025-06-26,1653,Beauty,Prepaid,858,7,0.256,1,6,1,50,0
R02270,2025-06-26,911,Electronics,COD,906,4,0.303,1,9,2,5,0
R05794,2025-06-26,1439,Beauty,Prepaid,187,4,0.149,0,9,3,5,0
R02880,2025-06-26,909,Clothing,Prepaid,828,4,0.422,0,1,2,0,0
R02132,2025-06-26,1819,Clothing,COD,185,11,0.128,0,10,2,5,0
R03685,2025-06-26,241,Clothing,COD,79,3,0.089,0,4,1,0,0
R04154,2025-06-26,947,Home,Prepaid,771,4,0.09,0,2,2,30,0
R02824,2025-06-26,1038,Clothing,Prepaid,393,6,0.233,0,11,2,0,0
R03355,2025-06-26,1846,Clothing,COD,788,5,0.086,0,8,2,5,0
R04137,2025-06-26,6363,Clothing,COD,371,8,0.178,1,10,2,20,1
R03789,2025-06-26,236,Beauty,Prepaid,434,9,0.206,1,9,1,5,0
R05649,2025-06-26,443,Electronics,Prepaid,562,8,0.167,0,1,2,5,0
R00947,2025-06-26,695,Clothing,Prepaid,230,16,0.32,0,11,2,10,1
R01475,2025-06-26,2019,Electronics,COD,975,8,0.055,0,3,1,30,0
R02872,2025-06-26,2411,Clothing,Prepaid,947,8,0.14,0,8,1,5,0
R00325,2025-06-26,554,Home,Prepaid,354,7,0.56,0,6,3,10,0
R02963,2025-06-26,1891,Electronics,Prepaid,215,6,0.091,0,3,1,0,0
R04077,2025-06-27,348,Clothing,Prepaid,488,4,0.21,0,3,1,10,0
R04090,2025-06-27,1280,Clothing,Prepaid,349,7,0.323,0,5,3,0,0
R05998,2025-06-27,1677,Electronics,COD,696,5,0.301,1,12,2,30,1
R04114,2025-06-27,1531,Electronics,COD,531,3,0.004,0,2,2,30,0
R00594,2025-06-27,873,Clothing,Prepaid,780,5,0.347,1,6,1,20,0
R04089,2025-06-27,693,Clothing,Prepaid,755,8,0.112,0,9,2,10,0
R00141,2025-06-27,672,Clothing,COD,404,2,0.183,0,7,1,20,1
R03426,2025-06-27,1511,Clothing,COD,337,10,0.085,1,7,1,0,0
R04317,2025-06-27,1510,Beauty,COD,864,3,0.425,1,5,2,20,1
R03270,2025-06-27,330,Clothing,COD,5,7,0.422,0,2,1,20,1
R03199,2025-06-27,312,Electronics,Prepaid,384,4,0.102,0,4,2,0,0
R02974,2025-06-27,2379,Books,COD,312,1,0.372,1,3,3,5,1
R02230,2025-06-27,709,Clothing,Prepaid,971,9,0.269,0,5,3,0,0
R02627,2025-06-27,2853,Home,COD,985,9,0.258,0,5,1,20,0
R02690,2025-06-27,422,Beauty,Prepaid,3,7,0.141,0,9,2,0,0
R02536,2025-06-27,340,Beauty,COD,231,2,0.067,0,1,1,50,0
R04253,2025-06-27,548,Beauty,COD,82,6,0.155,0,8,2,20,0
R02555,2025-06-27,2650,Home,Prepaid,81,6,0.271,0,6,2,50,0
R01676,2025-06-27,4666,Clothing,Prepaid,78,4,0.333,0,11,1,0,0
R02170,2025-06-27,833,Clothing,Prepaid,402,9,0.557,0,12,2,30,0
R05721,2025-06-27,490,Beauty,Prepaid,456,7,0.138,0,3,3,50,0
R01381,2025-06-27,2357,Electronics,Prepaid,536,6,0.064,0,1,1,30,0
R00851,2025-06-27,709,Electronics,COD,120,10,0.244,1,9,2,0,1
R01250,2025-06-27,2829,Beauty,Prepaid,343,4,0.097,0,1,3,5,1
R01746,2025-06-27,1860,Clothing,Prepaid,463,2,0.302,1,1,1,10,0
R05650,2025-06-27,426,Home,Prepaid,345,6,0.097,1,6,1,50,0
R00894,2025-06-27,3167,Electronics,Prepaid,518,9,0.443,0,9,1,0,0
R05784,2025-06-27,1133,Clothing,Prepaid,855,10,0.361,0,2,2,10,0
R01198,2025-06-27,1182,Beauty,Prepaid,923,11,0.301,0,1,1,5,0
R00914,2025-06-27,737,Electronics,COD,358,5,0.175,0,5,3,20,0
R01830,2025-06-27,3232,Books,COD,295,10,0.259,0,9,1,10,1
R05388,2025-06-28,2713,Home,COD,761,4,0.279,0,3,1,50,0
R03779,2025-06-28,392,Electronics,Prepaid,624,2,0.431,0,7,2,70,0
R01203,2025-06-28,3467,Clothing,COD,313,5,0.184,0,7,3,0,0
R03748,2025-06-28,386,Electronics,COD,780,5,0.367,0,2,1,30,0
R01457,2025-06-28,215,Clothing,Prepaid,429,4,0.111,0,10,1,20,0
R04601,2025-06-28,3185,Books,Prepaid,891,9,0.147,0,11,1,0,0
R04102,2025-06-28,927,Clothing,COD,218,4,0.141,0,1,2,50,1
R04652,2025-06-28,1569,Clothing,COD,991,6,0.077,0,11,1,5,0
R00555,2025-06-28,3837,Clothing,COD,725,10,0.059,0,11,1,0,1
R04524,2025-06-28,7220,Clothing,COD,616,5,0.054,0,5,2,5,0
R03978,2025-06-28,3164,Clothing,Prepaid,350,8,0.191,0,7,1,5,0
R01393,2025-06-28,1120,Electronics,Prepaid,446,6,0.036,0,8,1,5,0
R03785,2025-06-28,1029,Home,Prepaid,149,0,0.117,0,8,3,5,0
R03219,2025-06-28,257,Clothing,Prepaid,225,8,0.394,0,3,5,0,0
R04135,2025-06-28,1481,Clothing,COD,170,9,0.15,0,9,1,10,0
R03361,2025-06-28,1218,Electronics,COD,72,6,0.079,1,8,1,20,0
R03371,2025-06-28,1506,Beauty,Prepaid,12,7,0.021,0,9,2,0,0
R05588,2025-06-28,290,Electronics,COD,585,2,0.233,0,1,3,20,0
R03404,2025-06-28,933,Electronics,COD,834,4,0.146,0,9,1,0,0
R03412,2025-06-28,1318,Beauty,Prepaid,440,6,0.179,0,7,2,0,0
R01246,2025-06-28,1094,Clothing,Prepaid,571,8,0.503,0,12,3,0,0
R03593,2025-06-28,523,Electronics,Prepaid,427,5,0.076,1,3,2,0,0
R03746,2025-06-28,1736,Clothing,COD,276,7,0.114,0,7,1,70,0
R04123,2025-06-28,647,Books,COD,165,3,0.123,0,5,2,10,0
R01570,2025-06-28,2163,Home,Prepaid,537,8,0.211,0,11,3,0,0
R01228,2025-06-28,297,Clothing,COD,335,10,0.124,0,9,1,10,0
R01962,2025-06-28,1743,Clothing,COD,292,6,0.342,1,5,2,10,1
R01828,2025-06-28,498,Electronics,Prepaid,339,5,0.152,0,10,1,0,0
R02035,2025-06-28,150,Home,Prepaid,97,6,0.26,0,9,1,10,0
R02039,2025-06-28,1098,Beauty,Prepaid,257,6,0.462,1,6,1,5,1
R02379,2025-06-28,3042,Clothing,Prepaid,370,8,0.106,0,7,2,10,0
R00772,2025-06-28,1258,Books,Prepaid,641,6,0.204,0,3,1,0,0
R04774,2025-06-28,665,Books,Prepaid,757,4,0.077,0,6,2,20,0
R04963,2025-06-28,1171,Home,Prepaid,774,2,0.231,0,2,4,0,1
R01747,2025-06-28,306,Electronics,Prepaid,949,5,0.092,0,11,2,10,0
R01707,2025-06-28,339,Clothing,Prepaid,295,6,0.487,0,6,1,0,0
R05790,2025-06-28,2821,Beauty,Prepaid,358,6,0.17,0,9,1,10,0
R02653,2025-06-28,558,Home,Prepaid,275,4,0.093,0,10,2,20,0
R05882,2025-06-28,191,Books,Prepaid,767,6,0.284,0,11,1,30,0
R04266,2025-06-29,1048,Clothing,Prepaid,235,7,0.263,0,9,2,10,0
R00356,2025-06-29,699,Electronics,COD,423,4,0.262,0,3,1,20,0
R03238,2025-06-29,917,Home,COD,662,5,0.057,0,9,1,20,0
R04993,2025-06-29,313,Clothing,Prepaid,975,6,0.562,1,4,2,20,0
R03279,2025-06-29,1492,Beauty,Prepaid,367,5,0.095,0,12,1,0,0
R04216,2025-06-29,465,Clothing,COD,112,6,0.25,0,6,2,10,0
R00265,2025-06-29,1019,Clothing,COD,270,6,0.071,0,7,1,30,0
R05540,2025-06-29,899,Clothing,Prepaid,276,5,0.176,0,4,1,0,0
R05887,2025-06-29,211,Clothing,Prepaid,780,4,0.011,0,8,1,0,0
R02376,2025-06-29,1949,Home,COD,543,5,0.053,1,3,1,70,0
R04296,2025-06-29,1650,Books,COD,83,5,0.355,1,5,2,20,0
R01998,2025-06-29,883,Electronics,Prepaid,252,6,0.068,0,12,2,5,0
R02260,2025-06-29,877,Clothing,COD,343,6,0.427,0,1,1,0,0
R02046,2025-06-29,1374,Books,Prepaid,357,7,0.334,0,11,2,0,0
R05113,2025-06-29,308,Books,Prepaid,975,9,0.117,0,11,3,30,0
R03534,2025-06-29,368,Clothing,Prepaid,913,5,0.392,0,3,3,0,0
R03724,2025-06-29,611,Clothing,Prepaid,687,8,0.2,0,6,4,20,0
R04693,2025-06-29,2747,Electronics,COD,479,8,0.246,0,9,1,5,0
R04718,2025-06-29,1172,Beauty,COD,774,4,0.287,0,4,1,5,0
R01626,2025-06-29,2984,Home,Prepaid,721,4,0.111,0,11,1,10,0
R02755,2025-06-29,1428,Clothing,Prepaid,769,3,0.039,0,11,1,20,0
R02768,2025-06-29,2632,Home,Prepaid,768,6,0.305,0,6,1,0,0
R02803,2025-06-29,645,Beauty,Prepaid,858,4,0.15,0,1,3,50,0
R00347,2025-06-29,669,Beauty,COD,946,8,0.326,0,2,1,30,0
R01620,2025-06-29,1674,Electronics,Prepaid,587,8,0.04,0,2,1,5,0
R05302,2025-06-29,1004,Electronics,Prepaid,559,6,0.313,0,11,2,0,0
R02617,2025-06-29,1553,Electronics,COD,241,7,0.284,1,8,2,20,0
R05436,2025-06-29,408,Beauty,Prepaid,983,6,0.238,0,2,2,5,0
R03726,2025-06-29,1173,Electronics,COD,919,5,0.524,1,6,1,10,1
R01082,2025-06-29,1584,Clothing,COD,731,3,0.054,0,12,2,10,0
R00145,2025-06-29,603,Beauty,COD,93,8,0.136,1,2,1,5,0
R05481,2025-06-29,165,Clothing,Prepaid,946,7,0.101,1,4,1,5,0
R05499,2025-06-29,2420,Electronics,Prepaid,141,7,0.224,0,11,1,70,0
R04792,2025-06-29,4630,Electronics,Prepaid,787,5,0.12,1,11,1,50,0
R04521,2025-06-29,6145,Clothing,Prepaid,625,7,0.237,0,5,3,10,0
R05261,2025-06-29,10485,Electronics,Prepaid,709,4,0.305,0,6,1,20,0
R05939,2025-06-29,845,Electronics,Prepaid,672,6,0.255,0,6,1,0,0
R03149,2025-06-29,1378,Books,COD,619,8,0.204,0,3,1,20,1
R05285,2025-06-29,3926,Clothing,Prepaid,95,7,0.368,0,7,3,0,0
R01088,2025-06-29,293,Home,Prepaid,148,3,0.391,0,5,1,50,0
R05808,2025-06-30,1014,Beauty,COD,259,4,0.073,0,8,2,50,0
R01056,2025-06-30,1212,Beauty,COD,320,4,0.15,0,5,2,0,0
R01117,2025-06-30,1558,Home,Prepaid,498,6,0.207,0,4,2,20,0
R01169,2025-06-30,267,Electronics,Prepaid,80,3,0.41,0,11,2,0,1
R03712,2025-06-30,1225,Beauty,COD,262,5,0.253,0,1,4,30,0
R00511,2025-06-30,1466,Books,Prepaid,992,9,0.177,1,6,1,0,0
R05039,2025-06-30,2298,Clothing,Prepaid,8,4,0.136,1,1,1,0,0
R03621,2025-06-30,3169,Beauty,Prepaid,35,6,0.202,0,1,3,5,0
R02173,2025-06-30,167,Beauty,Prepaid,113,2,0.144,0,7,1,50,0
R02218,2025-06-30,933,Clothing,COD,864,7,0.158,0,7,1,10,1
R00401,2025-06-30,1220,Clothing,Prepaid,484,7,0.274,0,5,2,0,0
R02262,2025-06-30,2714,Home,Prepaid,827,10,0.23,1,8,3,10,0
R04882,2025-06-30,880,Clothing,COD,597,7,0.044,0,11,1,20,0
R05140,2025-06-30,407,Clothing,Prepaid,170,4,0.526,0,9,1,5,0
R02520,2025-06-30,742,Home,Prepaid,771,3,0.111,1,3,1,70,0
R00691,2025-06-30,1112,Clothing,COD,47,12,0.218,0,2,1,70,0
R05842,2025-06-30,424,Clothing,COD,202,8,0.121,0,11,3,20,0
R01559,2025-06-30,174,Clothing,Prepaid,435,6,0.231,1,11,1,70,0
R04622,2025-06-30,1163,Beauty,Prepaid,716,3,0.2,0,4,1,5,0
R03649,2025-06-30,724,Books,COD,304,10,0.073,0,9,1,30,0
R01422,2025-06-30,305,Clothing,COD,164,6,0.287,0,4,3,0,1
R04503,2025-06-30,1645,Clothing,Prepaid,610,8,0.235,0,6,1,10,0
R03122,2025-06-30,1853,Electronics,Prepaid,275,13,0.313,0,6,3,0,0
R03158,2025-06-30,968,Clothing,Prepaid,531,6,0.265,1,3,1,20,0
R03175,2025-06-30,3495,Electronics,Prepaid,481,4,0.635,1,6,2,5,1
R04422,2025-06-30,284,Clothing,Prepaid,582,4,0.044,0,2,2,70,0
R03207,2025-06-30,4965,Electronics,COD,472,5,0.044,1,10,1,10,0
R00810,2025-06-30,496,Beauty,Prepaid,701,9,0.445,0,12,1,50,0
R01346,2025-06-30,1596,Books,Prepaid,990,8,0.04,0,12,1,5,0
R01336,2025-06-30,1091,Clothing,Prepaid,507,6,0.333,0,2,1,5,0
R00820,2025-06-30,1579,Beauty,Prepaid,151,8,0.238,0,6,1,0,0
R05602,2025-06-30,1242,Clothing,Prepaid,749,4,0.117,0,8,1,0,0
R02956,2025-06-30,934,Home,Prepaid,253,4,0.217,0,5,1,20,0
R00161,2025-06-30,464,Books,COD,277,6,0.02,0,1,4,10,0
